[2025-08-20 18:44:10,571][__main__][INFO] - =====Running main script=====
[2025-08-20 18:44:10,578][__main__][INFO] - Fetched main configs, save directory : ../outputs/bench_min_1/seed_1/PatchTST_instance_NMSE/
[2025-08-20 18:44:10,578][__main__][INFO] - Model PatchTST, normalization instance, criterion NMSE, kwargs {}
[2025-08-20 18:44:10,611][__main__][INFO] - Fetched dataloaders
[2025-08-20 18:44:10,615][__main__][INFO] - Training data shape : (70, 1, 1000)
[2025-08-20 18:44:10,615][__main__][INFO] - Batch sizes : X=torch.Size([70, 1, 100]), y=torch.Size([70, 1, 20])
[2025-08-20 18:44:12,838][__main__][INFO] - batch_size=70, learning_rate=1e-05, steps per epoch=1, epochs=1000
[2025-08-20 18:44:12,838][__main__][INFO] - Starting training...
[2025-08-20 18:44:12,838][__main__][INFO] - Using device: cuda
[2025-08-20 18:44:12,838][__main__][INFO] - Training 1000 epochs of 1 batches (1000 steps): , eval_freq: 100, print_freq: 100
[2025-08-20 18:44:13,871][__main__][INFO] - Step 1 | valid1 MSE : 1.0060 | valid1 NMSE : 1.7021
[2025-08-20 18:44:15,269][__main__][INFO] - Step 100 | valid1 MSE : 0.2753 | valid1 NMSE : 0.4645
[2025-08-20 18:44:16,805][__main__][INFO] - Step 200 | valid1 MSE : 0.0480 | valid1 NMSE : 0.0809
[2025-08-20 18:44:18,200][__main__][INFO] - Step 300 | valid1 MSE : 0.0073 | valid1 NMSE : 0.0123
[2025-08-20 18:44:19,601][__main__][INFO] - Step 400 | valid1 MSE : 0.0043 | valid1 NMSE : 0.0072
[2025-08-20 18:44:21,138][__main__][INFO] - Step 500 | valid1 MSE : 0.0040 | valid1 NMSE : 0.0068
[2025-08-20 18:44:22,530][__main__][INFO] - Step 600 | valid1 MSE : 0.0039 | valid1 NMSE : 0.0066
[2025-08-20 18:44:24,075][__main__][INFO] - Step 700 | valid1 MSE : 0.0038 | valid1 NMSE : 0.0063
[2025-08-20 18:44:25,464][__main__][INFO] - Step 800 | valid1 MSE : 0.0037 | valid1 NMSE : 0.0062
[2025-08-20 18:44:26,857][__main__][INFO] - Step 900 | valid1 MSE : 0.0036 | valid1 NMSE : 0.0061
[2025-08-20 18:44:28,369][__main__][INFO] - Step 1000 | valid1 MSE : 0.0035 | valid1 NMSE : 0.0059
[2025-08-20 18:44:28,369][__main__][INFO] - Training done in 0.259 min
[2025-08-20 18:44:28,369][__main__][INFO] - Average time per step: 0.016 s
[2025-08-20 18:44:28,390][__main__][INFO] - End of training
[2025-08-20 18:44:29,017][__main__][INFO] - Plotted losses
[2025-08-20 18:44:29,017][__main__][INFO] - Computing test metrics
[2025-08-20 18:44:29,078][__main__][INFO] - Evaluation done in 0.001 min
[2025-08-20 18:44:29,193][__main__][INFO] - Evaluation done in 0.000 min
[2025-08-20 18:44:29,364][__main__][INFO] - Saved plots
[2025-08-20 18:44:29,365][__main__][INFO] - End of script

[2025-08-20 18:44:35,162][__main__][INFO] - =====Running main script=====
[2025-08-20 18:44:35,169][__main__][INFO] - Fetched main configs, save directory : ../outputs/bench_min_1/seed_1/PatchTST_revin_NMSE/
[2025-08-20 18:44:35,169][__main__][INFO] - Model PatchTST, normalization revin, criterion NMSE, kwargs {}
[2025-08-20 18:44:35,201][__main__][INFO] - Fetched dataloaders
[2025-08-20 18:44:35,205][__main__][INFO] - Training data shape : (70, 1, 1000)
[2025-08-20 18:44:35,205][__main__][INFO] - Batch sizes : X=torch.Size([70, 1, 100]), y=torch.Size([70, 1, 20])
[2025-08-20 18:44:37,706][__main__][INFO] - batch_size=70, learning_rate=1e-05, steps per epoch=1, epochs=1000
[2025-08-20 18:44:37,707][__main__][INFO] - Starting training...
[2025-08-20 18:44:37,707][__main__][INFO] - Using device: cuda
[2025-08-20 18:44:37,707][__main__][INFO] - Training 1000 epochs of 1 batches (1000 steps): , eval_freq: 100, print_freq: 100
[2025-08-20 18:44:38,763][__main__][INFO] - Step 1 | valid1 MSE : 1.0060 | valid1 NMSE : 1.7021
[2025-08-20 18:44:40,191][__main__][INFO] - Step 100 | valid1 MSE : 0.2749 | valid1 NMSE : 0.4638
[2025-08-20 18:44:41,765][__main__][INFO] - Step 200 | valid1 MSE : 0.0477 | valid1 NMSE : 0.0803
[2025-08-20 18:44:43,191][__main__][INFO] - Step 300 | valid1 MSE : 0.0073 | valid1 NMSE : 0.0123
[2025-08-20 18:44:44,625][__main__][INFO] - Step 400 | valid1 MSE : 0.0043 | valid1 NMSE : 0.0072
[2025-08-20 18:44:46,175][__main__][INFO] - Step 500 | valid1 MSE : 0.0040 | valid1 NMSE : 0.0068
[2025-08-20 18:44:47,597][__main__][INFO] - Step 600 | valid1 MSE : 0.0039 | valid1 NMSE : 0.0066
[2025-08-20 18:44:49,145][__main__][INFO] - Step 700 | valid1 MSE : 0.0037 | valid1 NMSE : 0.0063
[2025-08-20 18:44:50,559][__main__][INFO] - Step 800 | valid1 MSE : 0.0036 | valid1 NMSE : 0.0062
[2025-08-20 18:44:51,974][__main__][INFO] - Step 900 | valid1 MSE : 0.0036 | valid1 NMSE : 0.0060
[2025-08-20 18:44:53,531][__main__][INFO] - Step 1000 | valid1 MSE : 0.0035 | valid1 NMSE : 0.0059
[2025-08-20 18:44:53,531][__main__][INFO] - Training done in 0.264 min
[2025-08-20 18:44:53,531][__main__][INFO] - Average time per step: 0.016 s
[2025-08-20 18:44:53,553][__main__][INFO] - End of training
[2025-08-20 18:44:54,392][__main__][INFO] - Plotted losses
[2025-08-20 18:44:54,392][__main__][INFO] - Computing test metrics
[2025-08-20 18:44:54,460][__main__][INFO] - Evaluation done in 0.001 min
[2025-08-20 18:44:54,575][__main__][INFO] - Evaluation done in 0.000 min
[2025-08-20 18:44:54,751][__main__][INFO] - Saved plots
[2025-08-20 18:44:54,751][__main__][INFO] - Final mIN parameters: {'beta': np.float32(-0.0019256964), 'alpha': np.float32(1.0044839)}
[2025-08-20 18:44:54,751][__main__][INFO] - End of script

[2025-08-20 18:45:00,059][__main__][INFO] - =====Running main script=====
[2025-08-20 18:45:00,067][__main__][INFO] - Fetched main configs, save directory : ../outputs/bench_min_1/seed_1/min/
[2025-08-20 18:45:00,067][__main__][INFO] - Model PatchTST, normalization mIN, criterion NMSE, kwargs {}
[2025-08-20 18:45:00,104][__main__][INFO] - Fetched dataloaders
[2025-08-20 18:45:00,108][__main__][INFO] - Training data shape : (70, 1, 1000)
[2025-08-20 18:45:00,108][__main__][INFO] - Batch sizes : X=torch.Size([70, 1, 100]), y=torch.Size([70, 1, 20])
[2025-08-20 18:45:02,368][__main__][INFO] - batch_size=70, learning_rate=1e-05, steps per epoch=1, epochs=1000
[2025-08-20 18:45:02,369][__main__][INFO] - Starting training...
[2025-08-20 18:45:02,369][__main__][INFO] - Using device: cuda
[2025-08-20 18:45:02,369][__main__][INFO] - Training 1000 epochs of 1 batches (1000 steps): , eval_freq: 100, print_freq: 100
[2025-08-20 18:45:03,418][__main__][INFO] - Step 1 | valid1 MSE : 1.0060 | valid1 NMSE : 1.7021
[2025-08-20 18:45:04,838][__main__][INFO] - Step 100 | valid1 MSE : 0.2748 | valid1 NMSE : 0.4637
[2025-08-20 18:45:06,396][__main__][INFO] - Step 200 | valid1 MSE : 0.0476 | valid1 NMSE : 0.0802
[2025-08-20 18:45:07,809][__main__][INFO] - Step 300 | valid1 MSE : 0.0073 | valid1 NMSE : 0.0123
[2025-08-20 18:45:09,223][__main__][INFO] - Step 400 | valid1 MSE : 0.0043 | valid1 NMSE : 0.0072
[2025-08-20 18:45:10,765][__main__][INFO] - Step 500 | valid1 MSE : 0.0040 | valid1 NMSE : 0.0068
[2025-08-20 18:45:12,180][__main__][INFO] - Step 600 | valid1 MSE : 0.0039 | valid1 NMSE : 0.0066
[2025-08-20 18:45:13,724][__main__][INFO] - Step 700 | valid1 MSE : 0.0037 | valid1 NMSE : 0.0063
[2025-08-20 18:45:15,132][__main__][INFO] - Step 800 | valid1 MSE : 0.0036 | valid1 NMSE : 0.0062
[2025-08-20 18:45:16,531][__main__][INFO] - Step 900 | valid1 MSE : 0.0036 | valid1 NMSE : 0.0060
[2025-08-20 18:45:18,116][__main__][INFO] - Step 1000 | valid1 MSE : 0.0035 | valid1 NMSE : 0.0059
[2025-08-20 18:45:18,117][__main__][INFO] - Training done in 0.262 min
[2025-08-20 18:45:18,117][__main__][INFO] - Average time per step: 0.016 s
[2025-08-20 18:45:18,138][__main__][INFO] - End of training
[2025-08-20 18:45:18,918][__main__][INFO] - Plotted losses
[2025-08-20 18:45:18,918][__main__][INFO] - Computing test metrics
[2025-08-20 18:45:18,983][__main__][INFO] - Evaluation done in 0.001 min
[2025-08-20 18:45:19,098][__main__][INFO] - Evaluation done in 0.000 min
[2025-08-20 18:45:19,272][__main__][INFO] - Saved plots
[2025-08-20 18:45:19,272][__main__][INFO] - Final mIN parameters: {'beta': np.float32(0.001929061), 'alpha': np.float32(0.99622005)}
[2025-08-20 18:45:19,272][__main__][INFO] - End of script

[2025-08-20 18:45:24,304][__main__][INFO] - =====Running main script=====
[2025-08-20 18:45:24,310][__main__][INFO] - Fetched main configs, save directory : ../outputs/bench_min_1/seed_1/min_init/
[2025-08-20 18:45:24,310][__main__][INFO] - Model PatchTST, normalization mIN, criterion NMSE, kwargs {}
[2025-08-20 18:45:24,340][__main__][INFO] - Fetched dataloaders
[2025-08-20 18:45:24,345][__main__][INFO] - Training data shape : (70, 1, 1000)
[2025-08-20 18:45:24,345][__main__][INFO] - Batch sizes : X=torch.Size([70, 1, 100]), y=torch.Size([70, 1, 20])
[2025-08-20 18:45:26,434][__main__][INFO] - batch_size=70, learning_rate=1e-05, steps per epoch=1, epochs=1000
[2025-08-20 18:45:26,434][__main__][INFO] - Starting training...
[2025-08-20 18:45:26,434][__main__][INFO] - Using device: cuda
[2025-08-20 18:45:26,434][__main__][INFO] - Training 1000 epochs of 1 batches (1000 steps): , eval_freq: 100, print_freq: 100
[2025-08-20 18:45:27,504][__main__][INFO] - Step 1 | valid1 MSE : 0.6090 | valid1 NMSE : 1.0277
[2025-08-20 18:45:28,919][__main__][INFO] - Step 100 | valid1 MSE : 0.0722 | valid1 NMSE : 0.1213
[2025-08-20 18:45:30,470][__main__][INFO] - Step 200 | valid1 MSE : 0.0067 | valid1 NMSE : 0.0113
[2025-08-20 18:45:31,876][__main__][INFO] - Step 300 | valid1 MSE : 0.0040 | valid1 NMSE : 0.0068
[2025-08-20 18:45:33,278][__main__][INFO] - Step 400 | valid1 MSE : 0.0038 | valid1 NMSE : 0.0064
[2025-08-20 18:45:34,842][__main__][INFO] - Step 500 | valid1 MSE : 0.0036 | valid1 NMSE : 0.0061
[2025-08-20 18:45:36,263][__main__][INFO] - Step 600 | valid1 MSE : 0.0035 | valid1 NMSE : 0.0060
[2025-08-20 18:45:37,809][__main__][INFO] - Step 700 | valid1 MSE : 0.0034 | valid1 NMSE : 0.0058
[2025-08-20 18:45:39,221][__main__][INFO] - Step 800 | valid1 MSE : 0.0033 | valid1 NMSE : 0.0056
[2025-08-20 18:45:40,619][__main__][INFO] - Step 900 | valid1 MSE : 0.0033 | valid1 NMSE : 0.0055
[2025-08-20 18:45:42,189][__main__][INFO] - Step 1000 | valid1 MSE : 0.0032 | valid1 NMSE : 0.0054
[2025-08-20 18:45:42,190][__main__][INFO] - Training done in 0.263 min
[2025-08-20 18:45:42,190][__main__][INFO] - Average time per step: 0.016 s
[2025-08-20 18:45:42,210][__main__][INFO] - End of training
[2025-08-20 18:45:42,988][__main__][INFO] - Plotted losses
[2025-08-20 18:45:42,988][__main__][INFO] - Computing test metrics
[2025-08-20 18:45:43,049][__main__][INFO] - Evaluation done in 0.001 min
[2025-08-20 18:45:43,165][__main__][INFO] - Evaluation done in 0.000 min
[2025-08-20 18:45:43,337][__main__][INFO] - Saved plots
[2025-08-20 18:45:43,338][__main__][INFO] - Final mIN parameters: {'beta': np.float32(0.7822245), 'alpha': np.float32(0.9412938)}
[2025-08-20 18:45:43,338][__main__][INFO] - End of script

[2025-08-20 18:45:48,861][__main__][INFO] - =====Running main script=====
[2025-08-20 18:45:48,867][__main__][INFO] - Fetched main configs, save directory : ../outputs/bench_min_1/seed_1/min_fixed/
[2025-08-20 18:45:48,867][__main__][INFO] - Model PatchTST, normalization mIN, criterion NMSE, kwargs {}
[2025-08-20 18:45:48,897][__main__][INFO] - Fetched dataloaders
[2025-08-20 18:45:48,902][__main__][INFO] - Training data shape : (70, 1, 1000)
[2025-08-20 18:45:48,902][__main__][INFO] - Batch sizes : X=torch.Size([70, 1, 100]), y=torch.Size([70, 1, 20])
[2025-08-20 18:45:51,272][__main__][INFO] - batch_size=70, learning_rate=1e-05, steps per epoch=1, epochs=1000
[2025-08-20 18:45:51,272][__main__][INFO] - Starting training...
[2025-08-20 18:45:51,272][__main__][INFO] - Using device: cuda
[2025-08-20 18:45:51,272][__main__][INFO] - Training 1000 epochs of 1 batches (1000 steps): , eval_freq: 100, print_freq: 100
[2025-08-20 18:45:52,326][__main__][INFO] - Step 1 | valid1 MSE : 0.6090 | valid1 NMSE : 1.0277
[2025-08-20 18:45:53,744][__main__][INFO] - Step 100 | valid1 MSE : 0.0723 | valid1 NMSE : 0.1214
[2025-08-20 18:45:55,305][__main__][INFO] - Step 200 | valid1 MSE : 0.0067 | valid1 NMSE : 0.0113
[2025-08-20 18:45:56,718][__main__][INFO] - Step 300 | valid1 MSE : 0.0040 | valid1 NMSE : 0.0068
[2025-08-20 18:45:58,134][__main__][INFO] - Step 400 | valid1 MSE : 0.0038 | valid1 NMSE : 0.0064
[2025-08-20 18:45:59,691][__main__][INFO] - Step 500 | valid1 MSE : 0.0036 | valid1 NMSE : 0.0061
[2025-08-20 18:46:01,088][__main__][INFO] - Step 600 | valid1 MSE : 0.0035 | valid1 NMSE : 0.0060
[2025-08-20 18:46:02,604][__main__][INFO] - Step 700 | valid1 MSE : 0.0034 | valid1 NMSE : 0.0058
[2025-08-20 18:46:03,999][__main__][INFO] - Step 800 | valid1 MSE : 0.0033 | valid1 NMSE : 0.0056
[2025-08-20 18:46:05,396][__main__][INFO] - Step 900 | valid1 MSE : 0.0033 | valid1 NMSE : 0.0055
[2025-08-20 18:46:06,940][__main__][INFO] - Step 1000 | valid1 MSE : 0.0032 | valid1 NMSE : 0.0054
[2025-08-20 18:46:06,940][__main__][INFO] - Training done in 0.261 min
[2025-08-20 18:46:06,940][__main__][INFO] - Average time per step: 0.016 s
[2025-08-20 18:46:06,960][__main__][INFO] - End of training
[2025-08-20 18:46:07,772][__main__][INFO] - Plotted losses
[2025-08-20 18:46:07,772][__main__][INFO] - Computing test metrics
[2025-08-20 18:46:07,832][__main__][INFO] - Evaluation done in 0.001 min
[2025-08-20 18:46:07,947][__main__][INFO] - Evaluation done in 0.000 min
[2025-08-20 18:46:08,121][__main__][INFO] - Saved plots
[2025-08-20 18:46:08,121][__main__][INFO] - Final mIN parameters: {'beta': np.float32(0.7805), 'alpha': np.float32(0.9412937)}
[2025-08-20 18:46:08,121][__main__][INFO] - End of script

[2025-08-20 18:46:13,136][__main__][INFO] - =====Running main script=====
[2025-08-20 18:46:13,142][__main__][INFO] - Fetched main configs, save directory : ../outputs/bench_min_1/seed_1/min+revin/
[2025-08-20 18:46:13,142][__main__][INFO] - Model PatchTST, normalization mIN, criterion NMSE, kwargs {}
[2025-08-20 18:46:13,173][__main__][INFO] - Fetched dataloaders
[2025-08-20 18:46:13,177][__main__][INFO] - Training data shape : (70, 1, 1000)
[2025-08-20 18:46:13,177][__main__][INFO] - Batch sizes : X=torch.Size([70, 1, 100]), y=torch.Size([70, 1, 20])
[2025-08-20 18:46:15,316][__main__][INFO] - batch_size=70, learning_rate=1e-05, steps per epoch=1, epochs=1000
[2025-08-20 18:46:15,317][__main__][INFO] - Starting training...
[2025-08-20 18:46:15,317][__main__][INFO] - Using device: cuda
[2025-08-20 18:46:15,317][__main__][INFO] - Training 1000 epochs of 1 batches (1000 steps): , eval_freq: 100, print_freq: 100
[2025-08-20 18:46:16,401][__main__][INFO] - Step 1 | valid1 MSE : 1.0060 | valid1 NMSE : 1.7021
[2025-08-20 18:46:17,842][__main__][INFO] - Step 100 | valid1 MSE : 0.2744 | valid1 NMSE : 0.4630
[2025-08-20 18:46:19,438][__main__][INFO] - Step 200 | valid1 MSE : 0.0473 | valid1 NMSE : 0.0796
[2025-08-20 18:46:20,877][__main__][INFO] - Step 300 | valid1 MSE : 0.0072 | valid1 NMSE : 0.0122
[2025-08-20 18:46:22,321][__main__][INFO] - Step 400 | valid1 MSE : 0.0043 | valid1 NMSE : 0.0072
[2025-08-20 18:46:23,892][__main__][INFO] - Step 500 | valid1 MSE : 0.0040 | valid1 NMSE : 0.0068
[2025-08-20 18:46:25,323][__main__][INFO] - Step 600 | valid1 MSE : 0.0039 | valid1 NMSE : 0.0066
[2025-08-20 18:46:26,861][__main__][INFO] - Step 700 | valid1 MSE : 0.0037 | valid1 NMSE : 0.0063
[2025-08-20 18:46:28,279][__main__][INFO] - Step 800 | valid1 MSE : 0.0036 | valid1 NMSE : 0.0062
[2025-08-20 18:46:29,700][__main__][INFO] - Step 900 | valid1 MSE : 0.0036 | valid1 NMSE : 0.0060
[2025-08-20 18:46:31,300][__main__][INFO] - Step 1000 | valid1 MSE : 0.0035 | valid1 NMSE : 0.0058
[2025-08-20 18:46:31,300][__main__][INFO] - Training done in 0.266 min
[2025-08-20 18:46:31,300][__main__][INFO] - Average time per step: 0.016 s
[2025-08-20 18:46:31,650][__main__][INFO] - End of training
[2025-08-20 18:46:32,615][__main__][INFO] - Plotted losses
[2025-08-20 18:46:32,615][__main__][INFO] - Computing test metrics
[2025-08-20 18:46:32,679][__main__][INFO] - Evaluation done in 0.001 min
[2025-08-20 18:46:32,794][__main__][INFO] - Evaluation done in 0.001 min
[2025-08-20 18:46:32,984][__main__][INFO] - Saved plots
[2025-08-20 18:46:32,984][__main__][INFO] - Final mIN parameters: {'beta': np.float32(0.0019315646), 'alpha': np.float32(0.9962396)}
[2025-08-20 18:46:32,984][__main__][INFO] - End of script

[2025-08-20 18:46:38,102][__main__][INFO] - =====Running main script=====
[2025-08-20 18:46:38,108][__main__][INFO] - Fetched main configs, save directory : ../outputs/bench_min_1/seed_1/min_init+revin/
[2025-08-20 18:46:38,108][__main__][INFO] - Model PatchTST, normalization mIN, criterion NMSE, kwargs {}
[2025-08-20 18:46:38,139][__main__][INFO] - Fetched dataloaders
[2025-08-20 18:46:38,143][__main__][INFO] - Training data shape : (70, 1, 1000)
[2025-08-20 18:46:38,143][__main__][INFO] - Batch sizes : X=torch.Size([70, 1, 100]), y=torch.Size([70, 1, 20])
[2025-08-20 18:46:40,605][__main__][INFO] - batch_size=70, learning_rate=1e-05, steps per epoch=1, epochs=1000
[2025-08-20 18:46:40,605][__main__][INFO] - Starting training...
[2025-08-20 18:46:40,605][__main__][INFO] - Using device: cuda
[2025-08-20 18:46:40,605][__main__][INFO] - Training 1000 epochs of 1 batches (1000 steps): , eval_freq: 100, print_freq: 100
[2025-08-20 18:46:41,683][__main__][INFO] - Step 1 | valid1 MSE : 0.6090 | valid1 NMSE : 1.0277
[2025-08-20 18:46:43,133][__main__][INFO] - Step 100 | valid1 MSE : 0.0723 | valid1 NMSE : 0.1214
[2025-08-20 18:46:44,742][__main__][INFO] - Step 200 | valid1 MSE : 0.0067 | valid1 NMSE : 0.0113
[2025-08-20 18:46:46,177][__main__][INFO] - Step 300 | valid1 MSE : 0.0040 | valid1 NMSE : 0.0068
[2025-08-20 18:46:47,624][__main__][INFO] - Step 400 | valid1 MSE : 0.0038 | valid1 NMSE : 0.0064
[2025-08-20 18:46:49,215][__main__][INFO] - Step 500 | valid1 MSE : 0.0036 | valid1 NMSE : 0.0061
[2025-08-20 18:46:50,663][__main__][INFO] - Step 600 | valid1 MSE : 0.0035 | valid1 NMSE : 0.0060
[2025-08-20 18:46:52,238][__main__][INFO] - Step 700 | valid1 MSE : 0.0034 | valid1 NMSE : 0.0058
[2025-08-20 18:46:53,686][__main__][INFO] - Step 800 | valid1 MSE : 0.0033 | valid1 NMSE : 0.0056
[2025-08-20 18:46:55,117][__main__][INFO] - Step 900 | valid1 MSE : 0.0033 | valid1 NMSE : 0.0055
[2025-08-20 18:46:56,732][__main__][INFO] - Step 1000 | valid1 MSE : 0.0032 | valid1 NMSE : 0.0054
[2025-08-20 18:46:56,732][__main__][INFO] - Training done in 0.269 min
[2025-08-20 18:46:56,732][__main__][INFO] - Average time per step: 0.016 s
[2025-08-20 18:46:56,753][__main__][INFO] - End of training
[2025-08-20 18:46:57,544][__main__][INFO] - Plotted losses
[2025-08-20 18:46:57,544][__main__][INFO] - Computing test metrics
[2025-08-20 18:46:57,605][__main__][INFO] - Evaluation done in 0.001 min
[2025-08-20 18:46:57,720][__main__][INFO] - Evaluation done in 0.000 min
[2025-08-20 18:46:57,895][__main__][INFO] - Saved plots
[2025-08-20 18:46:57,895][__main__][INFO] - Final mIN parameters: {'beta': np.float32(0.7822102), 'alpha': np.float32(0.94133013)}
[2025-08-20 18:46:57,895][__main__][INFO] - End of script

[2025-08-20 18:47:03,592][__main__][INFO] - =====Running main script=====
[2025-08-20 18:47:03,598][__main__][INFO] - Fetched main configs, save directory : ../outputs/bench_min_1/seed_1/min_fixed+revin/
[2025-08-20 18:47:03,598][__main__][INFO] - Model PatchTST, normalization mIN, criterion NMSE, kwargs {}
[2025-08-20 18:47:03,631][__main__][INFO] - Fetched dataloaders
[2025-08-20 18:47:03,635][__main__][INFO] - Training data shape : (70, 1, 1000)
[2025-08-20 18:47:03,635][__main__][INFO] - Batch sizes : X=torch.Size([70, 1, 100]), y=torch.Size([70, 1, 20])
[2025-08-20 18:47:06,086][__main__][INFO] - batch_size=70, learning_rate=1e-05, steps per epoch=1, epochs=1000
[2025-08-20 18:47:06,086][__main__][INFO] - Starting training...
[2025-08-20 18:47:06,086][__main__][INFO] - Using device: cuda
[2025-08-20 18:47:06,086][__main__][INFO] - Training 1000 epochs of 1 batches (1000 steps): , eval_freq: 100, print_freq: 100
[2025-08-20 18:47:07,171][__main__][INFO] - Step 1 | valid1 MSE : 0.6090 | valid1 NMSE : 1.0277
[2025-08-20 18:47:08,610][__main__][INFO] - Step 100 | valid1 MSE : 0.0723 | valid1 NMSE : 0.1214
[2025-08-20 18:47:10,184][__main__][INFO] - Step 200 | valid1 MSE : 0.0067 | valid1 NMSE : 0.0113
[2025-08-20 18:47:11,607][__main__][INFO] - Step 300 | valid1 MSE : 0.0040 | valid1 NMSE : 0.0068
[2025-08-20 18:47:13,029][__main__][INFO] - Step 400 | valid1 MSE : 0.0038 | valid1 NMSE : 0.0064
[2025-08-20 18:47:14,592][__main__][INFO] - Step 500 | valid1 MSE : 0.0036 | valid1 NMSE : 0.0061
[2025-08-20 18:47:16,025][__main__][INFO] - Step 600 | valid1 MSE : 0.0035 | valid1 NMSE : 0.0060
[2025-08-20 18:47:17,588][__main__][INFO] - Step 700 | valid1 MSE : 0.0034 | valid1 NMSE : 0.0058
[2025-08-20 18:47:19,004][__main__][INFO] - Step 800 | valid1 MSE : 0.0033 | valid1 NMSE : 0.0056
[2025-08-20 18:47:20,410][__main__][INFO] - Step 900 | valid1 MSE : 0.0033 | valid1 NMSE : 0.0055
[2025-08-20 18:47:21,976][__main__][INFO] - Step 1000 | valid1 MSE : 0.0032 | valid1 NMSE : 0.0054
[2025-08-20 18:47:21,977][__main__][INFO] - Training done in 0.265 min
[2025-08-20 18:47:21,977][__main__][INFO] - Average time per step: 0.016 s
[2025-08-20 18:47:21,997][__main__][INFO] - End of training
[2025-08-20 18:47:22,773][__main__][INFO] - Plotted losses
[2025-08-20 18:47:22,773][__main__][INFO] - Computing test metrics
[2025-08-20 18:47:22,833][__main__][INFO] - Evaluation done in 0.001 min
[2025-08-20 18:47:22,947][__main__][INFO] - Evaluation done in 0.000 min
[2025-08-20 18:47:23,124][__main__][INFO] - Saved plots
[2025-08-20 18:47:23,124][__main__][INFO] - Final mIN parameters: {'beta': np.float32(0.7805), 'alpha': np.float32(0.9413303)}
[2025-08-20 18:47:23,124][__main__][INFO] - End of script

[2025-08-20 18:47:28,209][__main__][INFO] - =====Running main script=====
[2025-08-20 18:47:28,215][__main__][INFO] - Fetched main configs, save directory : ../outputs/bench_min_1/seed_1/min+gamma/
[2025-08-20 18:47:28,215][__main__][INFO] - Model PatchTST, normalization mIN, criterion NMSE, kwargs {}
[2025-08-20 18:47:28,246][__main__][INFO] - Fetched dataloaders
[2025-08-20 18:47:28,250][__main__][INFO] - Training data shape : (70, 1, 1000)
[2025-08-20 18:47:28,250][__main__][INFO] - Batch sizes : X=torch.Size([70, 1, 100]), y=torch.Size([70, 1, 20])
[2025-08-20 18:47:30,455][__main__][INFO] - batch_size=70, learning_rate=1e-05, steps per epoch=1, epochs=1000
[2025-08-20 18:47:30,456][__main__][INFO] - Starting training...
[2025-08-20 18:47:30,456][__main__][INFO] - Using device: cuda
[2025-08-20 18:47:30,456][__main__][INFO] - Training 1000 epochs of 1 batches (1000 steps): , eval_freq: 100, print_freq: 100
[2025-08-20 18:47:31,535][__main__][INFO] - Step 1 | valid1 MSE : 1.0060 | valid1 NMSE : 1.7021
[2025-08-20 18:47:32,969][__main__][INFO] - Step 100 | valid1 MSE : 0.2744 | valid1 NMSE : 0.4630
[2025-08-20 18:47:34,537][__main__][INFO] - Step 200 | valid1 MSE : 0.0473 | valid1 NMSE : 0.0796
[2025-08-20 18:47:35,971][__main__][INFO] - Step 300 | valid1 MSE : 0.0072 | valid1 NMSE : 0.0122
[2025-08-20 18:47:37,399][__main__][INFO] - Step 400 | valid1 MSE : 0.0043 | valid1 NMSE : 0.0072
[2025-08-20 18:47:38,961][__main__][INFO] - Step 500 | valid1 MSE : 0.0040 | valid1 NMSE : 0.0068
[2025-08-20 18:47:40,383][__main__][INFO] - Step 600 | valid1 MSE : 0.0039 | valid1 NMSE : 0.0066
[2025-08-20 18:47:41,951][__main__][INFO] - Step 700 | valid1 MSE : 0.0037 | valid1 NMSE : 0.0063
[2025-08-20 18:47:43,379][__main__][INFO] - Step 800 | valid1 MSE : 0.0036 | valid1 NMSE : 0.0062
[2025-08-20 18:47:44,800][__main__][INFO] - Step 900 | valid1 MSE : 0.0036 | valid1 NMSE : 0.0060
[2025-08-20 18:47:46,395][__main__][INFO] - Step 1000 | valid1 MSE : 0.0035 | valid1 NMSE : 0.0058
[2025-08-20 18:47:46,395][__main__][INFO] - Training done in 0.266 min
[2025-08-20 18:47:46,395][__main__][INFO] - Average time per step: 0.016 s
[2025-08-20 18:47:46,415][__main__][INFO] - End of training
[2025-08-20 18:47:47,182][__main__][INFO] - Plotted losses
[2025-08-20 18:47:47,182][__main__][INFO] - Computing test metrics
[2025-08-20 18:47:47,247][__main__][INFO] - Evaluation done in 0.001 min
[2025-08-20 18:47:47,363][__main__][INFO] - Evaluation done in 0.001 min
[2025-08-20 18:47:47,534][__main__][INFO] - Saved plots
[2025-08-20 18:47:47,534][__main__][INFO] - Final mIN parameters: {'beta': np.float32(0.0019315646), 'alpha': np.float32(0.9962396)}
[2025-08-20 18:47:47,534][__main__][INFO] - End of script

[2025-08-20 18:47:52,650][__main__][INFO] - =====Running main script=====
[2025-08-20 18:47:52,656][__main__][INFO] - Fetched main configs, save directory : ../outputs/bench_min_1/seed_1/min_init+gamma/
[2025-08-20 18:47:52,656][__main__][INFO] - Model PatchTST, normalization mIN, criterion NMSE, kwargs {}
[2025-08-20 18:47:52,687][__main__][INFO] - Fetched dataloaders
[2025-08-20 18:47:52,691][__main__][INFO] - Training data shape : (70, 1, 1000)
[2025-08-20 18:47:52,691][__main__][INFO] - Batch sizes : X=torch.Size([70, 1, 100]), y=torch.Size([70, 1, 20])
[2025-08-20 18:47:54,806][__main__][INFO] - batch_size=70, learning_rate=1e-05, steps per epoch=1, epochs=1000
[2025-08-20 18:47:54,806][__main__][INFO] - Starting training...
[2025-08-20 18:47:54,806][__main__][INFO] - Using device: cuda
[2025-08-20 18:47:54,806][__main__][INFO] - Training 1000 epochs of 1 batches (1000 steps): , eval_freq: 100, print_freq: 100
[2025-08-20 18:47:55,883][__main__][INFO] - Step 1 | valid1 MSE : 0.6090 | valid1 NMSE : 1.0277
[2025-08-20 18:47:57,322][__main__][INFO] - Step 100 | valid1 MSE : 0.0723 | valid1 NMSE : 0.1214
[2025-08-20 18:47:58,918][__main__][INFO] - Step 200 | valid1 MSE : 0.0067 | valid1 NMSE : 0.0113
[2025-08-20 18:48:00,358][__main__][INFO] - Step 300 | valid1 MSE : 0.0040 | valid1 NMSE : 0.0068
[2025-08-20 18:48:01,793][__main__][INFO] - Step 400 | valid1 MSE : 0.0038 | valid1 NMSE : 0.0064
[2025-08-20 18:48:03,373][__main__][INFO] - Step 500 | valid1 MSE : 0.0036 | valid1 NMSE : 0.0061
[2025-08-20 18:48:04,802][__main__][INFO] - Step 600 | valid1 MSE : 0.0035 | valid1 NMSE : 0.0060
[2025-08-20 18:48:06,360][__main__][INFO] - Step 700 | valid1 MSE : 0.0034 | valid1 NMSE : 0.0058
[2025-08-20 18:48:07,792][__main__][INFO] - Step 800 | valid1 MSE : 0.0033 | valid1 NMSE : 0.0056
[2025-08-20 18:48:09,214][__main__][INFO] - Step 900 | valid1 MSE : 0.0033 | valid1 NMSE : 0.0055
[2025-08-20 18:48:10,796][__main__][INFO] - Step 1000 | valid1 MSE : 0.0032 | valid1 NMSE : 0.0054
[2025-08-20 18:48:10,796][__main__][INFO] - Training done in 0.267 min
[2025-08-20 18:48:10,797][__main__][INFO] - Average time per step: 0.016 s
[2025-08-20 18:48:10,817][__main__][INFO] - End of training
[2025-08-20 18:48:11,626][__main__][INFO] - Plotted losses
[2025-08-20 18:48:11,626][__main__][INFO] - Computing test metrics
[2025-08-20 18:48:11,687][__main__][INFO] - Evaluation done in 0.001 min
[2025-08-20 18:48:11,804][__main__][INFO] - Evaluation done in 0.000 min
[2025-08-20 18:48:11,982][__main__][INFO] - Saved plots
[2025-08-20 18:48:11,982][__main__][INFO] - Final mIN parameters: {'beta': np.float32(0.7822102), 'alpha': np.float32(0.94133013)}
[2025-08-20 18:48:11,982][__main__][INFO] - End of script

[2025-08-20 18:48:17,625][__main__][INFO] - =====Running main script=====
[2025-08-20 18:48:17,630][__main__][INFO] - Fetched main configs, save directory : ../outputs/bench_min_1/seed_1/min_fixed+gamma/
[2025-08-20 18:48:17,631][__main__][INFO] - Model PatchTST, normalization mIN, criterion NMSE, kwargs {}
[2025-08-20 18:48:17,661][__main__][INFO] - Fetched dataloaders
[2025-08-20 18:48:17,665][__main__][INFO] - Training data shape : (70, 1, 1000)
[2025-08-20 18:48:17,665][__main__][INFO] - Batch sizes : X=torch.Size([70, 1, 100]), y=torch.Size([70, 1, 20])
[2025-08-20 18:48:20,101][__main__][INFO] - batch_size=70, learning_rate=1e-05, steps per epoch=1, epochs=1000
[2025-08-20 18:48:20,101][__main__][INFO] - Starting training...
[2025-08-20 18:48:20,102][__main__][INFO] - Using device: cuda
[2025-08-20 18:48:20,102][__main__][INFO] - Training 1000 epochs of 1 batches (1000 steps): , eval_freq: 100, print_freq: 100
[2025-08-20 18:48:21,164][__main__][INFO] - Step 1 | valid1 MSE : 0.6090 | valid1 NMSE : 1.0277
[2025-08-20 18:48:22,594][__main__][INFO] - Step 100 | valid1 MSE : 0.0723 | valid1 NMSE : 0.1214
[2025-08-20 18:48:24,166][__main__][INFO] - Step 200 | valid1 MSE : 0.0067 | valid1 NMSE : 0.0113
[2025-08-20 18:48:25,597][__main__][INFO] - Step 300 | valid1 MSE : 0.0040 | valid1 NMSE : 0.0068
[2025-08-20 18:48:27,036][__main__][INFO] - Step 400 | valid1 MSE : 0.0038 | valid1 NMSE : 0.0064
[2025-08-20 18:48:28,632][__main__][INFO] - Step 500 | valid1 MSE : 0.0036 | valid1 NMSE : 0.0061
[2025-08-20 18:48:30,070][__main__][INFO] - Step 600 | valid1 MSE : 0.0035 | valid1 NMSE : 0.0060
[2025-08-20 18:48:31,659][__main__][INFO] - Step 700 | valid1 MSE : 0.0034 | valid1 NMSE : 0.0058
[2025-08-20 18:48:33,092][__main__][INFO] - Step 800 | valid1 MSE : 0.0033 | valid1 NMSE : 0.0056
[2025-08-20 18:48:34,510][__main__][INFO] - Step 900 | valid1 MSE : 0.0033 | valid1 NMSE : 0.0055
[2025-08-20 18:48:36,086][__main__][INFO] - Step 1000 | valid1 MSE : 0.0032 | valid1 NMSE : 0.0054
[2025-08-20 18:48:36,086][__main__][INFO] - Training done in 0.266 min
[2025-08-20 18:48:36,086][__main__][INFO] - Average time per step: 0.016 s
[2025-08-20 18:48:36,108][__main__][INFO] - End of training
[2025-08-20 18:48:36,958][__main__][INFO] - Plotted losses
[2025-08-20 18:48:36,958][__main__][INFO] - Computing test metrics
[2025-08-20 18:48:37,018][__main__][INFO] - Evaluation done in 0.001 min
[2025-08-20 18:48:37,134][__main__][INFO] - Evaluation done in 0.000 min
[2025-08-20 18:48:37,309][__main__][INFO] - Saved plots
[2025-08-20 18:48:37,309][__main__][INFO] - Final mIN parameters: {'beta': np.float32(0.7805), 'alpha': np.float32(0.9413303)}
[2025-08-20 18:48:37,309][__main__][INFO] - End of script

[2025-08-20 18:48:48,342][__main__][INFO] - =====Running main script=====
[2025-08-20 18:48:48,348][__main__][INFO] - Fetched main configs, save directory : ../outputs/bench_min_1/seed_2/PatchTST_instance_NMSE/
[2025-08-20 18:48:48,348][__main__][INFO] - Model PatchTST, normalization instance, criterion NMSE, kwargs {}
[2025-08-20 18:48:48,379][__main__][INFO] - Fetched dataloaders
[2025-08-20 18:48:48,384][__main__][INFO] - Training data shape : (70, 1, 1000)
[2025-08-20 18:48:48,384][__main__][INFO] - Batch sizes : X=torch.Size([70, 1, 100]), y=torch.Size([70, 1, 20])
[2025-08-20 18:48:50,522][__main__][INFO] - batch_size=70, learning_rate=1e-05, steps per epoch=1, epochs=1000
[2025-08-20 18:48:50,522][__main__][INFO] - Starting training...
[2025-08-20 18:48:50,522][__main__][INFO] - Using device: cuda
[2025-08-20 18:48:50,522][__main__][INFO] - Training 1000 epochs of 1 batches (1000 steps): , eval_freq: 100, print_freq: 100
[2025-08-20 18:48:51,578][__main__][INFO] - Step 1 | valid1 MSE : 1.0827 | valid1 NMSE : 1.8275
[2025-08-20 18:48:52,984][__main__][INFO] - Step 100 | valid1 MSE : 0.3221 | valid1 NMSE : 0.5440
[2025-08-20 18:48:54,553][__main__][INFO] - Step 200 | valid1 MSE : 0.0751 | valid1 NMSE : 0.1271
[2025-08-20 18:48:55,949][__main__][INFO] - Step 300 | valid1 MSE : 0.0135 | valid1 NMSE : 0.0228
[2025-08-20 18:48:57,362][__main__][INFO] - Step 400 | valid1 MSE : 0.0053 | valid1 NMSE : 0.0090
[2025-08-20 18:48:58,912][__main__][INFO] - Step 500 | valid1 MSE : 0.0044 | valid1 NMSE : 0.0074
[2025-08-20 18:49:00,329][__main__][INFO] - Step 600 | valid1 MSE : 0.0042 | valid1 NMSE : 0.0070
[2025-08-20 18:49:01,887][__main__][INFO] - Step 700 | valid1 MSE : 0.0040 | valid1 NMSE : 0.0067
[2025-08-20 18:49:03,278][__main__][INFO] - Step 800 | valid1 MSE : 0.0039 | valid1 NMSE : 0.0065
[2025-08-20 18:49:04,678][__main__][INFO] - Step 900 | valid1 MSE : 0.0037 | valid1 NMSE : 0.0063
[2025-08-20 18:49:06,202][__main__][INFO] - Step 1000 | valid1 MSE : 0.0036 | valid1 NMSE : 0.0061
[2025-08-20 18:49:06,203][__main__][INFO] - Training done in 0.261 min
[2025-08-20 18:49:06,203][__main__][INFO] - Average time per step: 0.016 s
[2025-08-20 18:49:06,222][__main__][INFO] - End of training
[2025-08-20 18:49:06,876][__main__][INFO] - Plotted losses
[2025-08-20 18:49:06,876][__main__][INFO] - Computing test metrics
[2025-08-20 18:49:06,938][__main__][INFO] - Evaluation done in 0.001 min
[2025-08-20 18:49:07,052][__main__][INFO] - Evaluation done in 0.000 min
[2025-08-20 18:49:07,223][__main__][INFO] - Saved plots
[2025-08-20 18:49:07,223][__main__][INFO] - End of script

[2025-08-20 18:49:12,247][__main__][INFO] - =====Running main script=====
[2025-08-20 18:49:12,252][__main__][INFO] - Fetched main configs, save directory : ../outputs/bench_min_1/seed_2/PatchTST_revin_NMSE/
[2025-08-20 18:49:12,252][__main__][INFO] - Model PatchTST, normalization revin, criterion NMSE, kwargs {}
[2025-08-20 18:49:12,282][__main__][INFO] - Fetched dataloaders
[2025-08-20 18:49:12,287][__main__][INFO] - Training data shape : (70, 1, 1000)
[2025-08-20 18:49:12,287][__main__][INFO] - Batch sizes : X=torch.Size([70, 1, 100]), y=torch.Size([70, 1, 20])
[2025-08-20 18:49:14,530][__main__][INFO] - batch_size=70, learning_rate=1e-05, steps per epoch=1, epochs=1000
[2025-08-20 18:49:14,530][__main__][INFO] - Starting training...
[2025-08-20 18:49:14,530][__main__][INFO] - Using device: cuda
[2025-08-20 18:49:14,530][__main__][INFO] - Training 1000 epochs of 1 batches (1000 steps): , eval_freq: 100, print_freq: 100
[2025-08-20 18:49:15,618][__main__][INFO] - Step 1 | valid1 MSE : 1.0827 | valid1 NMSE : 1.8275
[2025-08-20 18:49:17,038][__main__][INFO] - Step 100 | valid1 MSE : 0.3216 | valid1 NMSE : 0.5433
[2025-08-20 18:49:18,623][__main__][INFO] - Step 200 | valid1 MSE : 0.0746 | valid1 NMSE : 0.1263
[2025-08-20 18:49:20,049][__main__][INFO] - Step 300 | valid1 MSE : 0.0134 | valid1 NMSE : 0.0226
[2025-08-20 18:49:21,472][__main__][INFO] - Step 400 | valid1 MSE : 0.0053 | valid1 NMSE : 0.0090
[2025-08-20 18:49:23,047][__main__][INFO] - Step 500 | valid1 MSE : 0.0044 | valid1 NMSE : 0.0074
[2025-08-20 18:49:24,475][__main__][INFO] - Step 600 | valid1 MSE : 0.0042 | valid1 NMSE : 0.0070
[2025-08-20 18:49:26,030][__main__][INFO] - Step 700 | valid1 MSE : 0.0040 | valid1 NMSE : 0.0067
[2025-08-20 18:49:27,441][__main__][INFO] - Step 800 | valid1 MSE : 0.0039 | valid1 NMSE : 0.0065
[2025-08-20 18:49:28,846][__main__][INFO] - Step 900 | valid1 MSE : 0.0037 | valid1 NMSE : 0.0062
[2025-08-20 18:49:30,392][__main__][INFO] - Step 1000 | valid1 MSE : 0.0036 | valid1 NMSE : 0.0061
[2025-08-20 18:49:30,392][__main__][INFO] - Training done in 0.264 min
[2025-08-20 18:49:30,392][__main__][INFO] - Average time per step: 0.016 s
[2025-08-20 18:49:30,413][__main__][INFO] - End of training
[2025-08-20 18:49:31,165][__main__][INFO] - Plotted losses
[2025-08-20 18:49:31,165][__main__][INFO] - Computing test metrics
[2025-08-20 18:49:31,225][__main__][INFO] - Evaluation done in 0.001 min
[2025-08-20 18:49:31,339][__main__][INFO] - Evaluation done in 0.000 min
[2025-08-20 18:49:31,514][__main__][INFO] - Saved plots
[2025-08-20 18:49:31,514][__main__][INFO] - Final mIN parameters: {'beta': np.float32(-0.0023125904), 'alpha': np.float32(1.0039558)}
[2025-08-20 18:49:31,514][__main__][INFO] - End of script

[2025-08-20 18:49:36,904][__main__][INFO] - =====Running main script=====
[2025-08-20 18:49:36,910][__main__][INFO] - Fetched main configs, save directory : ../outputs/bench_min_1/seed_2/min/
[2025-08-20 18:49:36,910][__main__][INFO] - Model PatchTST, normalization mIN, criterion NMSE, kwargs {}
[2025-08-20 18:49:36,941][__main__][INFO] - Fetched dataloaders
[2025-08-20 18:49:36,945][__main__][INFO] - Training data shape : (70, 1, 1000)
[2025-08-20 18:49:36,945][__main__][INFO] - Batch sizes : X=torch.Size([70, 1, 100]), y=torch.Size([70, 1, 20])
[2025-08-20 18:49:39,277][__main__][INFO] - batch_size=70, learning_rate=1e-05, steps per epoch=1, epochs=1000
[2025-08-20 18:49:39,277][__main__][INFO] - Starting training...
[2025-08-20 18:49:39,277][__main__][INFO] - Using device: cuda
[2025-08-20 18:49:39,277][__main__][INFO] - Training 1000 epochs of 1 batches (1000 steps): , eval_freq: 100, print_freq: 100
[2025-08-20 18:49:40,311][__main__][INFO] - Step 1 | valid1 MSE : 1.0827 | valid1 NMSE : 1.8275
[2025-08-20 18:49:41,717][__main__][INFO] - Step 100 | valid1 MSE : 0.3216 | valid1 NMSE : 0.5432
[2025-08-20 18:49:43,281][__main__][INFO] - Step 200 | valid1 MSE : 0.0746 | valid1 NMSE : 0.1262
[2025-08-20 18:49:44,697][__main__][INFO] - Step 300 | valid1 MSE : 0.0134 | valid1 NMSE : 0.0226
[2025-08-20 18:49:46,110][__main__][INFO] - Step 400 | valid1 MSE : 0.0053 | valid1 NMSE : 0.0090
[2025-08-20 18:49:47,657][__main__][INFO] - Step 500 | valid1 MSE : 0.0044 | valid1 NMSE : 0.0074
[2025-08-20 18:49:49,069][__main__][INFO] - Step 600 | valid1 MSE : 0.0042 | valid1 NMSE : 0.0070
[2025-08-20 18:49:50,621][__main__][INFO] - Step 700 | valid1 MSE : 0.0040 | valid1 NMSE : 0.0067
[2025-08-20 18:49:52,026][__main__][INFO] - Step 800 | valid1 MSE : 0.0039 | valid1 NMSE : 0.0065
[2025-08-20 18:49:53,417][__main__][INFO] - Step 900 | valid1 MSE : 0.0037 | valid1 NMSE : 0.0063
[2025-08-20 18:49:54,967][__main__][INFO] - Step 1000 | valid1 MSE : 0.0036 | valid1 NMSE : 0.0061
[2025-08-20 18:49:54,967][__main__][INFO] - Training done in 0.261 min
[2025-08-20 18:49:54,967][__main__][INFO] - Average time per step: 0.016 s
[2025-08-20 18:49:54,988][__main__][INFO] - End of training
[2025-08-20 18:49:55,826][__main__][INFO] - Plotted losses
[2025-08-20 18:49:55,826][__main__][INFO] - Computing test metrics
[2025-08-20 18:49:55,893][__main__][INFO] - Evaluation done in 0.001 min
[2025-08-20 18:49:56,007][__main__][INFO] - Evaluation done in 0.000 min
[2025-08-20 18:49:56,183][__main__][INFO] - Saved plots
[2025-08-20 18:49:56,183][__main__][INFO] - Final mIN parameters: {'beta': np.float32(0.002279156), 'alpha': np.float32(0.99672985)}
[2025-08-20 18:49:56,183][__main__][INFO] - End of script

[2025-08-20 18:50:01,324][__main__][INFO] - =====Running main script=====
[2025-08-20 18:50:01,330][__main__][INFO] - Fetched main configs, save directory : ../outputs/bench_min_1/seed_2/min_init/
[2025-08-20 18:50:01,330][__main__][INFO] - Model PatchTST, normalization mIN, criterion NMSE, kwargs {}
[2025-08-20 18:50:01,363][__main__][INFO] - Fetched dataloaders
[2025-08-20 18:50:01,367][__main__][INFO] - Training data shape : (70, 1, 1000)
[2025-08-20 18:50:01,368][__main__][INFO] - Batch sizes : X=torch.Size([70, 1, 100]), y=torch.Size([70, 1, 20])
[2025-08-20 18:50:03,509][__main__][INFO] - batch_size=70, learning_rate=1e-05, steps per epoch=1, epochs=1000
[2025-08-20 18:50:03,509][__main__][INFO] - Starting training...
[2025-08-20 18:50:03,509][__main__][INFO] - Using device: cuda
[2025-08-20 18:50:03,509][__main__][INFO] - Training 1000 epochs of 1 batches (1000 steps): , eval_freq: 100, print_freq: 100
[2025-08-20 18:50:04,583][__main__][INFO] - Step 1 | valid1 MSE : 0.6732 | valid1 NMSE : 1.1357
[2025-08-20 18:50:05,997][__main__][INFO] - Step 100 | valid1 MSE : 0.0992 | valid1 NMSE : 0.1684
[2025-08-20 18:50:07,571][__main__][INFO] - Step 200 | valid1 MSE : 0.0093 | valid1 NMSE : 0.0159
[2025-08-20 18:50:08,996][__main__][INFO] - Step 300 | valid1 MSE : 0.0044 | valid1 NMSE : 0.0074
[2025-08-20 18:50:10,413][__main__][INFO] - Step 400 | valid1 MSE : 0.0041 | valid1 NMSE : 0.0069
[2025-08-20 18:50:11,987][__main__][INFO] - Step 500 | valid1 MSE : 0.0038 | valid1 NMSE : 0.0065
[2025-08-20 18:50:13,413][__main__][INFO] - Step 600 | valid1 MSE : 0.0037 | valid1 NMSE : 0.0062
[2025-08-20 18:50:14,969][__main__][INFO] - Step 700 | valid1 MSE : 0.0035 | valid1 NMSE : 0.0060
[2025-08-20 18:50:16,386][__main__][INFO] - Step 800 | valid1 MSE : 0.0035 | valid1 NMSE : 0.0058
[2025-08-20 18:50:17,790][__main__][INFO] - Step 900 | valid1 MSE : 0.0033 | valid1 NMSE : 0.0057
[2025-08-20 18:50:19,364][__main__][INFO] - Step 1000 | valid1 MSE : 0.0033 | valid1 NMSE : 0.0055
[2025-08-20 18:50:19,364][__main__][INFO] - Training done in 0.264 min
[2025-08-20 18:50:19,364][__main__][INFO] - Average time per step: 0.016 s
[2025-08-20 18:50:19,385][__main__][INFO] - End of training
[2025-08-20 18:50:20,136][__main__][INFO] - Plotted losses
[2025-08-20 18:50:20,136][__main__][INFO] - Computing test metrics
[2025-08-20 18:50:20,196][__main__][INFO] - Evaluation done in 0.001 min
[2025-08-20 18:50:20,312][__main__][INFO] - Evaluation done in 0.000 min
[2025-08-20 18:50:20,486][__main__][INFO] - Saved plots
[2025-08-20 18:50:20,487][__main__][INFO] - Final mIN parameters: {'beta': np.float32(0.7819329), 'alpha': np.float32(0.9423655)}
[2025-08-20 18:50:20,487][__main__][INFO] - End of script

[2025-08-20 18:50:25,497][__main__][INFO] - =====Running main script=====
[2025-08-20 18:50:25,502][__main__][INFO] - Fetched main configs, save directory : ../outputs/bench_min_1/seed_2/min_fixed/
[2025-08-20 18:50:25,502][__main__][INFO] - Model PatchTST, normalization mIN, criterion NMSE, kwargs {}
[2025-08-20 18:50:25,533][__main__][INFO] - Fetched dataloaders
[2025-08-20 18:50:25,538][__main__][INFO] - Training data shape : (70, 1, 1000)
[2025-08-20 18:50:25,538][__main__][INFO] - Batch sizes : X=torch.Size([70, 1, 100]), y=torch.Size([70, 1, 20])
[2025-08-20 18:50:27,607][__main__][INFO] - batch_size=70, learning_rate=1e-05, steps per epoch=1, epochs=1000
[2025-08-20 18:50:27,607][__main__][INFO] - Starting training...
[2025-08-20 18:50:27,607][__main__][INFO] - Using device: cuda
[2025-08-20 18:50:27,607][__main__][INFO] - Training 1000 epochs of 1 batches (1000 steps): , eval_freq: 100, print_freq: 100
[2025-08-20 18:50:28,667][__main__][INFO] - Step 1 | valid1 MSE : 0.6732 | valid1 NMSE : 1.1357
[2025-08-20 18:50:30,081][__main__][INFO] - Step 100 | valid1 MSE : 0.0992 | valid1 NMSE : 0.1684
[2025-08-20 18:50:31,644][__main__][INFO] - Step 200 | valid1 MSE : 0.0093 | valid1 NMSE : 0.0159
[2025-08-20 18:50:33,062][__main__][INFO] - Step 300 | valid1 MSE : 0.0044 | valid1 NMSE : 0.0074
[2025-08-20 18:50:34,476][__main__][INFO] - Step 400 | valid1 MSE : 0.0041 | valid1 NMSE : 0.0069
[2025-08-20 18:50:36,040][__main__][INFO] - Step 500 | valid1 MSE : 0.0038 | valid1 NMSE : 0.0065
[2025-08-20 18:50:37,456][__main__][INFO] - Step 600 | valid1 MSE : 0.0037 | valid1 NMSE : 0.0062
[2025-08-20 18:50:39,002][__main__][INFO] - Step 700 | valid1 MSE : 0.0035 | valid1 NMSE : 0.0060
[2025-08-20 18:50:40,423][__main__][INFO] - Step 800 | valid1 MSE : 0.0035 | valid1 NMSE : 0.0058
[2025-08-20 18:50:41,838][__main__][INFO] - Step 900 | valid1 MSE : 0.0033 | valid1 NMSE : 0.0057
[2025-08-20 18:50:43,429][__main__][INFO] - Step 1000 | valid1 MSE : 0.0033 | valid1 NMSE : 0.0055
[2025-08-20 18:50:43,430][__main__][INFO] - Training done in 0.264 min
[2025-08-20 18:50:43,430][__main__][INFO] - Average time per step: 0.016 s
[2025-08-20 18:50:43,450][__main__][INFO] - End of training
[2025-08-20 18:50:44,253][__main__][INFO] - Plotted losses
[2025-08-20 18:50:44,253][__main__][INFO] - Computing test metrics
[2025-08-20 18:50:44,314][__main__][INFO] - Evaluation done in 0.001 min
[2025-08-20 18:50:44,430][__main__][INFO] - Evaluation done in 0.000 min
[2025-08-20 18:50:44,607][__main__][INFO] - Saved plots
[2025-08-20 18:50:44,607][__main__][INFO] - Final mIN parameters: {'beta': np.float32(0.7805), 'alpha': np.float32(0.9423653)}
[2025-08-20 18:50:44,607][__main__][INFO] - End of script

[2025-08-20 18:50:50,339][__main__][INFO] - =====Running main script=====
[2025-08-20 18:50:50,346][__main__][INFO] - Fetched main configs, save directory : ../outputs/bench_min_1/seed_2/min+revin/
[2025-08-20 18:50:50,346][__main__][INFO] - Model PatchTST, normalization mIN, criterion NMSE, kwargs {}
[2025-08-20 18:50:50,378][__main__][INFO] - Fetched dataloaders
[2025-08-20 18:50:50,383][__main__][INFO] - Training data shape : (70, 1, 1000)
[2025-08-20 18:50:50,383][__main__][INFO] - Batch sizes : X=torch.Size([70, 1, 100]), y=torch.Size([70, 1, 20])
[2025-08-20 18:50:52,922][__main__][INFO] - batch_size=70, learning_rate=1e-05, steps per epoch=1, epochs=1000
[2025-08-20 18:50:52,922][__main__][INFO] - Starting training...
[2025-08-20 18:50:52,922][__main__][INFO] - Using device: cuda
[2025-08-20 18:50:52,922][__main__][INFO] - Training 1000 epochs of 1 batches (1000 steps): , eval_freq: 100, print_freq: 100
[2025-08-20 18:50:53,968][__main__][INFO] - Step 1 | valid1 MSE : 1.0827 | valid1 NMSE : 1.8275
[2025-08-20 18:50:55,398][__main__][INFO] - Step 100 | valid1 MSE : 0.3212 | valid1 NMSE : 0.5425
[2025-08-20 18:50:56,964][__main__][INFO] - Step 200 | valid1 MSE : 0.0741 | valid1 NMSE : 0.1254
[2025-08-20 18:50:58,391][__main__][INFO] - Step 300 | valid1 MSE : 0.0132 | valid1 NMSE : 0.0224
[2025-08-20 18:50:59,823][__main__][INFO] - Step 400 | valid1 MSE : 0.0053 | valid1 NMSE : 0.0090
[2025-08-20 18:51:01,398][__main__][INFO] - Step 500 | valid1 MSE : 0.0044 | valid1 NMSE : 0.0074
[2025-08-20 18:51:02,834][__main__][INFO] - Step 600 | valid1 MSE : 0.0042 | valid1 NMSE : 0.0070
[2025-08-20 18:51:04,412][__main__][INFO] - Step 700 | valid1 MSE : 0.0039 | valid1 NMSE : 0.0067
[2025-08-20 18:51:05,850][__main__][INFO] - Step 800 | valid1 MSE : 0.0039 | valid1 NMSE : 0.0065
[2025-08-20 18:51:07,280][__main__][INFO] - Step 900 | valid1 MSE : 0.0037 | valid1 NMSE : 0.0062
[2025-08-20 18:51:08,881][__main__][INFO] - Step 1000 | valid1 MSE : 0.0036 | valid1 NMSE : 0.0061
[2025-08-20 18:51:08,882][__main__][INFO] - Training done in 0.266 min
[2025-08-20 18:51:08,882][__main__][INFO] - Average time per step: 0.016 s
[2025-08-20 18:51:08,903][__main__][INFO] - End of training
[2025-08-20 18:51:09,732][__main__][INFO] - Plotted losses
[2025-08-20 18:51:09,732][__main__][INFO] - Computing test metrics
[2025-08-20 18:51:09,801][__main__][INFO] - Evaluation done in 0.001 min
[2025-08-20 18:51:09,918][__main__][INFO] - Evaluation done in 0.000 min
[2025-08-20 18:51:10,095][__main__][INFO] - Saved plots
[2025-08-20 18:51:10,095][__main__][INFO] - Final mIN parameters: {'beta': np.float32(0.0022804614), 'alpha': np.float32(0.99674875)}
[2025-08-20 18:51:10,095][__main__][INFO] - End of script

[2025-08-20 18:51:15,360][__main__][INFO] - =====Running main script=====
[2025-08-20 18:51:15,366][__main__][INFO] - Fetched main configs, save directory : ../outputs/bench_min_1/seed_2/min_init+revin/
[2025-08-20 18:51:15,366][__main__][INFO] - Model PatchTST, normalization mIN, criterion NMSE, kwargs {}
[2025-08-20 18:51:15,398][__main__][INFO] - Fetched dataloaders
[2025-08-20 18:51:15,402][__main__][INFO] - Training data shape : (70, 1, 1000)
[2025-08-20 18:51:15,403][__main__][INFO] - Batch sizes : X=torch.Size([70, 1, 100]), y=torch.Size([70, 1, 20])
[2025-08-20 18:51:17,590][__main__][INFO] - batch_size=70, learning_rate=1e-05, steps per epoch=1, epochs=1000
[2025-08-20 18:51:17,590][__main__][INFO] - Starting training...
[2025-08-20 18:51:17,590][__main__][INFO] - Using device: cuda
[2025-08-20 18:51:17,590][__main__][INFO] - Training 1000 epochs of 1 batches (1000 steps): , eval_freq: 100, print_freq: 100
[2025-08-20 18:51:18,653][__main__][INFO] - Step 1 | valid1 MSE : 0.6732 | valid1 NMSE : 1.1357
[2025-08-20 18:51:20,083][__main__][INFO] - Step 100 | valid1 MSE : 0.0993 | valid1 NMSE : 0.1685
[2025-08-20 18:51:21,668][__main__][INFO] - Step 200 | valid1 MSE : 0.0093 | valid1 NMSE : 0.0159
[2025-08-20 18:51:23,098][__main__][INFO] - Step 300 | valid1 MSE : 0.0044 | valid1 NMSE : 0.0074
[2025-08-20 18:51:24,531][__main__][INFO] - Step 400 | valid1 MSE : 0.0041 | valid1 NMSE : 0.0069
[2025-08-20 18:51:26,102][__main__][INFO] - Step 500 | valid1 MSE : 0.0038 | valid1 NMSE : 0.0064
[2025-08-20 18:51:27,534][__main__][INFO] - Step 600 | valid1 MSE : 0.0037 | valid1 NMSE : 0.0062
[2025-08-20 18:51:29,104][__main__][INFO] - Step 700 | valid1 MSE : 0.0035 | valid1 NMSE : 0.0060
[2025-08-20 18:51:30,533][__main__][INFO] - Step 800 | valid1 MSE : 0.0034 | valid1 NMSE : 0.0058
[2025-08-20 18:51:31,956][__main__][INFO] - Step 900 | valid1 MSE : 0.0033 | valid1 NMSE : 0.0056
[2025-08-20 18:51:33,538][__main__][INFO] - Step 1000 | valid1 MSE : 0.0033 | valid1 NMSE : 0.0055
[2025-08-20 18:51:33,539][__main__][INFO] - Training done in 0.266 min
[2025-08-20 18:51:33,539][__main__][INFO] - Average time per step: 0.016 s
[2025-08-20 18:51:33,559][__main__][INFO] - End of training
[2025-08-20 18:51:34,341][__main__][INFO] - Plotted losses
[2025-08-20 18:51:34,342][__main__][INFO] - Computing test metrics
[2025-08-20 18:51:34,404][__main__][INFO] - Evaluation done in 0.001 min
[2025-08-20 18:51:34,519][__main__][INFO] - Evaluation done in 0.000 min
[2025-08-20 18:51:34,693][__main__][INFO] - Saved plots
[2025-08-20 18:51:34,693][__main__][INFO] - Final mIN parameters: {'beta': np.float32(0.7818781), 'alpha': np.float32(0.94239926)}
[2025-08-20 18:51:34,693][__main__][INFO] - End of script

[2025-08-20 18:51:39,802][__main__][INFO] - =====Running main script=====
[2025-08-20 18:51:39,809][__main__][INFO] - Fetched main configs, save directory : ../outputs/bench_min_1/seed_2/min_fixed+revin/
[2025-08-20 18:51:39,809][__main__][INFO] - Model PatchTST, normalization mIN, criterion NMSE, kwargs {}
[2025-08-20 18:51:39,842][__main__][INFO] - Fetched dataloaders
[2025-08-20 18:51:39,846][__main__][INFO] - Training data shape : (70, 1, 1000)
[2025-08-20 18:51:39,846][__main__][INFO] - Batch sizes : X=torch.Size([70, 1, 100]), y=torch.Size([70, 1, 20])
[2025-08-20 18:51:41,995][__main__][INFO] - batch_size=70, learning_rate=1e-05, steps per epoch=1, epochs=1000
[2025-08-20 18:51:41,995][__main__][INFO] - Starting training...
[2025-08-20 18:51:41,995][__main__][INFO] - Using device: cuda
[2025-08-20 18:51:41,995][__main__][INFO] - Training 1000 epochs of 1 batches (1000 steps): , eval_freq: 100, print_freq: 100
[2025-08-20 18:51:43,056][__main__][INFO] - Step 1 | valid1 MSE : 0.6732 | valid1 NMSE : 1.1357
[2025-08-20 18:51:44,498][__main__][INFO] - Step 100 | valid1 MSE : 0.0993 | valid1 NMSE : 0.1685
[2025-08-20 18:51:46,074][__main__][INFO] - Step 200 | valid1 MSE : 0.0093 | valid1 NMSE : 0.0159
[2025-08-20 18:51:47,508][__main__][INFO] - Step 300 | valid1 MSE : 0.0044 | valid1 NMSE : 0.0074
[2025-08-20 18:51:48,929][__main__][INFO] - Step 400 | valid1 MSE : 0.0041 | valid1 NMSE : 0.0069
[2025-08-20 18:51:50,520][__main__][INFO] - Step 500 | valid1 MSE : 0.0038 | valid1 NMSE : 0.0064
[2025-08-20 18:51:51,962][__main__][INFO] - Step 600 | valid1 MSE : 0.0037 | valid1 NMSE : 0.0062
[2025-08-20 18:51:53,522][__main__][INFO] - Step 700 | valid1 MSE : 0.0035 | valid1 NMSE : 0.0060
[2025-08-20 18:51:54,964][__main__][INFO] - Step 800 | valid1 MSE : 0.0034 | valid1 NMSE : 0.0058
[2025-08-20 18:51:56,397][__main__][INFO] - Step 900 | valid1 MSE : 0.0033 | valid1 NMSE : 0.0056
[2025-08-20 18:51:58,017][__main__][INFO] - Step 1000 | valid1 MSE : 0.0033 | valid1 NMSE : 0.0055
[2025-08-20 18:51:58,017][__main__][INFO] - Training done in 0.267 min
[2025-08-20 18:51:58,017][__main__][INFO] - Average time per step: 0.016 s
[2025-08-20 18:51:58,038][__main__][INFO] - End of training
[2025-08-20 18:51:58,802][__main__][INFO] - Plotted losses
[2025-08-20 18:51:58,802][__main__][INFO] - Computing test metrics
[2025-08-20 18:51:58,863][__main__][INFO] - Evaluation done in 0.001 min
[2025-08-20 18:51:58,978][__main__][INFO] - Evaluation done in 0.000 min
[2025-08-20 18:51:59,155][__main__][INFO] - Saved plots
[2025-08-20 18:51:59,155][__main__][INFO] - Final mIN parameters: {'beta': np.float32(0.7805), 'alpha': np.float32(0.94239926)}
[2025-08-20 18:51:59,155][__main__][INFO] - End of script

[2025-08-20 18:52:04,934][__main__][INFO] - =====Running main script=====
[2025-08-20 18:52:04,941][__main__][INFO] - Fetched main configs, save directory : ../outputs/bench_min_1/seed_2/min+gamma/
[2025-08-20 18:52:04,941][__main__][INFO] - Model PatchTST, normalization mIN, criterion NMSE, kwargs {}
[2025-08-20 18:52:04,973][__main__][INFO] - Fetched dataloaders
[2025-08-20 18:52:04,977][__main__][INFO] - Training data shape : (70, 1, 1000)
[2025-08-20 18:52:04,977][__main__][INFO] - Batch sizes : X=torch.Size([70, 1, 100]), y=torch.Size([70, 1, 20])
[2025-08-20 18:52:07,449][__main__][INFO] - batch_size=70, learning_rate=1e-05, steps per epoch=1, epochs=1000
[2025-08-20 18:52:07,450][__main__][INFO] - Starting training...
[2025-08-20 18:52:07,450][__main__][INFO] - Using device: cuda
[2025-08-20 18:52:07,450][__main__][INFO] - Training 1000 epochs of 1 batches (1000 steps): , eval_freq: 100, print_freq: 100
[2025-08-20 18:52:08,525][__main__][INFO] - Step 1 | valid1 MSE : 1.0827 | valid1 NMSE : 1.8275
[2025-08-20 18:52:09,955][__main__][INFO] - Step 100 | valid1 MSE : 0.3212 | valid1 NMSE : 0.5425
[2025-08-20 18:52:11,532][__main__][INFO] - Step 200 | valid1 MSE : 0.0741 | valid1 NMSE : 0.1254
[2025-08-20 18:52:12,960][__main__][INFO] - Step 300 | valid1 MSE : 0.0132 | valid1 NMSE : 0.0224
[2025-08-20 18:52:14,386][__main__][INFO] - Step 400 | valid1 MSE : 0.0053 | valid1 NMSE : 0.0090
[2025-08-20 18:52:15,961][__main__][INFO] - Step 500 | valid1 MSE : 0.0044 | valid1 NMSE : 0.0074
[2025-08-20 18:52:17,393][__main__][INFO] - Step 600 | valid1 MSE : 0.0042 | valid1 NMSE : 0.0070
[2025-08-20 18:52:18,973][__main__][INFO] - Step 700 | valid1 MSE : 0.0039 | valid1 NMSE : 0.0067
[2025-08-20 18:52:20,408][__main__][INFO] - Step 800 | valid1 MSE : 0.0039 | valid1 NMSE : 0.0065
[2025-08-20 18:52:21,834][__main__][INFO] - Step 900 | valid1 MSE : 0.0037 | valid1 NMSE : 0.0062
[2025-08-20 18:52:23,430][__main__][INFO] - Step 1000 | valid1 MSE : 0.0036 | valid1 NMSE : 0.0061
[2025-08-20 18:52:23,430][__main__][INFO] - Training done in 0.266 min
[2025-08-20 18:52:23,430][__main__][INFO] - Average time per step: 0.016 s
[2025-08-20 18:52:23,452][__main__][INFO] - End of training
[2025-08-20 18:52:24,293][__main__][INFO] - Plotted losses
[2025-08-20 18:52:24,293][__main__][INFO] - Computing test metrics
[2025-08-20 18:52:24,361][__main__][INFO] - Evaluation done in 0.001 min
[2025-08-20 18:52:24,477][__main__][INFO] - Evaluation done in 0.000 min
[2025-08-20 18:52:24,652][__main__][INFO] - Saved plots
[2025-08-20 18:52:24,652][__main__][INFO] - Final mIN parameters: {'beta': np.float32(0.0022804614), 'alpha': np.float32(0.99674875)}
[2025-08-20 18:52:24,652][__main__][INFO] - End of script

[2025-08-20 18:52:29,900][__main__][INFO] - =====Running main script=====
[2025-08-20 18:52:29,907][__main__][INFO] - Fetched main configs, save directory : ../outputs/bench_min_1/seed_2/min_init+gamma/
[2025-08-20 18:52:29,907][__main__][INFO] - Model PatchTST, normalization mIN, criterion NMSE, kwargs {}
[2025-08-20 18:52:29,940][__main__][INFO] - Fetched dataloaders
[2025-08-20 18:52:29,944][__main__][INFO] - Training data shape : (70, 1, 1000)
[2025-08-20 18:52:29,944][__main__][INFO] - Batch sizes : X=torch.Size([70, 1, 100]), y=torch.Size([70, 1, 20])
[2025-08-20 18:52:32,163][__main__][INFO] - batch_size=70, learning_rate=1e-05, steps per epoch=1, epochs=1000
[2025-08-20 18:52:32,163][__main__][INFO] - Starting training...
[2025-08-20 18:52:32,163][__main__][INFO] - Using device: cuda
[2025-08-20 18:52:32,163][__main__][INFO] - Training 1000 epochs of 1 batches (1000 steps): , eval_freq: 100, print_freq: 100
[2025-08-20 18:52:33,216][__main__][INFO] - Step 1 | valid1 MSE : 0.6732 | valid1 NMSE : 1.1357
[2025-08-20 18:52:34,645][__main__][INFO] - Step 100 | valid1 MSE : 0.0993 | valid1 NMSE : 0.1685
[2025-08-20 18:52:36,211][__main__][INFO] - Step 200 | valid1 MSE : 0.0093 | valid1 NMSE : 0.0159
[2025-08-20 18:52:37,640][__main__][INFO] - Step 300 | valid1 MSE : 0.0044 | valid1 NMSE : 0.0074
[2025-08-20 18:52:39,068][__main__][INFO] - Step 400 | valid1 MSE : 0.0041 | valid1 NMSE : 0.0069
[2025-08-20 18:52:40,636][__main__][INFO] - Step 500 | valid1 MSE : 0.0038 | valid1 NMSE : 0.0064
[2025-08-20 18:52:42,064][__main__][INFO] - Step 600 | valid1 MSE : 0.0037 | valid1 NMSE : 0.0062
[2025-08-20 18:52:43,639][__main__][INFO] - Step 700 | valid1 MSE : 0.0035 | valid1 NMSE : 0.0060
[2025-08-20 18:52:45,074][__main__][INFO] - Step 800 | valid1 MSE : 0.0034 | valid1 NMSE : 0.0058
[2025-08-20 18:52:46,495][__main__][INFO] - Step 900 | valid1 MSE : 0.0033 | valid1 NMSE : 0.0056
[2025-08-20 18:52:48,072][__main__][INFO] - Step 1000 | valid1 MSE : 0.0033 | valid1 NMSE : 0.0055
[2025-08-20 18:52:48,072][__main__][INFO] - Training done in 0.265 min
[2025-08-20 18:52:48,073][__main__][INFO] - Average time per step: 0.016 s
[2025-08-20 18:52:48,094][__main__][INFO] - End of training
[2025-08-20 18:52:48,876][__main__][INFO] - Plotted losses
[2025-08-20 18:52:48,877][__main__][INFO] - Computing test metrics
[2025-08-20 18:52:48,938][__main__][INFO] - Evaluation done in 0.001 min
[2025-08-20 18:52:49,053][__main__][INFO] - Evaluation done in 0.000 min
[2025-08-20 18:52:49,227][__main__][INFO] - Saved plots
[2025-08-20 18:52:49,227][__main__][INFO] - Final mIN parameters: {'beta': np.float32(0.7818781), 'alpha': np.float32(0.94239926)}
[2025-08-20 18:52:49,227][__main__][INFO] - End of script

[2025-08-20 18:52:54,620][__main__][INFO] - =====Running main script=====
[2025-08-20 18:52:54,627][__main__][INFO] - Fetched main configs, save directory : ../outputs/bench_min_1/seed_2/min_fixed+gamma/
[2025-08-20 18:52:54,627][__main__][INFO] - Model PatchTST, normalization mIN, criterion NMSE, kwargs {}
[2025-08-20 18:52:54,661][__main__][INFO] - Fetched dataloaders
[2025-08-20 18:52:54,665][__main__][INFO] - Training data shape : (70, 1, 1000)
[2025-08-20 18:52:54,665][__main__][INFO] - Batch sizes : X=torch.Size([70, 1, 100]), y=torch.Size([70, 1, 20])
[2025-08-20 18:52:56,878][__main__][INFO] - batch_size=70, learning_rate=1e-05, steps per epoch=1, epochs=1000
[2025-08-20 18:52:56,878][__main__][INFO] - Starting training...
[2025-08-20 18:52:56,878][__main__][INFO] - Using device: cuda
[2025-08-20 18:52:56,878][__main__][INFO] - Training 1000 epochs of 1 batches (1000 steps): , eval_freq: 100, print_freq: 100
[2025-08-20 18:52:57,983][__main__][INFO] - Step 1 | valid1 MSE : 0.6732 | valid1 NMSE : 1.1357
[2025-08-20 18:52:59,434][__main__][INFO] - Step 100 | valid1 MSE : 0.0993 | valid1 NMSE : 0.1685
[2025-08-20 18:53:01,027][__main__][INFO] - Step 200 | valid1 MSE : 0.0093 | valid1 NMSE : 0.0159
[2025-08-20 18:53:02,462][__main__][INFO] - Step 300 | valid1 MSE : 0.0044 | valid1 NMSE : 0.0074
[2025-08-20 18:53:03,892][__main__][INFO] - Step 400 | valid1 MSE : 0.0041 | valid1 NMSE : 0.0069
[2025-08-20 18:53:05,446][__main__][INFO] - Step 500 | valid1 MSE : 0.0038 | valid1 NMSE : 0.0064
[2025-08-20 18:53:06,861][__main__][INFO] - Step 600 | valid1 MSE : 0.0037 | valid1 NMSE : 0.0062
[2025-08-20 18:53:08,428][__main__][INFO] - Step 700 | valid1 MSE : 0.0035 | valid1 NMSE : 0.0060
[2025-08-20 18:53:09,857][__main__][INFO] - Step 800 | valid1 MSE : 0.0034 | valid1 NMSE : 0.0058
[2025-08-20 18:53:11,272][__main__][INFO] - Step 900 | valid1 MSE : 0.0033 | valid1 NMSE : 0.0056
[2025-08-20 18:53:12,832][__main__][INFO] - Step 1000 | valid1 MSE : 0.0033 | valid1 NMSE : 0.0055
[2025-08-20 18:53:12,833][__main__][INFO] - Training done in 0.266 min
[2025-08-20 18:53:12,833][__main__][INFO] - Average time per step: 0.016 s
[2025-08-20 18:53:12,853][__main__][INFO] - End of training
[2025-08-20 18:53:13,658][__main__][INFO] - Plotted losses
[2025-08-20 18:53:13,659][__main__][INFO] - Computing test metrics
[2025-08-20 18:53:13,719][__main__][INFO] - Evaluation done in 0.001 min
[2025-08-20 18:53:13,835][__main__][INFO] - Evaluation done in 0.000 min
[2025-08-20 18:53:14,013][__main__][INFO] - Saved plots
[2025-08-20 18:53:14,014][__main__][INFO] - Final mIN parameters: {'beta': np.float32(0.7805), 'alpha': np.float32(0.94239926)}
[2025-08-20 18:53:14,014][__main__][INFO] - End of script

[2025-08-20 18:53:26,211][__main__][INFO] - =====Running main script=====
[2025-08-20 18:53:26,218][__main__][INFO] - Fetched main configs, save directory : ../outputs/bench_min_1/seed_3/PatchTST_instance_NMSE/
[2025-08-20 18:53:26,218][__main__][INFO] - Model PatchTST, normalization instance, criterion NMSE, kwargs {}
[2025-08-20 18:53:26,252][__main__][INFO] - Fetched dataloaders
[2025-08-20 18:53:26,256][__main__][INFO] - Training data shape : (70, 1, 1000)
[2025-08-20 18:53:26,256][__main__][INFO] - Batch sizes : X=torch.Size([70, 1, 100]), y=torch.Size([70, 1, 20])
[2025-08-20 18:53:28,857][__main__][INFO] - batch_size=70, learning_rate=1e-05, steps per epoch=1, epochs=1000
[2025-08-20 18:53:28,857][__main__][INFO] - Starting training...
[2025-08-20 18:53:28,857][__main__][INFO] - Using device: cuda
[2025-08-20 18:53:28,857][__main__][INFO] - Training 1000 epochs of 1 batches (1000 steps): , eval_freq: 100, print_freq: 100
[2025-08-20 18:53:29,927][__main__][INFO] - Step 1 | valid1 MSE : 0.9365 | valid1 NMSE : 1.5902
[2025-08-20 18:53:31,322][__main__][INFO] - Step 100 | valid1 MSE : 0.2309 | valid1 NMSE : 0.3920
[2025-08-20 18:53:32,881][__main__][INFO] - Step 200 | valid1 MSE : 0.0372 | valid1 NMSE : 0.0630
[2025-08-20 18:53:34,277][__main__][INFO] - Step 300 | valid1 MSE : 0.0062 | valid1 NMSE : 0.0104
[2025-08-20 18:53:35,685][__main__][INFO] - Step 400 | valid1 MSE : 0.0043 | valid1 NMSE : 0.0073
[2025-08-20 18:53:37,240][__main__][INFO] - Step 500 | valid1 MSE : 0.0041 | valid1 NMSE : 0.0069
[2025-08-20 18:53:38,642][__main__][INFO] - Step 600 | valid1 MSE : 0.0039 | valid1 NMSE : 0.0066
[2025-08-20 18:53:40,184][__main__][INFO] - Step 700 | valid1 MSE : 0.0039 | valid1 NMSE : 0.0065
[2025-08-20 18:53:41,581][__main__][INFO] - Step 800 | valid1 MSE : 0.0037 | valid1 NMSE : 0.0063
[2025-08-20 18:53:42,976][__main__][INFO] - Step 900 | valid1 MSE : 0.0037 | valid1 NMSE : 0.0062
[2025-08-20 18:53:44,502][__main__][INFO] - Step 1000 | valid1 MSE : 0.0035 | valid1 NMSE : 0.0060
[2025-08-20 18:53:44,502][__main__][INFO] - Training done in 0.261 min
[2025-08-20 18:53:44,502][__main__][INFO] - Average time per step: 0.016 s
[2025-08-20 18:53:44,523][__main__][INFO] - End of training
[2025-08-20 18:53:45,214][__main__][INFO] - Plotted losses
[2025-08-20 18:53:45,214][__main__][INFO] - Computing test metrics
[2025-08-20 18:53:45,275][__main__][INFO] - Evaluation done in 0.001 min
[2025-08-20 18:53:45,389][__main__][INFO] - Evaluation done in 0.000 min
[2025-08-20 18:53:45,565][__main__][INFO] - Saved plots
[2025-08-20 18:53:45,565][__main__][INFO] - End of script

[2025-08-20 18:53:50,630][__main__][INFO] - =====Running main script=====
[2025-08-20 18:53:50,637][__main__][INFO] - Fetched main configs, save directory : ../outputs/bench_min_1/seed_3/PatchTST_revin_NMSE/
[2025-08-20 18:53:50,637][__main__][INFO] - Model PatchTST, normalization revin, criterion NMSE, kwargs {}
[2025-08-20 18:53:50,669][__main__][INFO] - Fetched dataloaders
[2025-08-20 18:53:50,673][__main__][INFO] - Training data shape : (70, 1, 1000)
[2025-08-20 18:53:50,674][__main__][INFO] - Batch sizes : X=torch.Size([70, 1, 100]), y=torch.Size([70, 1, 20])
[2025-08-20 18:53:52,859][__main__][INFO] - batch_size=70, learning_rate=1e-05, steps per epoch=1, epochs=1000
[2025-08-20 18:53:52,859][__main__][INFO] - Starting training...
[2025-08-20 18:53:52,859][__main__][INFO] - Using device: cuda
[2025-08-20 18:53:52,859][__main__][INFO] - Training 1000 epochs of 1 batches (1000 steps): , eval_freq: 100, print_freq: 100
[2025-08-20 18:53:53,925][__main__][INFO] - Step 1 | valid1 MSE : 0.9365 | valid1 NMSE : 1.5902
[2025-08-20 18:53:55,361][__main__][INFO] - Step 100 | valid1 MSE : 0.2304 | valid1 NMSE : 0.3912
[2025-08-20 18:53:56,947][__main__][INFO] - Step 200 | valid1 MSE : 0.0368 | valid1 NMSE : 0.0624
[2025-08-20 18:53:58,388][__main__][INFO] - Step 300 | valid1 MSE : 0.0061 | valid1 NMSE : 0.0104
[2025-08-20 18:53:59,818][__main__][INFO] - Step 400 | valid1 MSE : 0.0043 | valid1 NMSE : 0.0073
[2025-08-20 18:54:01,389][__main__][INFO] - Step 500 | valid1 MSE : 0.0041 | valid1 NMSE : 0.0069
[2025-08-20 18:54:02,822][__main__][INFO] - Step 600 | valid1 MSE : 0.0039 | valid1 NMSE : 0.0066
[2025-08-20 18:54:04,403][__main__][INFO] - Step 700 | valid1 MSE : 0.0038 | valid1 NMSE : 0.0065
[2025-08-20 18:54:05,825][__main__][INFO] - Step 800 | valid1 MSE : 0.0037 | valid1 NMSE : 0.0063
[2025-08-20 18:54:07,244][__main__][INFO] - Step 900 | valid1 MSE : 0.0036 | valid1 NMSE : 0.0062
[2025-08-20 18:54:08,793][__main__][INFO] - Step 1000 | valid1 MSE : 0.0035 | valid1 NMSE : 0.0060
[2025-08-20 18:54:08,793][__main__][INFO] - Training done in 0.266 min
[2025-08-20 18:54:08,793][__main__][INFO] - Average time per step: 0.016 s
[2025-08-20 18:54:08,815][__main__][INFO] - End of training
[2025-08-20 18:54:09,627][__main__][INFO] - Plotted losses
[2025-08-20 18:54:09,627][__main__][INFO] - Computing test metrics
[2025-08-20 18:54:09,695][__main__][INFO] - Evaluation done in 0.001 min
[2025-08-20 18:54:09,809][__main__][INFO] - Evaluation done in 0.000 min
[2025-08-20 18:54:09,986][__main__][INFO] - Saved plots
[2025-08-20 18:54:09,986][__main__][INFO] - Final mIN parameters: {'beta': np.float32(-0.0019600852), 'alpha': np.float32(1.0042583)}
[2025-08-20 18:54:09,986][__main__][INFO] - End of script

[2025-08-20 18:54:15,181][__main__][INFO] - =====Running main script=====
[2025-08-20 18:54:15,188][__main__][INFO] - Fetched main configs, save directory : ../outputs/bench_min_1/seed_3/min/
[2025-08-20 18:54:15,188][__main__][INFO] - Model PatchTST, normalization mIN, criterion NMSE, kwargs {}
[2025-08-20 18:54:15,220][__main__][INFO] - Fetched dataloaders
[2025-08-20 18:54:15,225][__main__][INFO] - Training data shape : (70, 1, 1000)
[2025-08-20 18:54:15,225][__main__][INFO] - Batch sizes : X=torch.Size([70, 1, 100]), y=torch.Size([70, 1, 20])
[2025-08-20 18:54:17,400][__main__][INFO] - batch_size=70, learning_rate=1e-05, steps per epoch=1, epochs=1000
[2025-08-20 18:54:17,400][__main__][INFO] - Starting training...
[2025-08-20 18:54:17,400][__main__][INFO] - Using device: cuda
[2025-08-20 18:54:17,400][__main__][INFO] - Training 1000 epochs of 1 batches (1000 steps): , eval_freq: 100, print_freq: 100
[2025-08-20 18:54:18,452][__main__][INFO] - Step 1 | valid1 MSE : 0.9365 | valid1 NMSE : 1.5901
[2025-08-20 18:54:19,861][__main__][INFO] - Step 100 | valid1 MSE : 0.2303 | valid1 NMSE : 0.3910
[2025-08-20 18:54:21,434][__main__][INFO] - Step 200 | valid1 MSE : 0.0368 | valid1 NMSE : 0.0623
[2025-08-20 18:54:22,855][__main__][INFO] - Step 300 | valid1 MSE : 0.0061 | valid1 NMSE : 0.0104
[2025-08-20 18:54:24,279][__main__][INFO] - Step 400 | valid1 MSE : 0.0043 | valid1 NMSE : 0.0073
[2025-08-20 18:54:25,846][__main__][INFO] - Step 500 | valid1 MSE : 0.0041 | valid1 NMSE : 0.0069
[2025-08-20 18:54:27,263][__main__][INFO] - Step 600 | valid1 MSE : 0.0039 | valid1 NMSE : 0.0066
[2025-08-20 18:54:28,820][__main__][INFO] - Step 700 | valid1 MSE : 0.0038 | valid1 NMSE : 0.0065
[2025-08-20 18:54:30,247][__main__][INFO] - Step 800 | valid1 MSE : 0.0037 | valid1 NMSE : 0.0063
[2025-08-20 18:54:31,658][__main__][INFO] - Step 900 | valid1 MSE : 0.0037 | valid1 NMSE : 0.0062
[2025-08-20 18:54:33,225][__main__][INFO] - Step 1000 | valid1 MSE : 0.0035 | valid1 NMSE : 0.0060
[2025-08-20 18:54:33,225][__main__][INFO] - Training done in 0.264 min
[2025-08-20 18:54:33,225][__main__][INFO] - Average time per step: 0.016 s
[2025-08-20 18:54:33,247][__main__][INFO] - End of training
[2025-08-20 18:54:34,056][__main__][INFO] - Plotted losses
[2025-08-20 18:54:34,056][__main__][INFO] - Computing test metrics
[2025-08-20 18:54:34,123][__main__][INFO] - Evaluation done in 0.001 min
[2025-08-20 18:54:34,238][__main__][INFO] - Evaluation done in 0.000 min
[2025-08-20 18:54:34,414][__main__][INFO] - Saved plots
[2025-08-20 18:54:34,414][__main__][INFO] - Final mIN parameters: {'beta': np.float32(0.0019331084), 'alpha': np.float32(0.99660397)}
[2025-08-20 18:54:34,414][__main__][INFO] - End of script

[2025-08-20 18:54:39,976][__main__][INFO] - =====Running main script=====
[2025-08-20 18:54:39,982][__main__][INFO] - Fetched main configs, save directory : ../outputs/bench_min_1/seed_3/min_init/
[2025-08-20 18:54:39,982][__main__][INFO] - Model PatchTST, normalization mIN, criterion NMSE, kwargs {}
[2025-08-20 18:54:40,013][__main__][INFO] - Fetched dataloaders
[2025-08-20 18:54:40,017][__main__][INFO] - Training data shape : (70, 1, 1000)
[2025-08-20 18:54:40,017][__main__][INFO] - Batch sizes : X=torch.Size([70, 1, 100]), y=torch.Size([70, 1, 20])
[2025-08-20 18:54:42,401][__main__][INFO] - batch_size=70, learning_rate=1e-05, steps per epoch=1, epochs=1000
[2025-08-20 18:54:42,401][__main__][INFO] - Starting training...
[2025-08-20 18:54:42,401][__main__][INFO] - Using device: cuda
[2025-08-20 18:54:42,401][__main__][INFO] - Training 1000 epochs of 1 batches (1000 steps): , eval_freq: 100, print_freq: 100
[2025-08-20 18:54:43,438][__main__][INFO] - Step 1 | valid1 MSE : 0.5911 | valid1 NMSE : 1.0009
[2025-08-20 18:54:44,842][__main__][INFO] - Step 100 | valid1 MSE : 0.0670 | valid1 NMSE : 0.1132
[2025-08-20 18:54:46,381][__main__][INFO] - Step 200 | valid1 MSE : 0.0064 | valid1 NMSE : 0.0108
[2025-08-20 18:54:47,781][__main__][INFO] - Step 300 | valid1 MSE : 0.0040 | valid1 NMSE : 0.0068
[2025-08-20 18:54:49,180][__main__][INFO] - Step 400 | valid1 MSE : 0.0039 | valid1 NMSE : 0.0065
[2025-08-20 18:54:50,721][__main__][INFO] - Step 500 | valid1 MSE : 0.0037 | valid1 NMSE : 0.0063
[2025-08-20 18:54:52,127][__main__][INFO] - Step 600 | valid1 MSE : 0.0036 | valid1 NMSE : 0.0061
[2025-08-20 18:54:53,689][__main__][INFO] - Step 700 | valid1 MSE : 0.0035 | valid1 NMSE : 0.0059
[2025-08-20 18:54:55,104][__main__][INFO] - Step 800 | valid1 MSE : 0.0034 | valid1 NMSE : 0.0057
[2025-08-20 18:54:56,507][__main__][INFO] - Step 900 | valid1 MSE : 0.0033 | valid1 NMSE : 0.0056
[2025-08-20 18:54:58,057][__main__][INFO] - Step 1000 | valid1 MSE : 0.0033 | valid1 NMSE : 0.0055
[2025-08-20 18:54:58,057][__main__][INFO] - Training done in 0.261 min
[2025-08-20 18:54:58,057][__main__][INFO] - Average time per step: 0.016 s
[2025-08-20 18:54:58,078][__main__][INFO] - End of training
[2025-08-20 18:54:58,916][__main__][INFO] - Plotted losses
[2025-08-20 18:54:58,916][__main__][INFO] - Computing test metrics
[2025-08-20 18:54:58,979][__main__][INFO] - Evaluation done in 0.001 min
[2025-08-20 18:54:59,094][__main__][INFO] - Evaluation done in 0.000 min
[2025-08-20 18:54:59,267][__main__][INFO] - Saved plots
[2025-08-20 18:54:59,267][__main__][INFO] - Final mIN parameters: {'beta': np.float32(0.7797906), 'alpha': np.float32(0.94123656)}
[2025-08-20 18:54:59,267][__main__][INFO] - End of script

[2025-08-20 18:55:04,253][__main__][INFO] - =====Running main script=====
[2025-08-20 18:55:04,259][__main__][INFO] - Fetched main configs, save directory : ../outputs/bench_min_1/seed_3/min_fixed/
[2025-08-20 18:55:04,259][__main__][INFO] - Model PatchTST, normalization mIN, criterion NMSE, kwargs {}
[2025-08-20 18:55:04,289][__main__][INFO] - Fetched dataloaders
[2025-08-20 18:55:04,294][__main__][INFO] - Training data shape : (70, 1, 1000)
[2025-08-20 18:55:04,294][__main__][INFO] - Batch sizes : X=torch.Size([70, 1, 100]), y=torch.Size([70, 1, 20])
[2025-08-20 18:55:06,415][__main__][INFO] - batch_size=70, learning_rate=1e-05, steps per epoch=1, epochs=1000
[2025-08-20 18:55:06,415][__main__][INFO] - Starting training...
[2025-08-20 18:55:06,415][__main__][INFO] - Using device: cuda
[2025-08-20 18:55:06,415][__main__][INFO] - Training 1000 epochs of 1 batches (1000 steps): , eval_freq: 100, print_freq: 100
[2025-08-20 18:55:07,483][__main__][INFO] - Step 1 | valid1 MSE : 0.5911 | valid1 NMSE : 1.0009
[2025-08-20 18:55:08,901][__main__][INFO] - Step 100 | valid1 MSE : 0.0670 | valid1 NMSE : 0.1132
[2025-08-20 18:55:10,480][__main__][INFO] - Step 200 | valid1 MSE : 0.0064 | valid1 NMSE : 0.0108
[2025-08-20 18:55:11,888][__main__][INFO] - Step 300 | valid1 MSE : 0.0040 | valid1 NMSE : 0.0068
[2025-08-20 18:55:13,305][__main__][INFO] - Step 400 | valid1 MSE : 0.0039 | valid1 NMSE : 0.0065
[2025-08-20 18:55:14,865][__main__][INFO] - Step 500 | valid1 MSE : 0.0037 | valid1 NMSE : 0.0063
[2025-08-20 18:55:16,284][__main__][INFO] - Step 600 | valid1 MSE : 0.0036 | valid1 NMSE : 0.0061
[2025-08-20 18:55:17,841][__main__][INFO] - Step 700 | valid1 MSE : 0.0035 | valid1 NMSE : 0.0059
[2025-08-20 18:55:19,244][__main__][INFO] - Step 800 | valid1 MSE : 0.0034 | valid1 NMSE : 0.0057
[2025-08-20 18:55:20,638][__main__][INFO] - Step 900 | valid1 MSE : 0.0033 | valid1 NMSE : 0.0056
[2025-08-20 18:55:22,197][__main__][INFO] - Step 1000 | valid1 MSE : 0.0033 | valid1 NMSE : 0.0055
[2025-08-20 18:55:22,197][__main__][INFO] - Training done in 0.263 min
[2025-08-20 18:55:22,197][__main__][INFO] - Average time per step: 0.016 s
[2025-08-20 18:55:22,218][__main__][INFO] - End of training
[2025-08-20 18:55:22,997][__main__][INFO] - Plotted losses
[2025-08-20 18:55:22,997][__main__][INFO] - Computing test metrics
[2025-08-20 18:55:23,057][__main__][INFO] - Evaluation done in 0.001 min
[2025-08-20 18:55:23,171][__main__][INFO] - Evaluation done in 0.000 min
[2025-08-20 18:55:23,345][__main__][INFO] - Saved plots
[2025-08-20 18:55:23,346][__main__][INFO] - Final mIN parameters: {'beta': np.float32(0.7805), 'alpha': np.float32(0.9412365)}
[2025-08-20 18:55:23,346][__main__][INFO] - End of script

[2025-08-20 18:55:28,417][__main__][INFO] - =====Running main script=====
[2025-08-20 18:55:28,423][__main__][INFO] - Fetched main configs, save directory : ../outputs/bench_min_1/seed_3/min+revin/
[2025-08-20 18:55:28,423][__main__][INFO] - Model PatchTST, normalization mIN, criterion NMSE, kwargs {}
[2025-08-20 18:55:28,452][__main__][INFO] - Fetched dataloaders
[2025-08-20 18:55:28,457][__main__][INFO] - Training data shape : (70, 1, 1000)
[2025-08-20 18:55:28,457][__main__][INFO] - Batch sizes : X=torch.Size([70, 1, 100]), y=torch.Size([70, 1, 20])
[2025-08-20 18:55:30,611][__main__][INFO] - batch_size=70, learning_rate=1e-05, steps per epoch=1, epochs=1000
[2025-08-20 18:55:30,611][__main__][INFO] - Starting training...
[2025-08-20 18:55:30,611][__main__][INFO] - Using device: cuda
[2025-08-20 18:55:30,611][__main__][INFO] - Training 1000 epochs of 1 batches (1000 steps): , eval_freq: 100, print_freq: 100
[2025-08-20 18:55:31,677][__main__][INFO] - Step 1 | valid1 MSE : 0.9365 | valid1 NMSE : 1.5901
[2025-08-20 18:55:33,107][__main__][INFO] - Step 100 | valid1 MSE : 0.2298 | valid1 NMSE : 0.3903
[2025-08-20 18:55:34,686][__main__][INFO] - Step 200 | valid1 MSE : 0.0364 | valid1 NMSE : 0.0617
[2025-08-20 18:55:36,112][__main__][INFO] - Step 300 | valid1 MSE : 0.0061 | valid1 NMSE : 0.0103
[2025-08-20 18:55:37,538][__main__][INFO] - Step 400 | valid1 MSE : 0.0043 | valid1 NMSE : 0.0073
[2025-08-20 18:55:39,112][__main__][INFO] - Step 500 | valid1 MSE : 0.0041 | valid1 NMSE : 0.0069
[2025-08-20 18:55:40,543][__main__][INFO] - Step 600 | valid1 MSE : 0.0039 | valid1 NMSE : 0.0066
[2025-08-20 18:55:42,101][__main__][INFO] - Step 700 | valid1 MSE : 0.0038 | valid1 NMSE : 0.0065
[2025-08-20 18:55:43,529][__main__][INFO] - Step 800 | valid1 MSE : 0.0037 | valid1 NMSE : 0.0062
[2025-08-20 18:55:44,948][__main__][INFO] - Step 900 | valid1 MSE : 0.0036 | valid1 NMSE : 0.0062
[2025-08-20 18:55:46,553][__main__][INFO] - Step 1000 | valid1 MSE : 0.0035 | valid1 NMSE : 0.0060
[2025-08-20 18:55:46,553][__main__][INFO] - Training done in 0.266 min
[2025-08-20 18:55:46,553][__main__][INFO] - Average time per step: 0.016 s
[2025-08-20 18:55:46,574][__main__][INFO] - End of training
[2025-08-20 18:55:47,357][__main__][INFO] - Plotted losses
[2025-08-20 18:55:47,357][__main__][INFO] - Computing test metrics
[2025-08-20 18:55:47,423][__main__][INFO] - Evaluation done in 0.001 min
[2025-08-20 18:55:47,538][__main__][INFO] - Evaluation done in 0.000 min
[2025-08-20 18:55:47,713][__main__][INFO] - Saved plots
[2025-08-20 18:55:47,713][__main__][INFO] - Final mIN parameters: {'beta': np.float32(0.001935248), 'alpha': np.float32(0.9966192)}
[2025-08-20 18:55:47,713][__main__][INFO] - End of script

[2025-08-20 18:55:53,319][__main__][INFO] - =====Running main script=====
[2025-08-20 18:55:53,325][__main__][INFO] - Fetched main configs, save directory : ../outputs/bench_min_1/seed_3/min_init+revin/
[2025-08-20 18:55:53,325][__main__][INFO] - Model PatchTST, normalization mIN, criterion NMSE, kwargs {}
[2025-08-20 18:55:53,356][__main__][INFO] - Fetched dataloaders
[2025-08-20 18:55:53,360][__main__][INFO] - Training data shape : (70, 1, 1000)
[2025-08-20 18:55:53,360][__main__][INFO] - Batch sizes : X=torch.Size([70, 1, 100]), y=torch.Size([70, 1, 20])
[2025-08-20 18:55:55,766][__main__][INFO] - batch_size=70, learning_rate=1e-05, steps per epoch=1, epochs=1000
[2025-08-20 18:55:55,766][__main__][INFO] - Starting training...
[2025-08-20 18:55:55,766][__main__][INFO] - Using device: cuda
[2025-08-20 18:55:55,766][__main__][INFO] - Training 1000 epochs of 1 batches (1000 steps): , eval_freq: 100, print_freq: 100
[2025-08-20 18:55:56,850][__main__][INFO] - Step 1 | valid1 MSE : 0.5911 | valid1 NMSE : 1.0009
[2025-08-20 18:55:58,287][__main__][INFO] - Step 100 | valid1 MSE : 0.0670 | valid1 NMSE : 0.1132
[2025-08-20 18:55:59,863][__main__][INFO] - Step 200 | valid1 MSE : 0.0064 | valid1 NMSE : 0.0108
[2025-08-20 18:56:01,296][__main__][INFO] - Step 300 | valid1 MSE : 0.0040 | valid1 NMSE : 0.0068
[2025-08-20 18:56:02,725][__main__][INFO] - Step 400 | valid1 MSE : 0.0039 | valid1 NMSE : 0.0065
[2025-08-20 18:56:04,294][__main__][INFO] - Step 500 | valid1 MSE : 0.0037 | valid1 NMSE : 0.0063
[2025-08-20 18:56:05,721][__main__][INFO] - Step 600 | valid1 MSE : 0.0036 | valid1 NMSE : 0.0060
[2025-08-20 18:56:07,264][__main__][INFO] - Step 700 | valid1 MSE : 0.0035 | valid1 NMSE : 0.0059
[2025-08-20 18:56:08,698][__main__][INFO] - Step 800 | valid1 MSE : 0.0034 | valid1 NMSE : 0.0057
[2025-08-20 18:56:10,125][__main__][INFO] - Step 900 | valid1 MSE : 0.0033 | valid1 NMSE : 0.0056
[2025-08-20 18:56:11,729][__main__][INFO] - Step 1000 | valid1 MSE : 0.0032 | valid1 NMSE : 0.0055
[2025-08-20 18:56:11,729][__main__][INFO] - Training done in 0.266 min
[2025-08-20 18:56:11,729][__main__][INFO] - Average time per step: 0.016 s
[2025-08-20 18:56:11,749][__main__][INFO] - End of training
[2025-08-20 18:56:12,552][__main__][INFO] - Plotted losses
[2025-08-20 18:56:12,552][__main__][INFO] - Computing test metrics
[2025-08-20 18:56:12,614][__main__][INFO] - Evaluation done in 0.001 min
[2025-08-20 18:56:12,729][__main__][INFO] - Evaluation done in 0.000 min
[2025-08-20 18:56:12,903][__main__][INFO] - Saved plots
[2025-08-20 18:56:12,903][__main__][INFO] - Final mIN parameters: {'beta': np.float32(0.7797742), 'alpha': np.float32(0.9412744)}
[2025-08-20 18:56:12,903][__main__][INFO] - End of script

[2025-08-20 18:56:17,872][__main__][INFO] - =====Running main script=====
[2025-08-20 18:56:17,878][__main__][INFO] - Fetched main configs, save directory : ../outputs/bench_min_1/seed_3/min_fixed+revin/
[2025-08-20 18:56:17,878][__main__][INFO] - Model PatchTST, normalization mIN, criterion NMSE, kwargs {}
[2025-08-20 18:56:17,909][__main__][INFO] - Fetched dataloaders
[2025-08-20 18:56:17,914][__main__][INFO] - Training data shape : (70, 1, 1000)
[2025-08-20 18:56:17,914][__main__][INFO] - Batch sizes : X=torch.Size([70, 1, 100]), y=torch.Size([70, 1, 20])
[2025-08-20 18:56:19,949][__main__][INFO] - batch_size=70, learning_rate=1e-05, steps per epoch=1, epochs=1000
[2025-08-20 18:56:19,949][__main__][INFO] - Starting training...
[2025-08-20 18:56:19,949][__main__][INFO] - Using device: cuda
[2025-08-20 18:56:19,949][__main__][INFO] - Training 1000 epochs of 1 batches (1000 steps): , eval_freq: 100, print_freq: 100
[2025-08-20 18:56:21,000][__main__][INFO] - Step 1 | valid1 MSE : 0.5911 | valid1 NMSE : 1.0009
[2025-08-20 18:56:22,437][__main__][INFO] - Step 100 | valid1 MSE : 0.0670 | valid1 NMSE : 0.1132
[2025-08-20 18:56:24,009][__main__][INFO] - Step 200 | valid1 MSE : 0.0064 | valid1 NMSE : 0.0108
[2025-08-20 18:56:25,439][__main__][INFO] - Step 300 | valid1 MSE : 0.0040 | valid1 NMSE : 0.0068
[2025-08-20 18:56:26,864][__main__][INFO] - Step 400 | valid1 MSE : 0.0039 | valid1 NMSE : 0.0065
[2025-08-20 18:56:28,433][__main__][INFO] - Step 500 | valid1 MSE : 0.0037 | valid1 NMSE : 0.0063
[2025-08-20 18:56:29,857][__main__][INFO] - Step 600 | valid1 MSE : 0.0036 | valid1 NMSE : 0.0060
[2025-08-20 18:56:31,421][__main__][INFO] - Step 700 | valid1 MSE : 0.0035 | valid1 NMSE : 0.0059
[2025-08-20 18:56:32,859][__main__][INFO] - Step 800 | valid1 MSE : 0.0034 | valid1 NMSE : 0.0057
[2025-08-20 18:56:34,274][__main__][INFO] - Step 900 | valid1 MSE : 0.0033 | valid1 NMSE : 0.0056
[2025-08-20 18:56:35,864][__main__][INFO] - Step 1000 | valid1 MSE : 0.0032 | valid1 NMSE : 0.0055
[2025-08-20 18:56:35,865][__main__][INFO] - Training done in 0.265 min
[2025-08-20 18:56:35,865][__main__][INFO] - Average time per step: 0.016 s
[2025-08-20 18:56:35,885][__main__][INFO] - End of training
[2025-08-20 18:56:36,660][__main__][INFO] - Plotted losses
[2025-08-20 18:56:36,660][__main__][INFO] - Computing test metrics
[2025-08-20 18:56:36,721][__main__][INFO] - Evaluation done in 0.001 min
[2025-08-20 18:56:36,837][__main__][INFO] - Evaluation done in 0.000 min
[2025-08-20 18:56:37,011][__main__][INFO] - Saved plots
[2025-08-20 18:56:37,012][__main__][INFO] - Final mIN parameters: {'beta': np.float32(0.7805), 'alpha': np.float32(0.9412742)}
[2025-08-20 18:56:37,012][__main__][INFO] - End of script

[2025-08-20 18:56:42,147][__main__][INFO] - =====Running main script=====
[2025-08-20 18:56:42,153][__main__][INFO] - Fetched main configs, save directory : ../outputs/bench_min_1/seed_3/min+gamma/
[2025-08-20 18:56:42,153][__main__][INFO] - Model PatchTST, normalization mIN, criterion NMSE, kwargs {}
[2025-08-20 18:56:42,183][__main__][INFO] - Fetched dataloaders
[2025-08-20 18:56:42,188][__main__][INFO] - Training data shape : (70, 1, 1000)
[2025-08-20 18:56:42,188][__main__][INFO] - Batch sizes : X=torch.Size([70, 1, 100]), y=torch.Size([70, 1, 20])
[2025-08-20 18:56:44,432][__main__][INFO] - batch_size=70, learning_rate=1e-05, steps per epoch=1, epochs=1000
[2025-08-20 18:56:44,433][__main__][INFO] - Starting training...
[2025-08-20 18:56:44,433][__main__][INFO] - Using device: cuda
[2025-08-20 18:56:44,433][__main__][INFO] - Training 1000 epochs of 1 batches (1000 steps): , eval_freq: 100, print_freq: 100
[2025-08-20 18:56:45,502][__main__][INFO] - Step 1 | valid1 MSE : 0.9365 | valid1 NMSE : 1.5901
[2025-08-20 18:56:46,937][__main__][INFO] - Step 100 | valid1 MSE : 0.2298 | valid1 NMSE : 0.3903
[2025-08-20 18:56:48,507][__main__][INFO] - Step 200 | valid1 MSE : 0.0364 | valid1 NMSE : 0.0617
[2025-08-20 18:56:49,934][__main__][INFO] - Step 300 | valid1 MSE : 0.0061 | valid1 NMSE : 0.0103
[2025-08-20 18:56:51,361][__main__][INFO] - Step 400 | valid1 MSE : 0.0043 | valid1 NMSE : 0.0073
[2025-08-20 18:56:52,915][__main__][INFO] - Step 500 | valid1 MSE : 0.0041 | valid1 NMSE : 0.0069
[2025-08-20 18:56:54,335][__main__][INFO] - Step 600 | valid1 MSE : 0.0039 | valid1 NMSE : 0.0066
[2025-08-20 18:56:55,884][__main__][INFO] - Step 700 | valid1 MSE : 0.0038 | valid1 NMSE : 0.0065
[2025-08-20 18:56:57,305][__main__][INFO] - Step 800 | valid1 MSE : 0.0037 | valid1 NMSE : 0.0062
[2025-08-20 18:56:58,714][__main__][INFO] - Step 900 | valid1 MSE : 0.0036 | valid1 NMSE : 0.0062
[2025-08-20 18:57:00,309][__main__][INFO] - Step 1000 | valid1 MSE : 0.0035 | valid1 NMSE : 0.0060
[2025-08-20 18:57:00,309][__main__][INFO] - Training done in 0.265 min
[2025-08-20 18:57:00,309][__main__][INFO] - Average time per step: 0.016 s
[2025-08-20 18:57:00,329][__main__][INFO] - End of training
[2025-08-20 18:57:01,086][__main__][INFO] - Plotted losses
[2025-08-20 18:57:01,087][__main__][INFO] - Computing test metrics
[2025-08-20 18:57:01,152][__main__][INFO] - Evaluation done in 0.001 min
[2025-08-20 18:57:01,266][__main__][INFO] - Evaluation done in 0.000 min
[2025-08-20 18:57:01,441][__main__][INFO] - Saved plots
[2025-08-20 18:57:01,441][__main__][INFO] - Final mIN parameters: {'beta': np.float32(0.001935248), 'alpha': np.float32(0.9966192)}
[2025-08-20 18:57:01,441][__main__][INFO] - End of script

[2025-08-20 18:57:07,099][__main__][INFO] - =====Running main script=====
[2025-08-20 18:57:07,105][__main__][INFO] - Fetched main configs, save directory : ../outputs/bench_min_1/seed_3/min_init+gamma/
[2025-08-20 18:57:07,105][__main__][INFO] - Model PatchTST, normalization mIN, criterion NMSE, kwargs {}
[2025-08-20 18:57:07,138][__main__][INFO] - Fetched dataloaders
[2025-08-20 18:57:07,142][__main__][INFO] - Training data shape : (70, 1, 1000)
[2025-08-20 18:57:07,142][__main__][INFO] - Batch sizes : X=torch.Size([70, 1, 100]), y=torch.Size([70, 1, 20])
[2025-08-20 18:57:09,628][__main__][INFO] - batch_size=70, learning_rate=1e-05, steps per epoch=1, epochs=1000
[2025-08-20 18:57:09,628][__main__][INFO] - Starting training...
[2025-08-20 18:57:09,628][__main__][INFO] - Using device: cuda
[2025-08-20 18:57:09,628][__main__][INFO] - Training 1000 epochs of 1 batches (1000 steps): , eval_freq: 100, print_freq: 100
[2025-08-20 18:57:10,706][__main__][INFO] - Step 1 | valid1 MSE : 0.5911 | valid1 NMSE : 1.0009
[2025-08-20 18:57:12,131][__main__][INFO] - Step 100 | valid1 MSE : 0.0670 | valid1 NMSE : 0.1132
[2025-08-20 18:57:13,718][__main__][INFO] - Step 200 | valid1 MSE : 0.0064 | valid1 NMSE : 0.0108
[2025-08-20 18:57:15,141][__main__][INFO] - Step 300 | valid1 MSE : 0.0040 | valid1 NMSE : 0.0068
[2025-08-20 18:57:16,564][__main__][INFO] - Step 400 | valid1 MSE : 0.0039 | valid1 NMSE : 0.0065
[2025-08-20 18:57:18,147][__main__][INFO] - Step 500 | valid1 MSE : 0.0037 | valid1 NMSE : 0.0063
[2025-08-20 18:57:19,583][__main__][INFO] - Step 600 | valid1 MSE : 0.0036 | valid1 NMSE : 0.0060
[2025-08-20 18:57:21,134][__main__][INFO] - Step 700 | valid1 MSE : 0.0035 | valid1 NMSE : 0.0059
[2025-08-20 18:57:22,577][__main__][INFO] - Step 800 | valid1 MSE : 0.0034 | valid1 NMSE : 0.0057
[2025-08-20 18:57:23,994][__main__][INFO] - Step 900 | valid1 MSE : 0.0033 | valid1 NMSE : 0.0056
[2025-08-20 18:57:25,595][__main__][INFO] - Step 1000 | valid1 MSE : 0.0032 | valid1 NMSE : 0.0055
[2025-08-20 18:57:25,595][__main__][INFO] - Training done in 0.266 min
[2025-08-20 18:57:25,595][__main__][INFO] - Average time per step: 0.016 s
[2025-08-20 18:57:25,616][__main__][INFO] - End of training
[2025-08-20 18:57:26,461][__main__][INFO] - Plotted losses
[2025-08-20 18:57:26,461][__main__][INFO] - Computing test metrics
[2025-08-20 18:57:26,522][__main__][INFO] - Evaluation done in 0.001 min
[2025-08-20 18:57:26,637][__main__][INFO] - Evaluation done in 0.000 min
[2025-08-20 18:57:26,811][__main__][INFO] - Saved plots
[2025-08-20 18:57:26,811][__main__][INFO] - Final mIN parameters: {'beta': np.float32(0.7797742), 'alpha': np.float32(0.9412744)}
[2025-08-20 18:57:26,811][__main__][INFO] - End of script

[2025-08-20 18:57:32,034][__main__][INFO] - =====Running main script=====
[2025-08-20 18:57:32,040][__main__][INFO] - Fetched main configs, save directory : ../outputs/bench_min_1/seed_3/min_fixed+gamma/
[2025-08-20 18:57:32,040][__main__][INFO] - Model PatchTST, normalization mIN, criterion NMSE, kwargs {}
[2025-08-20 18:57:32,071][__main__][INFO] - Fetched dataloaders
[2025-08-20 18:57:32,075][__main__][INFO] - Training data shape : (70, 1, 1000)
[2025-08-20 18:57:32,076][__main__][INFO] - Batch sizes : X=torch.Size([70, 1, 100]), y=torch.Size([70, 1, 20])
[2025-08-20 18:57:34,153][__main__][INFO] - batch_size=70, learning_rate=1e-05, steps per epoch=1, epochs=1000
[2025-08-20 18:57:34,153][__main__][INFO] - Starting training...
[2025-08-20 18:57:34,153][__main__][INFO] - Using device: cuda
[2025-08-20 18:57:34,153][__main__][INFO] - Training 1000 epochs of 1 batches (1000 steps): , eval_freq: 100, print_freq: 100
[2025-08-20 18:57:35,200][__main__][INFO] - Step 1 | valid1 MSE : 0.5911 | valid1 NMSE : 1.0009
[2025-08-20 18:57:36,620][__main__][INFO] - Step 100 | valid1 MSE : 0.0670 | valid1 NMSE : 0.1132
[2025-08-20 18:57:38,187][__main__][INFO] - Step 200 | valid1 MSE : 0.0064 | valid1 NMSE : 0.0108
[2025-08-20 18:57:39,611][__main__][INFO] - Step 300 | valid1 MSE : 0.0040 | valid1 NMSE : 0.0068
[2025-08-20 18:57:41,033][__main__][INFO] - Step 400 | valid1 MSE : 0.0039 | valid1 NMSE : 0.0065
[2025-08-20 18:57:42,604][__main__][INFO] - Step 500 | valid1 MSE : 0.0037 | valid1 NMSE : 0.0063
[2025-08-20 18:57:44,033][__main__][INFO] - Step 600 | valid1 MSE : 0.0036 | valid1 NMSE : 0.0060
[2025-08-20 18:57:45,609][__main__][INFO] - Step 700 | valid1 MSE : 0.0035 | valid1 NMSE : 0.0059
[2025-08-20 18:57:47,039][__main__][INFO] - Step 800 | valid1 MSE : 0.0034 | valid1 NMSE : 0.0057
[2025-08-20 18:57:48,459][__main__][INFO] - Step 900 | valid1 MSE : 0.0033 | valid1 NMSE : 0.0056
[2025-08-20 18:57:50,067][__main__][INFO] - Step 1000 | valid1 MSE : 0.0032 | valid1 NMSE : 0.0055
[2025-08-20 18:57:50,068][__main__][INFO] - Training done in 0.265 min
[2025-08-20 18:57:50,068][__main__][INFO] - Average time per step: 0.016 s
[2025-08-20 18:57:50,088][__main__][INFO] - End of training
[2025-08-20 18:57:50,847][__main__][INFO] - Plotted losses
[2025-08-20 18:57:50,847][__main__][INFO] - Computing test metrics
[2025-08-20 18:57:50,907][__main__][INFO] - Evaluation done in 0.001 min
[2025-08-20 18:57:51,023][__main__][INFO] - Evaluation done in 0.000 min
[2025-08-20 18:57:51,197][__main__][INFO] - Saved plots
[2025-08-20 18:57:51,197][__main__][INFO] - Final mIN parameters: {'beta': np.float32(0.7805), 'alpha': np.float32(0.9412742)}
[2025-08-20 18:57:51,198][__main__][INFO] - End of script

[2025-08-20 18:58:02,298][__main__][INFO] - =====Running main script=====
[2025-08-20 18:58:02,305][__main__][INFO] - Fetched main configs, save directory : ../outputs/bench_min_1/seed_4/PatchTST_instance_NMSE/
[2025-08-20 18:58:02,305][__main__][INFO] - Model PatchTST, normalization instance, criterion NMSE, kwargs {}
[2025-08-20 18:58:02,335][__main__][INFO] - Fetched dataloaders
[2025-08-20 18:58:02,340][__main__][INFO] - Training data shape : (70, 1, 1000)
[2025-08-20 18:58:02,340][__main__][INFO] - Batch sizes : X=torch.Size([70, 1, 100]), y=torch.Size([70, 1, 20])
[2025-08-20 18:58:04,491][__main__][INFO] - batch_size=70, learning_rate=1e-05, steps per epoch=1, epochs=1000
[2025-08-20 18:58:04,491][__main__][INFO] - Starting training...
[2025-08-20 18:58:04,491][__main__][INFO] - Using device: cuda
[2025-08-20 18:58:04,491][__main__][INFO] - Training 1000 epochs of 1 batches (1000 steps): , eval_freq: 100, print_freq: 100
[2025-08-20 18:58:05,553][__main__][INFO] - Step 1 | valid1 MSE : 1.0304 | valid1 NMSE : 1.7378
[2025-08-20 18:58:06,981][__main__][INFO] - Step 100 | valid1 MSE : 0.3072 | valid1 NMSE : 0.5174
[2025-08-20 18:58:08,546][__main__][INFO] - Step 200 | valid1 MSE : 0.0679 | valid1 NMSE : 0.1144
[2025-08-20 18:58:09,949][__main__][INFO] - Step 300 | valid1 MSE : 0.0107 | valid1 NMSE : 0.0181
[2025-08-20 18:58:11,350][__main__][INFO] - Step 400 | valid1 MSE : 0.0043 | valid1 NMSE : 0.0073
[2025-08-20 18:58:12,886][__main__][INFO] - Step 500 | valid1 MSE : 0.0040 | valid1 NMSE : 0.0067
[2025-08-20 18:58:14,284][__main__][INFO] - Step 600 | valid1 MSE : 0.0039 | valid1 NMSE : 0.0065
[2025-08-20 18:58:15,810][__main__][INFO] - Step 700 | valid1 MSE : 0.0038 | valid1 NMSE : 0.0064
[2025-08-20 18:58:17,202][__main__][INFO] - Step 800 | valid1 MSE : 0.0037 | valid1 NMSE : 0.0062
[2025-08-20 18:58:18,596][__main__][INFO] - Step 900 | valid1 MSE : 0.0036 | valid1 NMSE : 0.0061
[2025-08-20 18:58:20,136][__main__][INFO] - Step 1000 | valid1 MSE : 0.0035 | valid1 NMSE : 0.0059
[2025-08-20 18:58:20,136][__main__][INFO] - Training done in 0.261 min
[2025-08-20 18:58:20,136][__main__][INFO] - Average time per step: 0.016 s
[2025-08-20 18:58:20,156][__main__][INFO] - End of training
[2025-08-20 18:58:20,798][__main__][INFO] - Plotted losses
[2025-08-20 18:58:20,798][__main__][INFO] - Computing test metrics
[2025-08-20 18:58:20,859][__main__][INFO] - Evaluation done in 0.001 min
[2025-08-20 18:58:20,974][__main__][INFO] - Evaluation done in 0.000 min
[2025-08-20 18:58:21,145][__main__][INFO] - Saved plots
[2025-08-20 18:58:21,145][__main__][INFO] - End of script

[2025-08-20 18:58:26,829][__main__][INFO] - =====Running main script=====
[2025-08-20 18:58:26,835][__main__][INFO] - Fetched main configs, save directory : ../outputs/bench_min_1/seed_4/PatchTST_revin_NMSE/
[2025-08-20 18:58:26,835][__main__][INFO] - Model PatchTST, normalization revin, criterion NMSE, kwargs {}
[2025-08-20 18:58:26,866][__main__][INFO] - Fetched dataloaders
[2025-08-20 18:58:26,871][__main__][INFO] - Training data shape : (70, 1, 1000)
[2025-08-20 18:58:26,871][__main__][INFO] - Batch sizes : X=torch.Size([70, 1, 100]), y=torch.Size([70, 1, 20])
[2025-08-20 18:58:29,300][__main__][INFO] - batch_size=70, learning_rate=1e-05, steps per epoch=1, epochs=1000
[2025-08-20 18:58:29,300][__main__][INFO] - Starting training...
[2025-08-20 18:58:29,300][__main__][INFO] - Using device: cuda
[2025-08-20 18:58:29,300][__main__][INFO] - Training 1000 epochs of 1 batches (1000 steps): , eval_freq: 100, print_freq: 100
[2025-08-20 18:58:30,384][__main__][INFO] - Step 1 | valid1 MSE : 1.0304 | valid1 NMSE : 1.7378
[2025-08-20 18:58:31,815][__main__][INFO] - Step 100 | valid1 MSE : 0.3067 | valid1 NMSE : 0.5166
[2025-08-20 18:58:33,372][__main__][INFO] - Step 200 | valid1 MSE : 0.0674 | valid1 NMSE : 0.1136
[2025-08-20 18:58:34,790][__main__][INFO] - Step 300 | valid1 MSE : 0.0106 | valid1 NMSE : 0.0180
[2025-08-20 18:58:36,207][__main__][INFO] - Step 400 | valid1 MSE : 0.0043 | valid1 NMSE : 0.0073
[2025-08-20 18:58:37,763][__main__][INFO] - Step 500 | valid1 MSE : 0.0040 | valid1 NMSE : 0.0067
[2025-08-20 18:58:39,186][__main__][INFO] - Step 600 | valid1 MSE : 0.0039 | valid1 NMSE : 0.0065
[2025-08-20 18:58:40,766][__main__][INFO] - Step 700 | valid1 MSE : 0.0038 | valid1 NMSE : 0.0064
[2025-08-20 18:58:42,183][__main__][INFO] - Step 800 | valid1 MSE : 0.0037 | valid1 NMSE : 0.0062
[2025-08-20 18:58:43,601][__main__][INFO] - Step 900 | valid1 MSE : 0.0036 | valid1 NMSE : 0.0061
[2025-08-20 18:58:45,176][__main__][INFO] - Step 1000 | valid1 MSE : 0.0035 | valid1 NMSE : 0.0059
[2025-08-20 18:58:45,176][__main__][INFO] - Training done in 0.265 min
[2025-08-20 18:58:45,176][__main__][INFO] - Average time per step: 0.016 s
[2025-08-20 18:58:45,197][__main__][INFO] - End of training
[2025-08-20 18:58:45,997][__main__][INFO] - Plotted losses
[2025-08-20 18:58:45,997][__main__][INFO] - Computing test metrics
[2025-08-20 18:58:46,058][__main__][INFO] - Evaluation done in 0.001 min
[2025-08-20 18:58:46,175][__main__][INFO] - Evaluation done in 0.000 min
[2025-08-20 18:58:46,355][__main__][INFO] - Saved plots
[2025-08-20 18:58:46,355][__main__][INFO] - Final mIN parameters: {'beta': np.float32(-0.002288872), 'alpha': np.float32(1.0040205)}
[2025-08-20 18:58:46,355][__main__][INFO] - End of script

[2025-08-20 18:58:51,449][__main__][INFO] - =====Running main script=====
[2025-08-20 18:58:51,455][__main__][INFO] - Fetched main configs, save directory : ../outputs/bench_min_1/seed_4/min/
[2025-08-20 18:58:51,455][__main__][INFO] - Model PatchTST, normalization mIN, criterion NMSE, kwargs {}
[2025-08-20 18:58:51,485][__main__][INFO] - Fetched dataloaders
[2025-08-20 18:58:51,489][__main__][INFO] - Training data shape : (70, 1, 1000)
[2025-08-20 18:58:51,489][__main__][INFO] - Batch sizes : X=torch.Size([70, 1, 100]), y=torch.Size([70, 1, 20])
[2025-08-20 18:58:53,623][__main__][INFO] - batch_size=70, learning_rate=1e-05, steps per epoch=1, epochs=1000
[2025-08-20 18:58:53,623][__main__][INFO] - Starting training...
[2025-08-20 18:58:53,623][__main__][INFO] - Using device: cuda
[2025-08-20 18:58:53,623][__main__][INFO] - Training 1000 epochs of 1 batches (1000 steps): , eval_freq: 100, print_freq: 100
[2025-08-20 18:58:54,689][__main__][INFO] - Step 1 | valid1 MSE : 1.0304 | valid1 NMSE : 1.7378
[2025-08-20 18:58:56,104][__main__][INFO] - Step 100 | valid1 MSE : 0.3067 | valid1 NMSE : 0.5166
[2025-08-20 18:58:57,666][__main__][INFO] - Step 200 | valid1 MSE : 0.0673 | valid1 NMSE : 0.1135
[2025-08-20 18:58:59,087][__main__][INFO] - Step 300 | valid1 MSE : 0.0106 | valid1 NMSE : 0.0179
[2025-08-20 18:59:00,497][__main__][INFO] - Step 400 | valid1 MSE : 0.0043 | valid1 NMSE : 0.0073
[2025-08-20 18:59:02,035][__main__][INFO] - Step 500 | valid1 MSE : 0.0040 | valid1 NMSE : 0.0067
[2025-08-20 18:59:03,438][__main__][INFO] - Step 600 | valid1 MSE : 0.0039 | valid1 NMSE : 0.0065
[2025-08-20 18:59:04,986][__main__][INFO] - Step 700 | valid1 MSE : 0.0038 | valid1 NMSE : 0.0064
[2025-08-20 18:59:06,395][__main__][INFO] - Step 800 | valid1 MSE : 0.0037 | valid1 NMSE : 0.0062
[2025-08-20 18:59:07,801][__main__][INFO] - Step 900 | valid1 MSE : 0.0036 | valid1 NMSE : 0.0061
[2025-08-20 18:59:09,355][__main__][INFO] - Step 1000 | valid1 MSE : 0.0035 | valid1 NMSE : 0.0059
[2025-08-20 18:59:09,356][__main__][INFO] - Training done in 0.262 min
[2025-08-20 18:59:09,356][__main__][INFO] - Average time per step: 0.016 s
[2025-08-20 18:59:09,376][__main__][INFO] - End of training
[2025-08-20 18:59:10,130][__main__][INFO] - Plotted losses
[2025-08-20 18:59:10,130][__main__][INFO] - Computing test metrics
[2025-08-20 18:59:10,197][__main__][INFO] - Evaluation done in 0.001 min
[2025-08-20 18:59:10,312][__main__][INFO] - Evaluation done in 0.000 min
[2025-08-20 18:59:10,484][__main__][INFO] - Saved plots
[2025-08-20 18:59:10,484][__main__][INFO] - Final mIN parameters: {'beta': np.float32(0.0021998535), 'alpha': np.float32(0.99658245)}
[2025-08-20 18:59:10,484][__main__][INFO] - End of script

[2025-08-20 18:59:15,459][__main__][INFO] - =====Running main script=====
[2025-08-20 18:59:15,464][__main__][INFO] - Fetched main configs, save directory : ../outputs/bench_min_1/seed_4/min_init/
[2025-08-20 18:59:15,464][__main__][INFO] - Model PatchTST, normalization mIN, criterion NMSE, kwargs {}
[2025-08-20 18:59:15,495][__main__][INFO] - Fetched dataloaders
[2025-08-20 18:59:15,499][__main__][INFO] - Training data shape : (70, 1, 1000)
[2025-08-20 18:59:15,499][__main__][INFO] - Batch sizes : X=torch.Size([70, 1, 100]), y=torch.Size([70, 1, 20])
[2025-08-20 18:59:17,652][__main__][INFO] - batch_size=70, learning_rate=1e-05, steps per epoch=1, epochs=1000
[2025-08-20 18:59:17,652][__main__][INFO] - Starting training...
[2025-08-20 18:59:17,652][__main__][INFO] - Using device: cuda
[2025-08-20 18:59:17,652][__main__][INFO] - Training 1000 epochs of 1 batches (1000 steps): , eval_freq: 100, print_freq: 100
[2025-08-20 18:59:18,700][__main__][INFO] - Step 1 | valid1 MSE : 0.6485 | valid1 NMSE : 1.0973
[2025-08-20 18:59:20,106][__main__][INFO] - Step 100 | valid1 MSE : 0.0886 | valid1 NMSE : 0.1498
[2025-08-20 18:59:21,654][__main__][INFO] - Step 200 | valid1 MSE : 0.0081 | valid1 NMSE : 0.0137
[2025-08-20 18:59:23,056][__main__][INFO] - Step 300 | valid1 MSE : 0.0042 | valid1 NMSE : 0.0070
[2025-08-20 18:59:24,456][__main__][INFO] - Step 400 | valid1 MSE : 0.0038 | valid1 NMSE : 0.0064
[2025-08-20 18:59:26,006][__main__][INFO] - Step 500 | valid1 MSE : 0.0036 | valid1 NMSE : 0.0062
[2025-08-20 18:59:27,425][__main__][INFO] - Step 600 | valid1 MSE : 0.0036 | valid1 NMSE : 0.0060
[2025-08-20 18:59:28,963][__main__][INFO] - Step 700 | valid1 MSE : 0.0034 | valid1 NMSE : 0.0058
[2025-08-20 18:59:30,375][__main__][INFO] - Step 800 | valid1 MSE : 0.0034 | valid1 NMSE : 0.0057
[2025-08-20 18:59:31,779][__main__][INFO] - Step 900 | valid1 MSE : 0.0033 | valid1 NMSE : 0.0055
[2025-08-20 18:59:33,369][__main__][INFO] - Step 1000 | valid1 MSE : 0.0032 | valid1 NMSE : 0.0054
[2025-08-20 18:59:33,369][__main__][INFO] - Training done in 0.262 min
[2025-08-20 18:59:33,369][__main__][INFO] - Average time per step: 0.016 s
[2025-08-20 18:59:33,389][__main__][INFO] - End of training
[2025-08-20 18:59:34,136][__main__][INFO] - Plotted losses
[2025-08-20 18:59:34,136][__main__][INFO] - Computing test metrics
[2025-08-20 18:59:34,197][__main__][INFO] - Evaluation done in 0.001 min
[2025-08-20 18:59:34,313][__main__][INFO] - Evaluation done in 0.000 min
[2025-08-20 18:59:34,486][__main__][INFO] - Saved plots
[2025-08-20 18:59:34,487][__main__][INFO] - Final mIN parameters: {'beta': np.float32(0.7824527), 'alpha': np.float32(0.9420574)}
[2025-08-20 18:59:34,487][__main__][INFO] - End of script

[2025-08-20 18:59:40,038][__main__][INFO] - =====Running main script=====
[2025-08-20 18:59:40,043][__main__][INFO] - Fetched main configs, save directory : ../outputs/bench_min_1/seed_4/min_fixed/
[2025-08-20 18:59:40,044][__main__][INFO] - Model PatchTST, normalization mIN, criterion NMSE, kwargs {}
[2025-08-20 18:59:40,075][__main__][INFO] - Fetched dataloaders
[2025-08-20 18:59:40,079][__main__][INFO] - Training data shape : (70, 1, 1000)
[2025-08-20 18:59:40,079][__main__][INFO] - Batch sizes : X=torch.Size([70, 1, 100]), y=torch.Size([70, 1, 20])
[2025-08-20 18:59:42,444][__main__][INFO] - batch_size=70, learning_rate=1e-05, steps per epoch=1, epochs=1000
[2025-08-20 18:59:42,444][__main__][INFO] - Starting training...
[2025-08-20 18:59:42,444][__main__][INFO] - Using device: cuda
[2025-08-20 18:59:42,444][__main__][INFO] - Training 1000 epochs of 1 batches (1000 steps): , eval_freq: 100, print_freq: 100
[2025-08-20 18:59:43,503][__main__][INFO] - Step 1 | valid1 MSE : 0.6485 | valid1 NMSE : 1.0973
[2025-08-20 18:59:44,910][__main__][INFO] - Step 100 | valid1 MSE : 0.0886 | valid1 NMSE : 0.1499
[2025-08-20 18:59:46,481][__main__][INFO] - Step 200 | valid1 MSE : 0.0081 | valid1 NMSE : 0.0137
[2025-08-20 18:59:47,893][__main__][INFO] - Step 300 | valid1 MSE : 0.0042 | valid1 NMSE : 0.0070
[2025-08-20 18:59:49,296][__main__][INFO] - Step 400 | valid1 MSE : 0.0038 | valid1 NMSE : 0.0064
[2025-08-20 18:59:50,825][__main__][INFO] - Step 500 | valid1 MSE : 0.0036 | valid1 NMSE : 0.0062
[2025-08-20 18:59:52,221][__main__][INFO] - Step 600 | valid1 MSE : 0.0036 | valid1 NMSE : 0.0060
[2025-08-20 18:59:53,783][__main__][INFO] - Step 700 | valid1 MSE : 0.0034 | valid1 NMSE : 0.0058
[2025-08-20 18:59:55,193][__main__][INFO] - Step 800 | valid1 MSE : 0.0034 | valid1 NMSE : 0.0057
[2025-08-20 18:59:56,594][__main__][INFO] - Step 900 | valid1 MSE : 0.0033 | valid1 NMSE : 0.0055
[2025-08-20 18:59:58,151][__main__][INFO] - Step 1000 | valid1 MSE : 0.0032 | valid1 NMSE : 0.0054
[2025-08-20 18:59:58,151][__main__][INFO] - Training done in 0.262 min
[2025-08-20 18:59:58,151][__main__][INFO] - Average time per step: 0.016 s
[2025-08-20 18:59:58,172][__main__][INFO] - End of training
[2025-08-20 18:59:59,001][__main__][INFO] - Plotted losses
[2025-08-20 18:59:59,001][__main__][INFO] - Computing test metrics
[2025-08-20 18:59:59,065][__main__][INFO] - Evaluation done in 0.001 min
[2025-08-20 18:59:59,180][__main__][INFO] - Evaluation done in 0.000 min
[2025-08-20 18:59:59,357][__main__][INFO] - Saved plots
[2025-08-20 18:59:59,357][__main__][INFO] - Final mIN parameters: {'beta': np.float32(0.7805), 'alpha': np.float32(0.9420576)}
[2025-08-20 18:59:59,357][__main__][INFO] - End of script

[2025-08-20 19:00:04,655][__main__][INFO] - =====Running main script=====
[2025-08-20 19:00:04,661][__main__][INFO] - Fetched main configs, save directory : ../outputs/bench_min_1/seed_4/min+revin/
[2025-08-20 19:00:04,661][__main__][INFO] - Model PatchTST, normalization mIN, criterion NMSE, kwargs {}
[2025-08-20 19:00:04,694][__main__][INFO] - Fetched dataloaders
[2025-08-20 19:00:04,698][__main__][INFO] - Training data shape : (70, 1, 1000)
[2025-08-20 19:00:04,698][__main__][INFO] - Batch sizes : X=torch.Size([70, 1, 100]), y=torch.Size([70, 1, 20])
[2025-08-20 19:00:06,906][__main__][INFO] - batch_size=70, learning_rate=1e-05, steps per epoch=1, epochs=1000
[2025-08-20 19:00:06,906][__main__][INFO] - Starting training...
[2025-08-20 19:00:06,907][__main__][INFO] - Using device: cuda
[2025-08-20 19:00:06,907][__main__][INFO] - Training 1000 epochs of 1 batches (1000 steps): , eval_freq: 100, print_freq: 100
[2025-08-20 19:00:07,967][__main__][INFO] - Step 1 | valid1 MSE : 1.0304 | valid1 NMSE : 1.7378
[2025-08-20 19:00:09,410][__main__][INFO] - Step 100 | valid1 MSE : 0.3062 | valid1 NMSE : 0.5158
[2025-08-20 19:00:10,994][__main__][INFO] - Step 200 | valid1 MSE : 0.0669 | valid1 NMSE : 0.1127
[2025-08-20 19:00:12,425][__main__][INFO] - Step 300 | valid1 MSE : 0.0105 | valid1 NMSE : 0.0178
[2025-08-20 19:00:13,855][__main__][INFO] - Step 400 | valid1 MSE : 0.0043 | valid1 NMSE : 0.0073
[2025-08-20 19:00:15,430][__main__][INFO] - Step 500 | valid1 MSE : 0.0040 | valid1 NMSE : 0.0067
[2025-08-20 19:00:16,863][__main__][INFO] - Step 600 | valid1 MSE : 0.0039 | valid1 NMSE : 0.0065
[2025-08-20 19:00:18,422][__main__][INFO] - Step 700 | valid1 MSE : 0.0038 | valid1 NMSE : 0.0064
[2025-08-20 19:00:19,864][__main__][INFO] - Step 800 | valid1 MSE : 0.0037 | valid1 NMSE : 0.0062
[2025-08-20 19:00:21,285][__main__][INFO] - Step 900 | valid1 MSE : 0.0036 | valid1 NMSE : 0.0060
[2025-08-20 19:00:22,868][__main__][INFO] - Step 1000 | valid1 MSE : 0.0035 | valid1 NMSE : 0.0059
[2025-08-20 19:00:22,869][__main__][INFO] - Training done in 0.266 min
[2025-08-20 19:00:22,869][__main__][INFO] - Average time per step: 0.016 s
[2025-08-20 19:00:22,890][__main__][INFO] - End of training
[2025-08-20 19:00:23,642][__main__][INFO] - Plotted losses
[2025-08-20 19:00:23,642][__main__][INFO] - Computing test metrics
[2025-08-20 19:00:23,710][__main__][INFO] - Evaluation done in 0.001 min
[2025-08-20 19:00:23,824][__main__][INFO] - Evaluation done in 0.000 min
[2025-08-20 19:00:23,998][__main__][INFO] - Saved plots
[2025-08-20 19:00:23,998][__main__][INFO] - Final mIN parameters: {'beta': np.float32(0.0022012738), 'alpha': np.float32(0.99659956)}
[2025-08-20 19:00:23,998][__main__][INFO] - End of script

[2025-08-20 19:00:29,274][__main__][INFO] - =====Running main script=====
[2025-08-20 19:00:29,280][__main__][INFO] - Fetched main configs, save directory : ../outputs/bench_min_1/seed_4/min_init+revin/
[2025-08-20 19:00:29,280][__main__][INFO] - Model PatchTST, normalization mIN, criterion NMSE, kwargs {}
[2025-08-20 19:00:29,313][__main__][INFO] - Fetched dataloaders
[2025-08-20 19:00:29,317][__main__][INFO] - Training data shape : (70, 1, 1000)
[2025-08-20 19:00:29,317][__main__][INFO] - Batch sizes : X=torch.Size([70, 1, 100]), y=torch.Size([70, 1, 20])
[2025-08-20 19:00:31,537][__main__][INFO] - batch_size=70, learning_rate=1e-05, steps per epoch=1, epochs=1000
[2025-08-20 19:00:31,537][__main__][INFO] - Starting training...
[2025-08-20 19:00:31,537][__main__][INFO] - Using device: cuda
[2025-08-20 19:00:31,537][__main__][INFO] - Training 1000 epochs of 1 batches (1000 steps): , eval_freq: 100, print_freq: 100
[2025-08-20 19:00:32,606][__main__][INFO] - Step 1 | valid1 MSE : 0.6485 | valid1 NMSE : 1.0973
[2025-08-20 19:00:34,040][__main__][INFO] - Step 100 | valid1 MSE : 0.0886 | valid1 NMSE : 0.1499
[2025-08-20 19:00:35,613][__main__][INFO] - Step 200 | valid1 MSE : 0.0081 | valid1 NMSE : 0.0137
[2025-08-20 19:00:37,037][__main__][INFO] - Step 300 | valid1 MSE : 0.0041 | valid1 NMSE : 0.0070
[2025-08-20 19:00:38,452][__main__][INFO] - Step 400 | valid1 MSE : 0.0038 | valid1 NMSE : 0.0064
[2025-08-20 19:00:40,007][__main__][INFO] - Step 500 | valid1 MSE : 0.0036 | valid1 NMSE : 0.0062
[2025-08-20 19:00:41,435][__main__][INFO] - Step 600 | valid1 MSE : 0.0035 | valid1 NMSE : 0.0060
[2025-08-20 19:00:42,989][__main__][INFO] - Step 700 | valid1 MSE : 0.0034 | valid1 NMSE : 0.0058
[2025-08-20 19:00:44,412][__main__][INFO] - Step 800 | valid1 MSE : 0.0034 | valid1 NMSE : 0.0057
[2025-08-20 19:00:45,823][__main__][INFO] - Step 900 | valid1 MSE : 0.0033 | valid1 NMSE : 0.0055
[2025-08-20 19:00:47,375][__main__][INFO] - Step 1000 | valid1 MSE : 0.0032 | valid1 NMSE : 0.0054
[2025-08-20 19:00:47,375][__main__][INFO] - Training done in 0.264 min
[2025-08-20 19:00:47,375][__main__][INFO] - Average time per step: 0.016 s
[2025-08-20 19:00:47,396][__main__][INFO] - End of training
[2025-08-20 19:00:48,140][__main__][INFO] - Plotted losses
[2025-08-20 19:00:48,141][__main__][INFO] - Computing test metrics
[2025-08-20 19:00:48,201][__main__][INFO] - Evaluation done in 0.001 min
[2025-08-20 19:00:48,316][__main__][INFO] - Evaluation done in 0.000 min
[2025-08-20 19:00:48,491][__main__][INFO] - Saved plots
[2025-08-20 19:00:48,491][__main__][INFO] - Final mIN parameters: {'beta': np.float32(0.782311), 'alpha': np.float32(0.9420926)}
[2025-08-20 19:00:48,491][__main__][INFO] - End of script

[2025-08-20 19:00:54,256][__main__][INFO] - =====Running main script=====
[2025-08-20 19:00:54,262][__main__][INFO] - Fetched main configs, save directory : ../outputs/bench_min_1/seed_4/min_fixed+revin/
[2025-08-20 19:00:54,262][__main__][INFO] - Model PatchTST, normalization mIN, criterion NMSE, kwargs {}
[2025-08-20 19:00:54,294][__main__][INFO] - Fetched dataloaders
[2025-08-20 19:00:54,298][__main__][INFO] - Training data shape : (70, 1, 1000)
[2025-08-20 19:00:54,298][__main__][INFO] - Batch sizes : X=torch.Size([70, 1, 100]), y=torch.Size([70, 1, 20])
[2025-08-20 19:00:56,930][__main__][INFO] - batch_size=70, learning_rate=1e-05, steps per epoch=1, epochs=1000
[2025-08-20 19:00:56,931][__main__][INFO] - Starting training...
[2025-08-20 19:00:56,931][__main__][INFO] - Using device: cuda
[2025-08-20 19:00:56,931][__main__][INFO] - Training 1000 epochs of 1 batches (1000 steps): , eval_freq: 100, print_freq: 100
[2025-08-20 19:00:58,024][__main__][INFO] - Step 1 | valid1 MSE : 0.6485 | valid1 NMSE : 1.0973
[2025-08-20 19:00:59,458][__main__][INFO] - Step 100 | valid1 MSE : 0.0886 | valid1 NMSE : 0.1500
[2025-08-20 19:01:01,051][__main__][INFO] - Step 200 | valid1 MSE : 0.0081 | valid1 NMSE : 0.0137
[2025-08-20 19:01:02,485][__main__][INFO] - Step 300 | valid1 MSE : 0.0042 | valid1 NMSE : 0.0070
[2025-08-20 19:01:03,922][__main__][INFO] - Step 400 | valid1 MSE : 0.0038 | valid1 NMSE : 0.0064
[2025-08-20 19:01:05,506][__main__][INFO] - Step 500 | valid1 MSE : 0.0036 | valid1 NMSE : 0.0062
[2025-08-20 19:01:06,938][__main__][INFO] - Step 600 | valid1 MSE : 0.0035 | valid1 NMSE : 0.0060
[2025-08-20 19:01:08,505][__main__][INFO] - Step 700 | valid1 MSE : 0.0034 | valid1 NMSE : 0.0058
[2025-08-20 19:01:09,928][__main__][INFO] - Step 800 | valid1 MSE : 0.0034 | valid1 NMSE : 0.0057
[2025-08-20 19:01:11,342][__main__][INFO] - Step 900 | valid1 MSE : 0.0033 | valid1 NMSE : 0.0055
[2025-08-20 19:01:12,921][__main__][INFO] - Step 1000 | valid1 MSE : 0.0032 | valid1 NMSE : 0.0054
[2025-08-20 19:01:12,921][__main__][INFO] - Training done in 0.267 min
[2025-08-20 19:01:12,921][__main__][INFO] - Average time per step: 0.016 s
[2025-08-20 19:01:12,945][__main__][INFO] - End of training
[2025-08-20 19:01:13,790][__main__][INFO] - Plotted losses
[2025-08-20 19:01:13,790][__main__][INFO] - Computing test metrics
[2025-08-20 19:01:13,851][__main__][INFO] - Evaluation done in 0.001 min
[2025-08-20 19:01:13,966][__main__][INFO] - Evaluation done in 0.000 min
[2025-08-20 19:01:14,141][__main__][INFO] - Saved plots
[2025-08-20 19:01:14,141][__main__][INFO] - Final mIN parameters: {'beta': np.float32(0.7805), 'alpha': np.float32(0.94209254)}
[2025-08-20 19:01:14,141][__main__][INFO] - End of script

[2025-08-20 19:01:19,270][__main__][INFO] - =====Running main script=====
[2025-08-20 19:01:19,277][__main__][INFO] - Fetched main configs, save directory : ../outputs/bench_min_1/seed_4/min+gamma/
[2025-08-20 19:01:19,277][__main__][INFO] - Model PatchTST, normalization mIN, criterion NMSE, kwargs {}
[2025-08-20 19:01:19,309][__main__][INFO] - Fetched dataloaders
[2025-08-20 19:01:19,313][__main__][INFO] - Training data shape : (70, 1, 1000)
[2025-08-20 19:01:19,313][__main__][INFO] - Batch sizes : X=torch.Size([70, 1, 100]), y=torch.Size([70, 1, 20])
[2025-08-20 19:01:21,539][__main__][INFO] - batch_size=70, learning_rate=1e-05, steps per epoch=1, epochs=1000
[2025-08-20 19:01:21,539][__main__][INFO] - Starting training...
[2025-08-20 19:01:21,539][__main__][INFO] - Using device: cuda
[2025-08-20 19:01:21,539][__main__][INFO] - Training 1000 epochs of 1 batches (1000 steps): , eval_freq: 100, print_freq: 100
[2025-08-20 19:01:22,608][__main__][INFO] - Step 1 | valid1 MSE : 1.0304 | valid1 NMSE : 1.7378
[2025-08-20 19:01:24,045][__main__][INFO] - Step 100 | valid1 MSE : 0.3062 | valid1 NMSE : 0.5158
[2025-08-20 19:01:25,626][__main__][INFO] - Step 200 | valid1 MSE : 0.0669 | valid1 NMSE : 0.1127
[2025-08-20 19:01:27,051][__main__][INFO] - Step 300 | valid1 MSE : 0.0105 | valid1 NMSE : 0.0178
[2025-08-20 19:01:28,475][__main__][INFO] - Step 400 | valid1 MSE : 0.0043 | valid1 NMSE : 0.0073
[2025-08-20 19:01:30,043][__main__][INFO] - Step 500 | valid1 MSE : 0.0040 | valid1 NMSE : 0.0067
[2025-08-20 19:01:31,470][__main__][INFO] - Step 600 | valid1 MSE : 0.0039 | valid1 NMSE : 0.0065
[2025-08-20 19:01:33,051][__main__][INFO] - Step 700 | valid1 MSE : 0.0038 | valid1 NMSE : 0.0064
[2025-08-20 19:01:34,478][__main__][INFO] - Step 800 | valid1 MSE : 0.0037 | valid1 NMSE : 0.0062
[2025-08-20 19:01:35,895][__main__][INFO] - Step 900 | valid1 MSE : 0.0036 | valid1 NMSE : 0.0060
[2025-08-20 19:01:37,465][__main__][INFO] - Step 1000 | valid1 MSE : 0.0035 | valid1 NMSE : 0.0059
[2025-08-20 19:01:37,465][__main__][INFO] - Training done in 0.265 min
[2025-08-20 19:01:37,465][__main__][INFO] - Average time per step: 0.016 s
[2025-08-20 19:01:37,486][__main__][INFO] - End of training
[2025-08-20 19:01:38,292][__main__][INFO] - Plotted losses
[2025-08-20 19:01:38,292][__main__][INFO] - Computing test metrics
[2025-08-20 19:01:38,361][__main__][INFO] - Evaluation done in 0.001 min
[2025-08-20 19:01:38,475][__main__][INFO] - Evaluation done in 0.000 min
[2025-08-20 19:01:38,649][__main__][INFO] - Saved plots
[2025-08-20 19:01:38,649][__main__][INFO] - Final mIN parameters: {'beta': np.float32(0.0022012738), 'alpha': np.float32(0.99659956)}
[2025-08-20 19:01:38,649][__main__][INFO] - End of script

[2025-08-20 19:01:43,901][__main__][INFO] - =====Running main script=====
[2025-08-20 19:01:43,907][__main__][INFO] - Fetched main configs, save directory : ../outputs/bench_min_1/seed_4/min_init+gamma/
[2025-08-20 19:01:43,907][__main__][INFO] - Model PatchTST, normalization mIN, criterion NMSE, kwargs {}
[2025-08-20 19:01:43,940][__main__][INFO] - Fetched dataloaders
[2025-08-20 19:01:43,944][__main__][INFO] - Training data shape : (70, 1, 1000)
[2025-08-20 19:01:43,944][__main__][INFO] - Batch sizes : X=torch.Size([70, 1, 100]), y=torch.Size([70, 1, 20])
[2025-08-20 19:01:46,169][__main__][INFO] - batch_size=70, learning_rate=1e-05, steps per epoch=1, epochs=1000
[2025-08-20 19:01:46,169][__main__][INFO] - Starting training...
[2025-08-20 19:01:46,169][__main__][INFO] - Using device: cuda
[2025-08-20 19:01:46,169][__main__][INFO] - Training 1000 epochs of 1 batches (1000 steps): , eval_freq: 100, print_freq: 100
[2025-08-20 19:01:47,255][__main__][INFO] - Step 1 | valid1 MSE : 0.6485 | valid1 NMSE : 1.0973
[2025-08-20 19:01:48,705][__main__][INFO] - Step 100 | valid1 MSE : 0.0886 | valid1 NMSE : 0.1499
[2025-08-20 19:01:50,297][__main__][INFO] - Step 200 | valid1 MSE : 0.0081 | valid1 NMSE : 0.0137
[2025-08-20 19:01:51,733][__main__][INFO] - Step 300 | valid1 MSE : 0.0041 | valid1 NMSE : 0.0070
[2025-08-20 19:01:53,176][__main__][INFO] - Step 400 | valid1 MSE : 0.0038 | valid1 NMSE : 0.0064
[2025-08-20 19:01:54,747][__main__][INFO] - Step 500 | valid1 MSE : 0.0036 | valid1 NMSE : 0.0062
[2025-08-20 19:01:56,177][__main__][INFO] - Step 600 | valid1 MSE : 0.0035 | valid1 NMSE : 0.0060
[2025-08-20 19:01:57,729][__main__][INFO] - Step 700 | valid1 MSE : 0.0034 | valid1 NMSE : 0.0058
[2025-08-20 19:01:59,153][__main__][INFO] - Step 800 | valid1 MSE : 0.0034 | valid1 NMSE : 0.0057
[2025-08-20 19:02:00,565][__main__][INFO] - Step 900 | valid1 MSE : 0.0033 | valid1 NMSE : 0.0055
[2025-08-20 19:02:02,143][__main__][INFO] - Step 1000 | valid1 MSE : 0.0032 | valid1 NMSE : 0.0054
[2025-08-20 19:02:02,144][__main__][INFO] - Training done in 0.266 min
[2025-08-20 19:02:02,144][__main__][INFO] - Average time per step: 0.016 s
[2025-08-20 19:02:02,165][__main__][INFO] - End of training
[2025-08-20 19:02:02,923][__main__][INFO] - Plotted losses
[2025-08-20 19:02:02,923][__main__][INFO] - Computing test metrics
[2025-08-20 19:02:02,983][__main__][INFO] - Evaluation done in 0.001 min
[2025-08-20 19:02:03,101][__main__][INFO] - Evaluation done in 0.000 min
[2025-08-20 19:02:03,280][__main__][INFO] - Saved plots
[2025-08-20 19:02:03,280][__main__][INFO] - Final mIN parameters: {'beta': np.float32(0.782311), 'alpha': np.float32(0.9420926)}
[2025-08-20 19:02:03,280][__main__][INFO] - End of script

[2025-08-20 19:02:09,268][__main__][INFO] - =====Running main script=====
[2025-08-20 19:02:09,275][__main__][INFO] - Fetched main configs, save directory : ../outputs/bench_min_1/seed_4/min_fixed+gamma/
[2025-08-20 19:02:09,275][__main__][INFO] - Model PatchTST, normalization mIN, criterion NMSE, kwargs {}
[2025-08-20 19:02:09,309][__main__][INFO] - Fetched dataloaders
[2025-08-20 19:02:09,313][__main__][INFO] - Training data shape : (70, 1, 1000)
[2025-08-20 19:02:09,313][__main__][INFO] - Batch sizes : X=torch.Size([70, 1, 100]), y=torch.Size([70, 1, 20])
[2025-08-20 19:02:11,872][__main__][INFO] - batch_size=70, learning_rate=1e-05, steps per epoch=1, epochs=1000
[2025-08-20 19:02:11,872][__main__][INFO] - Starting training...
[2025-08-20 19:02:11,872][__main__][INFO] - Using device: cuda
[2025-08-20 19:02:11,872][__main__][INFO] - Training 1000 epochs of 1 batches (1000 steps): , eval_freq: 100, print_freq: 100
[2025-08-20 19:02:12,972][__main__][INFO] - Step 1 | valid1 MSE : 0.6485 | valid1 NMSE : 1.0973
[2025-08-20 19:02:14,410][__main__][INFO] - Step 100 | valid1 MSE : 0.0886 | valid1 NMSE : 0.1500
[2025-08-20 19:02:15,993][__main__][INFO] - Step 200 | valid1 MSE : 0.0081 | valid1 NMSE : 0.0137
[2025-08-20 19:02:17,425][__main__][INFO] - Step 300 | valid1 MSE : 0.0042 | valid1 NMSE : 0.0070
[2025-08-20 19:02:18,861][__main__][INFO] - Step 400 | valid1 MSE : 0.0038 | valid1 NMSE : 0.0064
[2025-08-20 19:02:20,410][__main__][INFO] - Step 500 | valid1 MSE : 0.0036 | valid1 NMSE : 0.0062
[2025-08-20 19:02:21,839][__main__][INFO] - Step 600 | valid1 MSE : 0.0035 | valid1 NMSE : 0.0060
[2025-08-20 19:02:23,413][__main__][INFO] - Step 700 | valid1 MSE : 0.0034 | valid1 NMSE : 0.0058
[2025-08-20 19:02:24,828][__main__][INFO] - Step 800 | valid1 MSE : 0.0034 | valid1 NMSE : 0.0057
[2025-08-20 19:02:26,234][__main__][INFO] - Step 900 | valid1 MSE : 0.0033 | valid1 NMSE : 0.0055
[2025-08-20 19:02:27,780][__main__][INFO] - Step 1000 | valid1 MSE : 0.0032 | valid1 NMSE : 0.0054
[2025-08-20 19:02:27,781][__main__][INFO] - Training done in 0.265 min
[2025-08-20 19:02:27,781][__main__][INFO] - Average time per step: 0.016 s
[2025-08-20 19:02:27,802][__main__][INFO] - End of training
[2025-08-20 19:02:28,596][__main__][INFO] - Plotted losses
[2025-08-20 19:02:28,596][__main__][INFO] - Computing test metrics
[2025-08-20 19:02:28,656][__main__][INFO] - Evaluation done in 0.001 min
[2025-08-20 19:02:28,770][__main__][INFO] - Evaluation done in 0.000 min
[2025-08-20 19:02:28,946][__main__][INFO] - Saved plots
[2025-08-20 19:02:28,947][__main__][INFO] - Final mIN parameters: {'beta': np.float32(0.7805), 'alpha': np.float32(0.94209254)}
[2025-08-20 19:02:28,947][__main__][INFO] - End of script

[2025-08-20 19:02:40,215][__main__][INFO] - =====Running main script=====
[2025-08-20 19:02:40,222][__main__][INFO] - Fetched main configs, save directory : ../outputs/bench_min_1/seed_5/PatchTST_instance_NMSE/
[2025-08-20 19:02:40,222][__main__][INFO] - Model PatchTST, normalization instance, criterion NMSE, kwargs {}
[2025-08-20 19:02:40,256][__main__][INFO] - Fetched dataloaders
[2025-08-20 19:02:40,260][__main__][INFO] - Training data shape : (70, 1, 1000)
[2025-08-20 19:02:40,260][__main__][INFO] - Batch sizes : X=torch.Size([70, 1, 100]), y=torch.Size([70, 1, 20])
[2025-08-20 19:02:42,498][__main__][INFO] - batch_size=70, learning_rate=1e-05, steps per epoch=1, epochs=1000
[2025-08-20 19:02:42,499][__main__][INFO] - Starting training...
[2025-08-20 19:02:42,499][__main__][INFO] - Using device: cuda
[2025-08-20 19:02:42,499][__main__][INFO] - Training 1000 epochs of 1 batches (1000 steps): , eval_freq: 100, print_freq: 100
[2025-08-20 19:02:43,565][__main__][INFO] - Step 1 | valid1 MSE : 0.9568 | valid1 NMSE : 1.6208
[2025-08-20 19:02:44,967][__main__][INFO] - Step 100 | valid1 MSE : 0.2560 | valid1 NMSE : 0.4333
[2025-08-20 19:02:46,532][__main__][INFO] - Step 200 | valid1 MSE : 0.0418 | valid1 NMSE : 0.0708
[2025-08-20 19:02:47,940][__main__][INFO] - Step 300 | valid1 MSE : 0.0068 | valid1 NMSE : 0.0115
[2025-08-20 19:02:49,343][__main__][INFO] - Step 400 | valid1 MSE : 0.0044 | valid1 NMSE : 0.0075
[2025-08-20 19:02:50,888][__main__][INFO] - Step 500 | valid1 MSE : 0.0042 | valid1 NMSE : 0.0071
[2025-08-20 19:02:52,292][__main__][INFO] - Step 600 | valid1 MSE : 0.0041 | valid1 NMSE : 0.0070
[2025-08-20 19:02:53,822][__main__][INFO] - Step 700 | valid1 MSE : 0.0039 | valid1 NMSE : 0.0066
[2025-08-20 19:02:55,213][__main__][INFO] - Step 800 | valid1 MSE : 0.0038 | valid1 NMSE : 0.0064
[2025-08-20 19:02:56,602][__main__][INFO] - Step 900 | valid1 MSE : 0.0037 | valid1 NMSE : 0.0063
[2025-08-20 19:02:58,144][__main__][INFO] - Step 1000 | valid1 MSE : 0.0036 | valid1 NMSE : 0.0062
[2025-08-20 19:02:58,145][__main__][INFO] - Training done in 0.261 min
[2025-08-20 19:02:58,145][__main__][INFO] - Average time per step: 0.016 s
[2025-08-20 19:02:58,165][__main__][INFO] - End of training
[2025-08-20 19:02:58,813][__main__][INFO] - Plotted losses
[2025-08-20 19:02:58,813][__main__][INFO] - Computing test metrics
[2025-08-20 19:02:58,873][__main__][INFO] - Evaluation done in 0.001 min
[2025-08-20 19:02:58,987][__main__][INFO] - Evaluation done in 0.000 min
[2025-08-20 19:02:59,160][__main__][INFO] - Saved plots
[2025-08-20 19:02:59,160][__main__][INFO] - End of script

[2025-08-20 19:03:05,695][__main__][INFO] - =====Running main script=====
[2025-08-20 19:03:05,702][__main__][INFO] - Fetched main configs, save directory : ../outputs/bench_min_1/seed_5/PatchTST_revin_NMSE/
[2025-08-20 19:03:05,702][__main__][INFO] - Model PatchTST, normalization revin, criterion NMSE, kwargs {}
[2025-08-20 19:03:05,734][__main__][INFO] - Fetched dataloaders
[2025-08-20 19:03:05,738][__main__][INFO] - Training data shape : (70, 1, 1000)
[2025-08-20 19:03:05,739][__main__][INFO] - Batch sizes : X=torch.Size([70, 1, 100]), y=torch.Size([70, 1, 20])
[2025-08-20 19:03:08,019][__main__][INFO] - batch_size=70, learning_rate=1e-05, steps per epoch=1, epochs=1000
[2025-08-20 19:03:08,019][__main__][INFO] - Starting training...
[2025-08-20 19:03:08,020][__main__][INFO] - Using device: cuda
[2025-08-20 19:03:08,020][__main__][INFO] - Training 1000 epochs of 1 batches (1000 steps): , eval_freq: 100, print_freq: 100
[2025-08-20 19:03:09,088][__main__][INFO] - Step 1 | valid1 MSE : 0.9568 | valid1 NMSE : 1.6208
[2025-08-20 19:03:10,509][__main__][INFO] - Step 100 | valid1 MSE : 0.2556 | valid1 NMSE : 0.4326
[2025-08-20 19:03:12,076][__main__][INFO] - Step 200 | valid1 MSE : 0.0415 | valid1 NMSE : 0.0703
[2025-08-20 19:03:13,497][__main__][INFO] - Step 300 | valid1 MSE : 0.0067 | valid1 NMSE : 0.0114
[2025-08-20 19:03:14,918][__main__][INFO] - Step 400 | valid1 MSE : 0.0044 | valid1 NMSE : 0.0075
[2025-08-20 19:03:16,469][__main__][INFO] - Step 500 | valid1 MSE : 0.0042 | valid1 NMSE : 0.0071
[2025-08-20 19:03:17,888][__main__][INFO] - Step 600 | valid1 MSE : 0.0041 | valid1 NMSE : 0.0069
[2025-08-20 19:03:19,462][__main__][INFO] - Step 700 | valid1 MSE : 0.0039 | valid1 NMSE : 0.0066
[2025-08-20 19:03:20,879][__main__][INFO] - Step 800 | valid1 MSE : 0.0038 | valid1 NMSE : 0.0064
[2025-08-20 19:03:22,302][__main__][INFO] - Step 900 | valid1 MSE : 0.0037 | valid1 NMSE : 0.0063
[2025-08-20 19:03:23,868][__main__][INFO] - Step 1000 | valid1 MSE : 0.0036 | valid1 NMSE : 0.0061
[2025-08-20 19:03:23,868][__main__][INFO] - Training done in 0.264 min
[2025-08-20 19:03:23,868][__main__][INFO] - Average time per step: 0.016 s
[2025-08-20 19:03:23,889][__main__][INFO] - End of training
[2025-08-20 19:03:24,719][__main__][INFO] - Plotted losses
[2025-08-20 19:03:24,719][__main__][INFO] - Computing test metrics
[2025-08-20 19:03:24,788][__main__][INFO] - Evaluation done in 0.001 min
[2025-08-20 19:03:24,905][__main__][INFO] - Evaluation done in 0.000 min
[2025-08-20 19:03:25,088][__main__][INFO] - Saved plots
[2025-08-20 19:03:25,088][__main__][INFO] - Final mIN parameters: {'beta': np.float32(-0.0020249747), 'alpha': np.float32(1.0045916)}
[2025-08-20 19:03:25,088][__main__][INFO] - End of script

[2025-08-20 19:03:30,499][__main__][INFO] - =====Running main script=====
[2025-08-20 19:03:30,505][__main__][INFO] - Fetched main configs, save directory : ../outputs/bench_min_1/seed_5/min/
[2025-08-20 19:03:30,505][__main__][INFO] - Model PatchTST, normalization mIN, criterion NMSE, kwargs {}
[2025-08-20 19:03:30,536][__main__][INFO] - Fetched dataloaders
[2025-08-20 19:03:30,540][__main__][INFO] - Training data shape : (70, 1, 1000)
[2025-08-20 19:03:30,540][__main__][INFO] - Batch sizes : X=torch.Size([70, 1, 100]), y=torch.Size([70, 1, 20])
[2025-08-20 19:03:32,996][__main__][INFO] - batch_size=70, learning_rate=1e-05, steps per epoch=1, epochs=1000
[2025-08-20 19:03:32,996][__main__][INFO] - Starting training...
[2025-08-20 19:03:32,997][__main__][INFO] - Using device: cuda
[2025-08-20 19:03:32,997][__main__][INFO] - Training 1000 epochs of 1 batches (1000 steps): , eval_freq: 100, print_freq: 100
[2025-08-20 19:03:34,073][__main__][INFO] - Step 1 | valid1 MSE : 0.9568 | valid1 NMSE : 1.6208
[2025-08-20 19:03:35,496][__main__][INFO] - Step 100 | valid1 MSE : 0.2555 | valid1 NMSE : 0.4325
[2025-08-20 19:03:37,062][__main__][INFO] - Step 200 | valid1 MSE : 0.0414 | valid1 NMSE : 0.0702
[2025-08-20 19:03:38,479][__main__][INFO] - Step 300 | valid1 MSE : 0.0067 | valid1 NMSE : 0.0114
[2025-08-20 19:03:39,889][__main__][INFO] - Step 400 | valid1 MSE : 0.0044 | valid1 NMSE : 0.0075
[2025-08-20 19:03:41,430][__main__][INFO] - Step 500 | valid1 MSE : 0.0042 | valid1 NMSE : 0.0071
[2025-08-20 19:03:42,828][__main__][INFO] - Step 600 | valid1 MSE : 0.0041 | valid1 NMSE : 0.0069
[2025-08-20 19:03:44,357][__main__][INFO] - Step 700 | valid1 MSE : 0.0039 | valid1 NMSE : 0.0066
[2025-08-20 19:03:45,752][__main__][INFO] - Step 800 | valid1 MSE : 0.0038 | valid1 NMSE : 0.0064
[2025-08-20 19:03:47,141][__main__][INFO] - Step 900 | valid1 MSE : 0.0037 | valid1 NMSE : 0.0063
[2025-08-20 19:03:48,670][__main__][INFO] - Step 1000 | valid1 MSE : 0.0036 | valid1 NMSE : 0.0061
[2025-08-20 19:03:48,671][__main__][INFO] - Training done in 0.261 min
[2025-08-20 19:03:48,671][__main__][INFO] - Average time per step: 0.016 s
[2025-08-20 19:03:48,691][__main__][INFO] - End of training
[2025-08-20 19:03:49,520][__main__][INFO] - Plotted losses
[2025-08-20 19:03:49,520][__main__][INFO] - Computing test metrics
[2025-08-20 19:03:49,586][__main__][INFO] - Evaluation done in 0.001 min
[2025-08-20 19:03:49,699][__main__][INFO] - Evaluation done in 0.000 min
[2025-08-20 19:03:49,870][__main__][INFO] - Saved plots
[2025-08-20 19:03:49,871][__main__][INFO] - Final mIN parameters: {'beta': np.float32(0.0019161792), 'alpha': np.float32(0.99611294)}
[2025-08-20 19:03:49,871][__main__][INFO] - End of script

[2025-08-20 19:03:54,955][__main__][INFO] - =====Running main script=====
[2025-08-20 19:03:54,961][__main__][INFO] - Fetched main configs, save directory : ../outputs/bench_min_1/seed_5/min_init/
[2025-08-20 19:03:54,961][__main__][INFO] - Model PatchTST, normalization mIN, criterion NMSE, kwargs {}
[2025-08-20 19:03:54,992][__main__][INFO] - Fetched dataloaders
[2025-08-20 19:03:54,997][__main__][INFO] - Training data shape : (70, 1, 1000)
[2025-08-20 19:03:54,997][__main__][INFO] - Batch sizes : X=torch.Size([70, 1, 100]), y=torch.Size([70, 1, 20])
[2025-08-20 19:03:57,097][__main__][INFO] - batch_size=70, learning_rate=1e-05, steps per epoch=1, epochs=1000
[2025-08-20 19:03:57,097][__main__][INFO] - Starting training...
[2025-08-20 19:03:57,097][__main__][INFO] - Using device: cuda
[2025-08-20 19:03:57,097][__main__][INFO] - Training 1000 epochs of 1 batches (1000 steps): , eval_freq: 100, print_freq: 100
[2025-08-20 19:03:58,143][__main__][INFO] - Step 1 | valid1 MSE : 0.6175 | valid1 NMSE : 1.0434
[2025-08-20 19:03:59,566][__main__][INFO] - Step 100 | valid1 MSE : 0.0844 | valid1 NMSE : 0.1419
[2025-08-20 19:04:01,149][__main__][INFO] - Step 200 | valid1 MSE : 0.0085 | valid1 NMSE : 0.0143
[2025-08-20 19:04:02,565][__main__][INFO] - Step 300 | valid1 MSE : 0.0044 | valid1 NMSE : 0.0074
[2025-08-20 19:04:03,985][__main__][INFO] - Step 400 | valid1 MSE : 0.0041 | valid1 NMSE : 0.0069
[2025-08-20 19:04:05,555][__main__][INFO] - Step 500 | valid1 MSE : 0.0039 | valid1 NMSE : 0.0066
[2025-08-20 19:04:06,977][__main__][INFO] - Step 600 | valid1 MSE : 0.0038 | valid1 NMSE : 0.0064
[2025-08-20 19:04:08,553][__main__][INFO] - Step 700 | valid1 MSE : 0.0036 | valid1 NMSE : 0.0062
[2025-08-20 19:04:09,961][__main__][INFO] - Step 800 | valid1 MSE : 0.0035 | valid1 NMSE : 0.0059
[2025-08-20 19:04:11,358][__main__][INFO] - Step 900 | valid1 MSE : 0.0034 | valid1 NMSE : 0.0058
[2025-08-20 19:04:12,924][__main__][INFO] - Step 1000 | valid1 MSE : 0.0034 | valid1 NMSE : 0.0057
[2025-08-20 19:04:12,925][__main__][INFO] - Training done in 0.264 min
[2025-08-20 19:04:12,925][__main__][INFO] - Average time per step: 0.016 s
[2025-08-20 19:04:12,945][__main__][INFO] - End of training
[2025-08-20 19:04:13,679][__main__][INFO] - Plotted losses
[2025-08-20 19:04:13,679][__main__][INFO] - Computing test metrics
[2025-08-20 19:04:13,742][__main__][INFO] - Evaluation done in 0.001 min
[2025-08-20 19:04:13,857][__main__][INFO] - Evaluation done in 0.000 min
[2025-08-20 19:04:14,032][__main__][INFO] - Saved plots
[2025-08-20 19:04:14,032][__main__][INFO] - Final mIN parameters: {'beta': np.float32(0.7792797), 'alpha': np.float32(0.94154376)}
[2025-08-20 19:04:14,032][__main__][INFO] - End of script

[2025-08-20 19:04:21,031][__main__][INFO] - =====Running main script=====
[2025-08-20 19:04:21,037][__main__][INFO] - Fetched main configs, save directory : ../outputs/bench_min_1/seed_5/min_fixed/
[2025-08-20 19:04:21,037][__main__][INFO] - Model PatchTST, normalization mIN, criterion NMSE, kwargs {}
[2025-08-20 19:04:21,069][__main__][INFO] - Fetched dataloaders
[2025-08-20 19:04:21,073][__main__][INFO] - Training data shape : (70, 1, 1000)
[2025-08-20 19:04:21,073][__main__][INFO] - Batch sizes : X=torch.Size([70, 1, 100]), y=torch.Size([70, 1, 20])
[2025-08-20 19:04:23,173][__main__][INFO] - batch_size=70, learning_rate=1e-05, steps per epoch=1, epochs=1000
[2025-08-20 19:04:23,173][__main__][INFO] - Starting training...
[2025-08-20 19:04:23,173][__main__][INFO] - Using device: cuda
[2025-08-20 19:04:23,173][__main__][INFO] - Training 1000 epochs of 1 batches (1000 steps): , eval_freq: 100, print_freq: 100
[2025-08-20 19:04:24,239][__main__][INFO] - Step 1 | valid1 MSE : 0.6175 | valid1 NMSE : 1.0434
[2025-08-20 19:04:25,654][__main__][INFO] - Step 100 | valid1 MSE : 0.0844 | valid1 NMSE : 0.1419
[2025-08-20 19:04:27,191][__main__][INFO] - Step 200 | valid1 MSE : 0.0085 | valid1 NMSE : 0.0143
[2025-08-20 19:04:28,587][__main__][INFO] - Step 300 | valid1 MSE : 0.0044 | valid1 NMSE : 0.0074
[2025-08-20 19:04:29,987][__main__][INFO] - Step 400 | valid1 MSE : 0.0041 | valid1 NMSE : 0.0069
[2025-08-20 19:04:31,531][__main__][INFO] - Step 500 | valid1 MSE : 0.0039 | valid1 NMSE : 0.0066
[2025-08-20 19:04:32,944][__main__][INFO] - Step 600 | valid1 MSE : 0.0038 | valid1 NMSE : 0.0064
[2025-08-20 19:04:34,498][__main__][INFO] - Step 700 | valid1 MSE : 0.0036 | valid1 NMSE : 0.0062
[2025-08-20 19:04:35,902][__main__][INFO] - Step 800 | valid1 MSE : 0.0035 | valid1 NMSE : 0.0059
[2025-08-20 19:04:37,294][__main__][INFO] - Step 900 | valid1 MSE : 0.0034 | valid1 NMSE : 0.0058
[2025-08-20 19:04:38,860][__main__][INFO] - Step 1000 | valid1 MSE : 0.0034 | valid1 NMSE : 0.0057
[2025-08-20 19:04:38,861][__main__][INFO] - Training done in 0.261 min
[2025-08-20 19:04:38,861][__main__][INFO] - Average time per step: 0.016 s
[2025-08-20 19:04:38,883][__main__][INFO] - End of training
[2025-08-20 19:04:39,652][__main__][INFO] - Plotted losses
[2025-08-20 19:04:39,652][__main__][INFO] - Computing test metrics
[2025-08-20 19:04:39,712][__main__][INFO] - Evaluation done in 0.001 min
[2025-08-20 19:04:39,827][__main__][INFO] - Evaluation done in 0.000 min
[2025-08-20 19:04:40,000][__main__][INFO] - Saved plots
[2025-08-20 19:04:40,000][__main__][INFO] - Final mIN parameters: {'beta': np.float32(0.7805), 'alpha': np.float32(0.9415439)}
[2025-08-20 19:04:40,000][__main__][INFO] - End of script

[2025-08-20 19:04:45,067][__main__][INFO] - =====Running main script=====
[2025-08-20 19:04:45,073][__main__][INFO] - Fetched main configs, save directory : ../outputs/bench_min_1/seed_5/min+revin/
[2025-08-20 19:04:45,073][__main__][INFO] - Model PatchTST, normalization mIN, criterion NMSE, kwargs {}
[2025-08-20 19:04:45,104][__main__][INFO] - Fetched dataloaders
[2025-08-20 19:04:45,108][__main__][INFO] - Training data shape : (70, 1, 1000)
[2025-08-20 19:04:45,108][__main__][INFO] - Batch sizes : X=torch.Size([70, 1, 100]), y=torch.Size([70, 1, 20])
[2025-08-20 19:04:47,470][__main__][INFO] - batch_size=70, learning_rate=1e-05, steps per epoch=1, epochs=1000
[2025-08-20 19:04:47,470][__main__][INFO] - Starting training...
[2025-08-20 19:04:47,470][__main__][INFO] - Using device: cuda
[2025-08-20 19:04:47,470][__main__][INFO] - Training 1000 epochs of 1 batches (1000 steps): , eval_freq: 100, print_freq: 100
[2025-08-20 19:04:48,550][__main__][INFO] - Step 1 | valid1 MSE : 0.9567 | valid1 NMSE : 1.6208
[2025-08-20 19:04:49,993][__main__][INFO] - Step 100 | valid1 MSE : 0.2551 | valid1 NMSE : 0.4319
[2025-08-20 19:04:51,592][__main__][INFO] - Step 200 | valid1 MSE : 0.0411 | valid1 NMSE : 0.0697
[2025-08-20 19:04:53,029][__main__][INFO] - Step 300 | valid1 MSE : 0.0067 | valid1 NMSE : 0.0113
[2025-08-20 19:04:54,467][__main__][INFO] - Step 400 | valid1 MSE : 0.0044 | valid1 NMSE : 0.0075
[2025-08-20 19:04:56,045][__main__][INFO] - Step 500 | valid1 MSE : 0.0042 | valid1 NMSE : 0.0071
[2025-08-20 19:04:57,476][__main__][INFO] - Step 600 | valid1 MSE : 0.0041 | valid1 NMSE : 0.0069
[2025-08-20 19:04:59,039][__main__][INFO] - Step 700 | valid1 MSE : 0.0039 | valid1 NMSE : 0.0066
[2025-08-20 19:05:00,460][__main__][INFO] - Step 800 | valid1 MSE : 0.0038 | valid1 NMSE : 0.0064
[2025-08-20 19:05:01,867][__main__][INFO] - Step 900 | valid1 MSE : 0.0037 | valid1 NMSE : 0.0063
[2025-08-20 19:05:03,415][__main__][INFO] - Step 1000 | valid1 MSE : 0.0036 | valid1 NMSE : 0.0061
[2025-08-20 19:05:03,415][__main__][INFO] - Training done in 0.266 min
[2025-08-20 19:05:03,415][__main__][INFO] - Average time per step: 0.016 s
[2025-08-20 19:05:03,436][__main__][INFO] - End of training
[2025-08-20 19:05:04,252][__main__][INFO] - Plotted losses
[2025-08-20 19:05:04,252][__main__][INFO] - Computing test metrics
[2025-08-20 19:05:04,318][__main__][INFO] - Evaluation done in 0.001 min
[2025-08-20 19:05:04,431][__main__][INFO] - Evaluation done in 0.000 min
[2025-08-20 19:05:04,603][__main__][INFO] - Saved plots
[2025-08-20 19:05:04,603][__main__][INFO] - Final mIN parameters: {'beta': np.float32(0.0019187913), 'alpha': np.float32(0.9961347)}
[2025-08-20 19:05:04,603][__main__][INFO] - End of script

[2025-08-20 19:05:09,573][__main__][INFO] - =====Running main script=====
[2025-08-20 19:05:09,579][__main__][INFO] - Fetched main configs, save directory : ../outputs/bench_min_1/seed_5/min_init+revin/
[2025-08-20 19:05:09,579][__main__][INFO] - Model PatchTST, normalization mIN, criterion NMSE, kwargs {}
[2025-08-20 19:05:09,610][__main__][INFO] - Fetched dataloaders
[2025-08-20 19:05:09,614][__main__][INFO] - Training data shape : (70, 1, 1000)
[2025-08-20 19:05:09,615][__main__][INFO] - Batch sizes : X=torch.Size([70, 1, 100]), y=torch.Size([70, 1, 20])
[2025-08-20 19:05:11,740][__main__][INFO] - batch_size=70, learning_rate=1e-05, steps per epoch=1, epochs=1000
[2025-08-20 19:05:11,740][__main__][INFO] - Starting training...
[2025-08-20 19:05:11,740][__main__][INFO] - Using device: cuda
[2025-08-20 19:05:11,740][__main__][INFO] - Training 1000 epochs of 1 batches (1000 steps): , eval_freq: 100, print_freq: 100
[2025-08-20 19:05:12,817][__main__][INFO] - Step 1 | valid1 MSE : 0.6175 | valid1 NMSE : 1.0434
[2025-08-20 19:05:14,258][__main__][INFO] - Step 100 | valid1 MSE : 0.0845 | valid1 NMSE : 0.1420
[2025-08-20 19:05:15,854][__main__][INFO] - Step 200 | valid1 MSE : 0.0085 | valid1 NMSE : 0.0144
[2025-08-20 19:05:17,284][__main__][INFO] - Step 300 | valid1 MSE : 0.0044 | valid1 NMSE : 0.0074
[2025-08-20 19:05:18,708][__main__][INFO] - Step 400 | valid1 MSE : 0.0041 | valid1 NMSE : 0.0069
[2025-08-20 19:05:20,266][__main__][INFO] - Step 500 | valid1 MSE : 0.0039 | valid1 NMSE : 0.0066
[2025-08-20 19:05:21,685][__main__][INFO] - Step 600 | valid1 MSE : 0.0038 | valid1 NMSE : 0.0064
[2025-08-20 19:05:23,241][__main__][INFO] - Step 700 | valid1 MSE : 0.0036 | valid1 NMSE : 0.0061
[2025-08-20 19:05:24,665][__main__][INFO] - Step 800 | valid1 MSE : 0.0035 | valid1 NMSE : 0.0059
[2025-08-20 19:05:26,077][__main__][INFO] - Step 900 | valid1 MSE : 0.0034 | valid1 NMSE : 0.0058
[2025-08-20 19:05:27,643][__main__][INFO] - Step 1000 | valid1 MSE : 0.0033 | valid1 NMSE : 0.0057
[2025-08-20 19:05:27,643][__main__][INFO] - Training done in 0.265 min
[2025-08-20 19:05:27,643][__main__][INFO] - Average time per step: 0.016 s
[2025-08-20 19:05:27,664][__main__][INFO] - End of training
[2025-08-20 19:05:28,433][__main__][INFO] - Plotted losses
[2025-08-20 19:05:28,433][__main__][INFO] - Computing test metrics
[2025-08-20 19:05:28,496][__main__][INFO] - Evaluation done in 0.001 min
[2025-08-20 19:05:28,612][__main__][INFO] - Evaluation done in 0.000 min
[2025-08-20 19:05:28,784][__main__][INFO] - Saved plots
[2025-08-20 19:05:28,785][__main__][INFO] - Final mIN parameters: {'beta': np.float32(0.77917093), 'alpha': np.float32(0.9415809)}
[2025-08-20 19:05:28,785][__main__][INFO] - End of script

[2025-08-20 19:05:34,423][__main__][INFO] - =====Running main script=====
[2025-08-20 19:05:34,429][__main__][INFO] - Fetched main configs, save directory : ../outputs/bench_min_1/seed_5/min_fixed+revin/
[2025-08-20 19:05:34,429][__main__][INFO] - Model PatchTST, normalization mIN, criterion NMSE, kwargs {}
[2025-08-20 19:05:34,460][__main__][INFO] - Fetched dataloaders
[2025-08-20 19:05:34,465][__main__][INFO] - Training data shape : (70, 1, 1000)
[2025-08-20 19:05:34,465][__main__][INFO] - Batch sizes : X=torch.Size([70, 1, 100]), y=torch.Size([70, 1, 20])
[2025-08-20 19:05:36,649][__main__][INFO] - batch_size=70, learning_rate=1e-05, steps per epoch=1, epochs=1000
[2025-08-20 19:05:36,649][__main__][INFO] - Starting training...
[2025-08-20 19:05:36,649][__main__][INFO] - Using device: cuda
[2025-08-20 19:05:36,649][__main__][INFO] - Training 1000 epochs of 1 batches (1000 steps): , eval_freq: 100, print_freq: 100
[2025-08-20 19:05:37,737][__main__][INFO] - Step 1 | valid1 MSE : 0.6175 | valid1 NMSE : 1.0434
[2025-08-20 19:05:39,171][__main__][INFO] - Step 100 | valid1 MSE : 0.0845 | valid1 NMSE : 0.1420
[2025-08-20 19:05:40,751][__main__][INFO] - Step 200 | valid1 MSE : 0.0085 | valid1 NMSE : 0.0144
[2025-08-20 19:05:42,185][__main__][INFO] - Step 300 | valid1 MSE : 0.0044 | valid1 NMSE : 0.0074
[2025-08-20 19:05:43,617][__main__][INFO] - Step 400 | valid1 MSE : 0.0041 | valid1 NMSE : 0.0069
[2025-08-20 19:05:45,188][__main__][INFO] - Step 500 | valid1 MSE : 0.0039 | valid1 NMSE : 0.0066
[2025-08-20 19:05:46,614][__main__][INFO] - Step 600 | valid1 MSE : 0.0038 | valid1 NMSE : 0.0064
[2025-08-20 19:05:48,185][__main__][INFO] - Step 700 | valid1 MSE : 0.0036 | valid1 NMSE : 0.0061
[2025-08-20 19:05:49,610][__main__][INFO] - Step 800 | valid1 MSE : 0.0035 | valid1 NMSE : 0.0059
[2025-08-20 19:05:51,024][__main__][INFO] - Step 900 | valid1 MSE : 0.0034 | valid1 NMSE : 0.0058
[2025-08-20 19:05:52,592][__main__][INFO] - Step 1000 | valid1 MSE : 0.0033 | valid1 NMSE : 0.0057
[2025-08-20 19:05:52,592][__main__][INFO] - Training done in 0.266 min
[2025-08-20 19:05:52,592][__main__][INFO] - Average time per step: 0.016 s
[2025-08-20 19:05:52,613][__main__][INFO] - End of training
[2025-08-20 19:05:53,372][__main__][INFO] - Plotted losses
[2025-08-20 19:05:53,372][__main__][INFO] - Computing test metrics
[2025-08-20 19:05:53,432][__main__][INFO] - Evaluation done in 0.001 min
[2025-08-20 19:05:53,547][__main__][INFO] - Evaluation done in 0.000 min
[2025-08-20 19:05:53,720][__main__][INFO] - Saved plots
[2025-08-20 19:05:53,721][__main__][INFO] - Final mIN parameters: {'beta': np.float32(0.7805), 'alpha': np.float32(0.9415807)}
[2025-08-20 19:05:53,721][__main__][INFO] - End of script

[2025-08-20 19:05:58,570][__main__][INFO] - =====Running main script=====
[2025-08-20 19:05:58,576][__main__][INFO] - Fetched main configs, save directory : ../outputs/bench_min_1/seed_5/min+gamma/
[2025-08-20 19:05:58,576][__main__][INFO] - Model PatchTST, normalization mIN, criterion NMSE, kwargs {}
[2025-08-20 19:05:58,607][__main__][INFO] - Fetched dataloaders
[2025-08-20 19:05:58,611][__main__][INFO] - Training data shape : (70, 1, 1000)
[2025-08-20 19:05:58,611][__main__][INFO] - Batch sizes : X=torch.Size([70, 1, 100]), y=torch.Size([70, 1, 20])
[2025-08-20 19:06:00,959][__main__][INFO] - batch_size=70, learning_rate=1e-05, steps per epoch=1, epochs=1000
[2025-08-20 19:06:00,959][__main__][INFO] - Starting training...
[2025-08-20 19:06:00,959][__main__][INFO] - Using device: cuda
[2025-08-20 19:06:00,959][__main__][INFO] - Training 1000 epochs of 1 batches (1000 steps): , eval_freq: 100, print_freq: 100
[2025-08-20 19:06:02,017][__main__][INFO] - Step 1 | valid1 MSE : 0.9567 | valid1 NMSE : 1.6208
[2025-08-20 19:06:03,463][__main__][INFO] - Step 100 | valid1 MSE : 0.2551 | valid1 NMSE : 0.4319
[2025-08-20 19:06:05,056][__main__][INFO] - Step 200 | valid1 MSE : 0.0411 | valid1 NMSE : 0.0697
[2025-08-20 19:06:06,501][__main__][INFO] - Step 300 | valid1 MSE : 0.0067 | valid1 NMSE : 0.0113
[2025-08-20 19:06:07,941][__main__][INFO] - Step 400 | valid1 MSE : 0.0044 | valid1 NMSE : 0.0075
[2025-08-20 19:06:09,523][__main__][INFO] - Step 500 | valid1 MSE : 0.0042 | valid1 NMSE : 0.0071
[2025-08-20 19:06:10,968][__main__][INFO] - Step 600 | valid1 MSE : 0.0041 | valid1 NMSE : 0.0069
[2025-08-20 19:06:12,533][__main__][INFO] - Step 700 | valid1 MSE : 0.0039 | valid1 NMSE : 0.0066
[2025-08-20 19:06:13,959][__main__][INFO] - Step 800 | valid1 MSE : 0.0038 | valid1 NMSE : 0.0064
[2025-08-20 19:06:15,386][__main__][INFO] - Step 900 | valid1 MSE : 0.0037 | valid1 NMSE : 0.0063
[2025-08-20 19:06:16,990][__main__][INFO] - Step 1000 | valid1 MSE : 0.0036 | valid1 NMSE : 0.0061
[2025-08-20 19:06:16,990][__main__][INFO] - Training done in 0.267 min
[2025-08-20 19:06:16,990][__main__][INFO] - Average time per step: 0.016 s
[2025-08-20 19:06:17,011][__main__][INFO] - End of training
[2025-08-20 19:06:17,828][__main__][INFO] - Plotted losses
[2025-08-20 19:06:17,828][__main__][INFO] - Computing test metrics
[2025-08-20 19:06:17,894][__main__][INFO] - Evaluation done in 0.001 min
[2025-08-20 19:06:18,008][__main__][INFO] - Evaluation done in 0.000 min
[2025-08-20 19:06:18,185][__main__][INFO] - Saved plots
[2025-08-20 19:06:18,185][__main__][INFO] - Final mIN parameters: {'beta': np.float32(0.0019187913), 'alpha': np.float32(0.9961347)}
[2025-08-20 19:06:18,185][__main__][INFO] - End of script

[2025-08-20 19:06:23,244][__main__][INFO] - =====Running main script=====
[2025-08-20 19:06:23,249][__main__][INFO] - Fetched main configs, save directory : ../outputs/bench_min_1/seed_5/min_init+gamma/
[2025-08-20 19:06:23,249][__main__][INFO] - Model PatchTST, normalization mIN, criterion NMSE, kwargs {}
[2025-08-20 19:06:23,280][__main__][INFO] - Fetched dataloaders
[2025-08-20 19:06:23,285][__main__][INFO] - Training data shape : (70, 1, 1000)
[2025-08-20 19:06:23,285][__main__][INFO] - Batch sizes : X=torch.Size([70, 1, 100]), y=torch.Size([70, 1, 20])
[2025-08-20 19:06:25,429][__main__][INFO] - batch_size=70, learning_rate=1e-05, steps per epoch=1, epochs=1000
[2025-08-20 19:06:25,430][__main__][INFO] - Starting training...
[2025-08-20 19:06:25,430][__main__][INFO] - Using device: cuda
[2025-08-20 19:06:25,430][__main__][INFO] - Training 1000 epochs of 1 batches (1000 steps): , eval_freq: 100, print_freq: 100
[2025-08-20 19:06:26,513][__main__][INFO] - Step 1 | valid1 MSE : 0.6175 | valid1 NMSE : 1.0434
[2025-08-20 19:06:27,952][__main__][INFO] - Step 100 | valid1 MSE : 0.0845 | valid1 NMSE : 0.1420
[2025-08-20 19:06:29,529][__main__][INFO] - Step 200 | valid1 MSE : 0.0085 | valid1 NMSE : 0.0144
[2025-08-20 19:06:30,962][__main__][INFO] - Step 300 | valid1 MSE : 0.0044 | valid1 NMSE : 0.0074
[2025-08-20 19:06:32,389][__main__][INFO] - Step 400 | valid1 MSE : 0.0041 | valid1 NMSE : 0.0069
[2025-08-20 19:06:33,943][__main__][INFO] - Step 500 | valid1 MSE : 0.0039 | valid1 NMSE : 0.0066
[2025-08-20 19:06:35,362][__main__][INFO] - Step 600 | valid1 MSE : 0.0038 | valid1 NMSE : 0.0064
[2025-08-20 19:06:36,920][__main__][INFO] - Step 700 | valid1 MSE : 0.0036 | valid1 NMSE : 0.0061
[2025-08-20 19:06:38,337][__main__][INFO] - Step 800 | valid1 MSE : 0.0035 | valid1 NMSE : 0.0059
[2025-08-20 19:06:39,746][__main__][INFO] - Step 900 | valid1 MSE : 0.0034 | valid1 NMSE : 0.0058
[2025-08-20 19:06:41,299][__main__][INFO] - Step 1000 | valid1 MSE : 0.0033 | valid1 NMSE : 0.0057
[2025-08-20 19:06:41,300][__main__][INFO] - Training done in 0.264 min
[2025-08-20 19:06:41,300][__main__][INFO] - Average time per step: 0.016 s
[2025-08-20 19:06:41,320][__main__][INFO] - End of training
[2025-08-20 19:06:42,057][__main__][INFO] - Plotted losses
[2025-08-20 19:06:42,057][__main__][INFO] - Computing test metrics
[2025-08-20 19:06:42,120][__main__][INFO] - Evaluation done in 0.001 min
[2025-08-20 19:06:42,236][__main__][INFO] - Evaluation done in 0.000 min
[2025-08-20 19:06:42,408][__main__][INFO] - Saved plots
[2025-08-20 19:06:42,408][__main__][INFO] - Final mIN parameters: {'beta': np.float32(0.77917093), 'alpha': np.float32(0.9415809)}
[2025-08-20 19:06:42,408][__main__][INFO] - End of script

[2025-08-20 19:06:48,146][__main__][INFO] - =====Running main script=====
[2025-08-20 19:06:48,152][__main__][INFO] - Fetched main configs, save directory : ../outputs/bench_min_1/seed_5/min_fixed+gamma/
[2025-08-20 19:06:48,152][__main__][INFO] - Model PatchTST, normalization mIN, criterion NMSE, kwargs {}
[2025-08-20 19:06:48,185][__main__][INFO] - Fetched dataloaders
[2025-08-20 19:06:48,189][__main__][INFO] - Training data shape : (70, 1, 1000)
[2025-08-20 19:06:48,189][__main__][INFO] - Batch sizes : X=torch.Size([70, 1, 100]), y=torch.Size([70, 1, 20])
[2025-08-20 19:06:50,421][__main__][INFO] - batch_size=70, learning_rate=1e-05, steps per epoch=1, epochs=1000
[2025-08-20 19:06:50,421][__main__][INFO] - Starting training...
[2025-08-20 19:06:50,421][__main__][INFO] - Using device: cuda
[2025-08-20 19:06:50,421][__main__][INFO] - Training 1000 epochs of 1 batches (1000 steps): , eval_freq: 100, print_freq: 100
[2025-08-20 19:06:51,543][__main__][INFO] - Step 1 | valid1 MSE : 0.6175 | valid1 NMSE : 1.0434
[2025-08-20 19:06:52,980][__main__][INFO] - Step 100 | valid1 MSE : 0.0845 | valid1 NMSE : 0.1420
[2025-08-20 19:06:54,563][__main__][INFO] - Step 200 | valid1 MSE : 0.0085 | valid1 NMSE : 0.0144
[2025-08-20 19:06:55,991][__main__][INFO] - Step 300 | valid1 MSE : 0.0044 | valid1 NMSE : 0.0074
[2025-08-20 19:06:57,419][__main__][INFO] - Step 400 | valid1 MSE : 0.0041 | valid1 NMSE : 0.0069
[2025-08-20 19:06:58,994][__main__][INFO] - Step 500 | valid1 MSE : 0.0039 | valid1 NMSE : 0.0066
[2025-08-20 19:07:00,419][__main__][INFO] - Step 600 | valid1 MSE : 0.0038 | valid1 NMSE : 0.0064
[2025-08-20 19:07:01,985][__main__][INFO] - Step 700 | valid1 MSE : 0.0036 | valid1 NMSE : 0.0061
[2025-08-20 19:07:03,404][__main__][INFO] - Step 800 | valid1 MSE : 0.0035 | valid1 NMSE : 0.0059
[2025-08-20 19:07:04,822][__main__][INFO] - Step 900 | valid1 MSE : 0.0034 | valid1 NMSE : 0.0058
[2025-08-20 19:07:06,395][__main__][INFO] - Step 1000 | valid1 MSE : 0.0033 | valid1 NMSE : 0.0057
[2025-08-20 19:07:06,395][__main__][INFO] - Training done in 0.266 min
[2025-08-20 19:07:06,395][__main__][INFO] - Average time per step: 0.016 s
[2025-08-20 19:07:06,416][__main__][INFO] - End of training
[2025-08-20 19:07:07,207][__main__][INFO] - Plotted losses
[2025-08-20 19:07:07,207][__main__][INFO] - Computing test metrics
[2025-08-20 19:07:07,268][__main__][INFO] - Evaluation done in 0.001 min
[2025-08-20 19:07:07,383][__main__][INFO] - Evaluation done in 0.000 min
[2025-08-20 19:07:07,556][__main__][INFO] - Saved plots
[2025-08-20 19:07:07,556][__main__][INFO] - Final mIN parameters: {'beta': np.float32(0.7805), 'alpha': np.float32(0.9415807)}
[2025-08-20 19:07:07,556][__main__][INFO] - End of script

==Table of ../outputs/bench_min_1/==
+-----------------+--------------------------+-----------------------+-----------------+-----------------+-----------------+-----------------+------------------+-------------------+-----------------+------------------+-------------------+
|                 | PatchTST_instance_NMSE   | PatchTST_revin_NMSE   | min             | min_init        | min_fixed       | min+revin       | min_init+revin   | min_fixed+revin   | min+gamma       | min_init+gamma   | min_fixed+gamma   |
+=================+==========================+=======================+=================+=================+=================+=================+==================+===================+=================+==================+===================+
| Test MSE * 1e3  | 3.5648 ± 0.0781          | 3.5573 ± 0.0772       | 3.5581 ± 0.0772 | 3.2608 ± 0.0656 | 3.2608 ± 0.0656 | 3.5508 ± 0.0764 | 3.2535 ± 0.0648  | 3.2534 ± 0.0647   | 3.5508 ± 0.0764 | 3.2535 ± 0.0648  | 3.2534 ± 0.0647   |
+-----------------+--------------------------+-----------------------+-----------------+-----------------+-----------------+-----------------+------------------+-------------------+-----------------+------------------+-------------------+
| Test NMSE * 1e3 | 6.0276 ± 0.1303          | 6.0151 ± 0.1289       | 6.0164 ± 0.1288 | 5.5139 ± 0.1094 | 5.5138 ± 0.1093 | 6.0041 ± 0.1274 | 5.5015 ± 0.1080  | 5.5014 ± 0.1079   | 6.0041 ± 0.1274 | 5.5015 ± 0.1080  | 5.5014 ± 0.1079   |
+-----------------+--------------------------+-----------------------+-----------------+-----------------+-----------------+-----------------+------------------+-------------------+-----------------+------------------+-------------------+
==Table of ../outputs/bench_min_1/==
+-----------------+--------------------------+-----------------------+-----------------+-----------------+-----------------+-----------------+------------------+-------------------+-----------------+------------------+-------------------+
|                 | PatchTST_instance_NMSE   | PatchTST_revin_NMSE   | min             | min_init        | min_fixed       | min+revin       | min_init+revin   | min_fixed+revin   | min+gamma       | min_init+gamma   | min_fixed+gamma   |
+=================+==========================+=======================+=================+=================+=================+=================+==================+===================+=================+==================+===================+
| Test MSE * 1e3  | 3.5979 ± 0.0720          | 3.5904 ± 0.0712       | 3.5913 ± 0.0712 | 3.2883 ± 0.0682 | 3.2883 ± 0.0682 | 3.5839 ± 0.0703 | 3.2809 ± 0.0674  | 3.2809 ± 0.0674   | 3.5839 ± 0.0703 | 3.2809 ± 0.0674  | 3.2809 ± 0.0674   |
+-----------------+--------------------------+-----------------------+-----------------+-----------------+-----------------+-----------------+------------------+-------------------+-----------------+------------------+-------------------+
| Test NMSE * 1e3 | 6.0836 ± 0.1212          | 6.0710 ± 0.1198       | 6.0725 ± 0.1198 | 5.5604 ± 0.1155 | 5.5603 ± 0.1154 | 6.0601 ± 0.1183 | 5.5478 ± 0.1141  | 5.5478 ± 0.1140   | 6.0601 ± 0.1183 | 5.5478 ± 0.1141  | 5.5478 ± 0.1140   |
+-----------------+--------------------------+-----------------------+-----------------+-----------------+-----------------+-----------------+------------------+-------------------+-----------------+------------------+-------------------+
