[2025-07-29 13:32:40,546][__main__][INFO] - =====Running main script=====
[2025-07-29 13:32:40,553][__main__][INFO] - Fetched main configs, save directory : ../outputs/benchmark_min_1/seed_1/PatchTST_instance/
[2025-07-29 13:32:40,553][__main__][INFO] - Model PatchTST, normalization instance, criterion MSE, kwargs {}
[2025-07-29 13:32:40,597][__main__][INFO] - Fetched dataloaders
[2025-07-29 13:32:40,600][__main__][INFO] - Training data shape : (70, 1, 1000)
[2025-07-29 13:32:40,600][__main__][INFO] - Batch sizes : X=torch.Size([10, 1, 100]), y=torch.Size([10, 1, 20])
[2025-07-29 13:32:43,364][__main__][INFO] - batch_size=10, learning_rate=0.0001, steps per epoch=7, epochs=300
[2025-07-29 13:32:43,364][__main__][INFO] - Starting training...
[2025-07-29 13:32:43,364][__main__][INFO] - Using device: cuda
[2025-07-29 13:32:43,364][__main__][INFO] - Training 300 epochs of 7 batches (2100 steps): , eval_freq: 100, print_freq: 100
[2025-07-29 13:32:51,632][__main__][INFO] - Step 1 | valid1 MSE : 0.9783 | valid1 MAE : 0.8102 | valid1 NMSE : 1.6468 | valid1 RMSE : 0.0019
[2025-07-29 13:33:00,638][__main__][INFO] - Step 100 | valid1 MSE : 0.0059 | valid1 MAE : 0.0615 | valid1 NMSE : 0.0101 | valid1 RMSE : 0.0000
[2025-07-29 13:33:09,404][__main__][INFO] - Step 200 | valid1 MSE : 0.0055 | valid1 MAE : 0.0593 | valid1 NMSE : 0.0094 | valid1 RMSE : 0.0000
[2025-07-29 13:33:18,233][__main__][INFO] - Step 300 | valid1 MSE : 0.0049 | valid1 MAE : 0.0557 | valid1 NMSE : 0.0082 | valid1 RMSE : 0.0000
[2025-07-29 13:33:27,138][__main__][INFO] - Step 400 | valid1 MSE : 0.0050 | valid1 MAE : 0.0567 | valid1 NMSE : 0.0086 | valid1 RMSE : 0.0000
[2025-07-29 13:33:36,038][__main__][INFO] - Step 500 | valid1 MSE : 0.0043 | valid1 MAE : 0.0522 | valid1 NMSE : 0.0073 | valid1 RMSE : 0.0000
[2025-07-29 13:33:45,118][__main__][INFO] - Step 600 | valid1 MSE : 0.0045 | valid1 MAE : 0.0533 | valid1 NMSE : 0.0077 | valid1 RMSE : 0.0000
[2025-07-29 13:33:53,995][__main__][INFO] - Step 700 | valid1 MSE : 0.0042 | valid1 MAE : 0.0519 | valid1 NMSE : 0.0072 | valid1 RMSE : 0.0000
[2025-07-29 13:34:02,914][__main__][INFO] - Step 800 | valid1 MSE : 0.0050 | valid1 MAE : 0.0564 | valid1 NMSE : 0.0084 | valid1 RMSE : 0.0000
[2025-07-29 13:34:11,869][__main__][INFO] - Step 900 | valid1 MSE : 0.0054 | valid1 MAE : 0.0585 | valid1 NMSE : 0.0091 | valid1 RMSE : 0.0000
[2025-07-29 13:34:20,778][__main__][INFO] - Step 1000 | valid1 MSE : 0.0046 | valid1 MAE : 0.0542 | valid1 NMSE : 0.0079 | valid1 RMSE : 0.0000
[2025-07-29 13:34:29,833][__main__][INFO] - Step 1100 | valid1 MSE : 0.0045 | valid1 MAE : 0.0534 | valid1 NMSE : 0.0076 | valid1 RMSE : 0.0000
[2025-07-29 13:34:38,756][__main__][INFO] - Step 1200 | valid1 MSE : 0.0046 | valid1 MAE : 0.0540 | valid1 NMSE : 0.0078 | valid1 RMSE : 0.0000
[2025-07-29 13:34:47,611][__main__][INFO] - Step 1300 | valid1 MSE : 0.0054 | valid1 MAE : 0.0589 | valid1 NMSE : 0.0092 | valid1 RMSE : 0.0000
[2025-07-29 13:34:56,571][__main__][INFO] - Step 1400 | valid1 MSE : 0.0045 | valid1 MAE : 0.0534 | valid1 NMSE : 0.0076 | valid1 RMSE : 0.0000
[2025-07-29 13:35:05,513][__main__][INFO] - Step 1500 | valid1 MSE : 0.0044 | valid1 MAE : 0.0532 | valid1 NMSE : 0.0075 | valid1 RMSE : 0.0000
[2025-07-29 13:35:14,626][__main__][INFO] - Step 1600 | valid1 MSE : 0.0045 | valid1 MAE : 0.0533 | valid1 NMSE : 0.0076 | valid1 RMSE : 0.0000
[2025-07-29 13:35:23,535][__main__][INFO] - Step 1700 | valid1 MSE : 0.0047 | valid1 MAE : 0.0541 | valid1 NMSE : 0.0079 | valid1 RMSE : 0.0000
[2025-07-29 13:35:32,497][__main__][INFO] - Step 1800 | valid1 MSE : 0.0044 | valid1 MAE : 0.0529 | valid1 NMSE : 0.0075 | valid1 RMSE : 0.0000
[2025-07-29 13:35:41,431][__main__][INFO] - Step 1900 | valid1 MSE : 0.0041 | valid1 MAE : 0.0511 | valid1 NMSE : 0.0070 | valid1 RMSE : 0.0000
[2025-07-29 13:35:50,317][__main__][INFO] - Step 2000 | valid1 MSE : 0.0043 | valid1 MAE : 0.0520 | valid1 NMSE : 0.0073 | valid1 RMSE : 0.0000
[2025-07-29 13:35:59,418][__main__][INFO] - Step 2100 | valid1 MSE : 0.0047 | valid1 MAE : 0.0544 | valid1 NMSE : 0.0080 | valid1 RMSE : 0.0000
[2025-07-29 13:35:59,418][__main__][INFO] - Training done in 3.268 min
[2025-07-29 13:35:59,419][__main__][INFO] - Average time per step: 0.093 s
[2025-07-29 13:35:59,448][__main__][INFO] - End of training
[2025-07-29 13:36:00,700][__main__][INFO] - Plotted losses
[2025-07-29 13:36:00,701][__main__][INFO] - Computing test metrics
[2025-07-29 13:36:01,781][__main__][INFO] - Evaluation done in 0.018 min
[2025-07-29 13:36:03,033][__main__][INFO] - Evaluation done in 0.014 min
[2025-07-29 13:36:06,823][__main__][INFO] - Saved plots
[2025-07-29 13:36:06,823][__main__][INFO] - End of script

[2025-07-29 13:36:15,180][__main__][INFO] - =====Running main script=====
[2025-07-29 13:36:15,187][__main__][INFO] - Fetched main configs, save directory : ../outputs/benchmark_min_1/seed_1/PatchTST_revin/
[2025-07-29 13:36:15,187][__main__][INFO] - Model PatchTST, normalization revin, criterion MSE, kwargs {}
[2025-07-29 13:36:15,233][__main__][INFO] - Fetched dataloaders
[2025-07-29 13:36:15,236][__main__][INFO] - Training data shape : (70, 1, 1000)
[2025-07-29 13:36:15,237][__main__][INFO] - Batch sizes : X=torch.Size([10, 1, 100]), y=torch.Size([10, 1, 20])
[2025-07-29 13:36:18,495][__main__][INFO] - batch_size=10, learning_rate=0.0001, steps per epoch=7, epochs=300
[2025-07-29 13:36:18,495][__main__][INFO] - Starting training...
[2025-07-29 13:36:18,495][__main__][INFO] - Using device: cuda
[2025-07-29 13:36:18,495][__main__][INFO] - Training 300 epochs of 7 batches (2100 steps): , eval_freq: 100, print_freq: 100
[2025-07-29 13:36:27,068][__main__][INFO] - Step 1 | valid1 MSE : 0.9782 | valid1 MAE : 0.8102 | valid1 NMSE : 1.6466 | valid1 RMSE : 0.0019
[2025-07-29 13:36:36,365][__main__][INFO] - Step 100 | valid1 MSE : 0.0059 | valid1 MAE : 0.0613 | valid1 NMSE : 0.0100 | valid1 RMSE : 0.0000
[2025-07-29 13:36:45,549][__main__][INFO] - Step 200 | valid1 MSE : 0.0054 | valid1 MAE : 0.0588 | valid1 NMSE : 0.0092 | valid1 RMSE : 0.0000
[2025-07-29 13:36:54,629][__main__][INFO] - Step 300 | valid1 MSE : 0.0048 | valid1 MAE : 0.0552 | valid1 NMSE : 0.0081 | valid1 RMSE : 0.0000
[2025-07-29 13:37:03,788][__main__][INFO] - Step 400 | valid1 MSE : 0.0049 | valid1 MAE : 0.0561 | valid1 NMSE : 0.0084 | valid1 RMSE : 0.0000
[2025-07-29 13:37:12,875][__main__][INFO] - Step 500 | valid1 MSE : 0.0042 | valid1 MAE : 0.0516 | valid1 NMSE : 0.0071 | valid1 RMSE : 0.0000
[2025-07-29 13:37:22,085][__main__][INFO] - Step 600 | valid1 MSE : 0.0044 | valid1 MAE : 0.0525 | valid1 NMSE : 0.0075 | valid1 RMSE : 0.0000
[2025-07-29 13:37:31,155][__main__][INFO] - Step 700 | valid1 MSE : 0.0041 | valid1 MAE : 0.0510 | valid1 NMSE : 0.0069 | valid1 RMSE : 0.0000
[2025-07-29 13:37:40,260][__main__][INFO] - Step 800 | valid1 MSE : 0.0048 | valid1 MAE : 0.0556 | valid1 NMSE : 0.0082 | valid1 RMSE : 0.0000
[2025-07-29 13:37:49,369][__main__][INFO] - Step 900 | valid1 MSE : 0.0052 | valid1 MAE : 0.0576 | valid1 NMSE : 0.0088 | valid1 RMSE : 0.0000
[2025-07-29 13:37:58,468][__main__][INFO] - Step 1000 | valid1 MSE : 0.0045 | valid1 MAE : 0.0532 | valid1 NMSE : 0.0076 | valid1 RMSE : 0.0000
[2025-07-29 13:38:07,675][__main__][INFO] - Step 1100 | valid1 MSE : 0.0044 | valid1 MAE : 0.0532 | valid1 NMSE : 0.0075 | valid1 RMSE : 0.0000
[2025-07-29 13:38:16,752][__main__][INFO] - Step 1200 | valid1 MSE : 0.0044 | valid1 MAE : 0.0528 | valid1 NMSE : 0.0074 | valid1 RMSE : 0.0000
[2025-07-29 13:38:25,761][__main__][INFO] - Step 1300 | valid1 MSE : 0.0052 | valid1 MAE : 0.0578 | valid1 NMSE : 0.0088 | valid1 RMSE : 0.0000
[2025-07-29 13:38:34,881][__main__][INFO] - Step 1400 | valid1 MSE : 0.0044 | valid1 MAE : 0.0529 | valid1 NMSE : 0.0074 | valid1 RMSE : 0.0000
[2025-07-29 13:38:43,943][__main__][INFO] - Step 1500 | valid1 MSE : 0.0043 | valid1 MAE : 0.0523 | valid1 NMSE : 0.0072 | valid1 RMSE : 0.0000
[2025-07-29 13:38:53,133][__main__][INFO] - Step 1600 | valid1 MSE : 0.0043 | valid1 MAE : 0.0519 | valid1 NMSE : 0.0072 | valid1 RMSE : 0.0000
[2025-07-29 13:39:02,206][__main__][INFO] - Step 1700 | valid1 MSE : 0.0045 | valid1 MAE : 0.0529 | valid1 NMSE : 0.0075 | valid1 RMSE : 0.0000
[2025-07-29 13:39:11,244][__main__][INFO] - Step 1800 | valid1 MSE : 0.0042 | valid1 MAE : 0.0513 | valid1 NMSE : 0.0070 | valid1 RMSE : 0.0000
[2025-07-29 13:39:20,321][__main__][INFO] - Step 1900 | valid1 MSE : 0.0040 | valid1 MAE : 0.0501 | valid1 NMSE : 0.0067 | valid1 RMSE : 0.0000
[2025-07-29 13:39:29,377][__main__][INFO] - Step 2000 | valid1 MSE : 0.0039 | valid1 MAE : 0.0499 | valid1 NMSE : 0.0067 | valid1 RMSE : 0.0000
[2025-07-29 13:39:38,612][__main__][INFO] - Step 2100 | valid1 MSE : 0.0044 | valid1 MAE : 0.0529 | valid1 NMSE : 0.0075 | valid1 RMSE : 0.0000
[2025-07-29 13:39:38,612][__main__][INFO] - Training done in 3.335 min
[2025-07-29 13:39:38,612][__main__][INFO] - Average time per step: 0.095 s
[2025-07-29 13:39:38,639][__main__][INFO] - End of training
[2025-07-29 13:39:40,042][__main__][INFO] - Plotted losses
[2025-07-29 13:39:40,042][__main__][INFO] - Computing test metrics
[2025-07-29 13:39:41,165][__main__][INFO] - Evaluation done in 0.019 min
[2025-07-29 13:39:42,560][__main__][INFO] - Evaluation done in 0.017 min
[2025-07-29 13:39:46,190][__main__][INFO] - Saved plots
[2025-07-29 13:39:46,191][__main__][INFO] - Final mIN parameters: {'beta': np.float32(-0.00952236), 'alpha': np.float32(1.0885798)}
[2025-07-29 13:39:46,191][__main__][INFO] - End of script

[2025-07-29 13:39:53,550][__main__][INFO] - =====Running main script=====
[2025-07-29 13:39:53,557][__main__][INFO] - Fetched main configs, save directory : ../outputs/benchmark_min_1/seed_1/default/
[2025-07-29 13:39:53,557][__main__][INFO] - Model PatchTST, normalization mIN, criterion MSE, kwargs {}
[2025-07-29 13:39:53,604][__main__][INFO] - Fetched dataloaders
[2025-07-29 13:39:53,608][__main__][INFO] - Training data shape : (70, 1, 1000)
[2025-07-29 13:39:53,608][__main__][INFO] - Batch sizes : X=torch.Size([10, 1, 100]), y=torch.Size([10, 1, 20])
[2025-07-29 13:39:56,359][__main__][INFO] - batch_size=10, learning_rate=0.0001, steps per epoch=7, epochs=300
[2025-07-29 13:39:56,360][__main__][INFO] - Starting training...
[2025-07-29 13:39:56,360][__main__][INFO] - Using device: cuda
[2025-07-29 13:39:56,360][__main__][INFO] - Training 300 epochs of 7 batches (2100 steps): , eval_freq: 100, print_freq: 100
[2025-07-29 13:40:04,763][__main__][INFO] - Step 1 | valid1 MSE : 0.9782 | valid1 MAE : 0.8102 | valid1 NMSE : 1.6466 | valid1 RMSE : 0.0019
[2025-07-29 13:40:13,819][__main__][INFO] - Step 100 | valid1 MSE : 0.0059 | valid1 MAE : 0.0613 | valid1 NMSE : 0.0100 | valid1 RMSE : 0.0000
[2025-07-29 13:40:22,661][__main__][INFO] - Step 200 | valid1 MSE : 0.0054 | valid1 MAE : 0.0589 | valid1 NMSE : 0.0092 | valid1 RMSE : 0.0000
[2025-07-29 13:40:31,693][__main__][INFO] - Step 300 | valid1 MSE : 0.0048 | valid1 MAE : 0.0552 | valid1 NMSE : 0.0081 | valid1 RMSE : 0.0000
[2025-07-29 13:40:40,701][__main__][INFO] - Step 400 | valid1 MSE : 0.0049 | valid1 MAE : 0.0562 | valid1 NMSE : 0.0084 | valid1 RMSE : 0.0000
[2025-07-29 13:40:49,876][__main__][INFO] - Step 500 | valid1 MSE : 0.0042 | valid1 MAE : 0.0516 | valid1 NMSE : 0.0071 | valid1 RMSE : 0.0000
[2025-07-29 13:40:58,765][__main__][INFO] - Step 600 | valid1 MSE : 0.0044 | valid1 MAE : 0.0527 | valid1 NMSE : 0.0075 | valid1 RMSE : 0.0000
[2025-07-29 13:41:07,718][__main__][INFO] - Step 700 | valid1 MSE : 0.0041 | valid1 MAE : 0.0510 | valid1 NMSE : 0.0069 | valid1 RMSE : 0.0000
[2025-07-29 13:41:16,588][__main__][INFO] - Step 800 | valid1 MSE : 0.0049 | valid1 MAE : 0.0559 | valid1 NMSE : 0.0083 | valid1 RMSE : 0.0000
[2025-07-29 13:41:25,631][__main__][INFO] - Step 900 | valid1 MSE : 0.0052 | valid1 MAE : 0.0578 | valid1 NMSE : 0.0089 | valid1 RMSE : 0.0000
[2025-07-29 13:41:34,565][__main__][INFO] - Step 1000 | valid1 MSE : 0.0045 | valid1 MAE : 0.0533 | valid1 NMSE : 0.0076 | valid1 RMSE : 0.0000
[2025-07-29 13:41:43,419][__main__][INFO] - Step 1100 | valid1 MSE : 0.0045 | valid1 MAE : 0.0533 | valid1 NMSE : 0.0075 | valid1 RMSE : 0.0000
[2025-07-29 13:41:52,293][__main__][INFO] - Step 1200 | valid1 MSE : 0.0044 | valid1 MAE : 0.0529 | valid1 NMSE : 0.0075 | valid1 RMSE : 0.0000
[2025-07-29 13:42:01,167][__main__][INFO] - Step 1300 | valid1 MSE : 0.0052 | valid1 MAE : 0.0579 | valid1 NMSE : 0.0088 | valid1 RMSE : 0.0000
[2025-07-29 13:42:10,191][__main__][INFO] - Step 1400 | valid1 MSE : 0.0044 | valid1 MAE : 0.0531 | valid1 NMSE : 0.0075 | valid1 RMSE : 0.0000
[2025-07-29 13:42:19,143][__main__][INFO] - Step 1500 | valid1 MSE : 0.0043 | valid1 MAE : 0.0525 | valid1 NMSE : 0.0073 | valid1 RMSE : 0.0000
[2025-07-29 13:42:28,076][__main__][INFO] - Step 1600 | valid1 MSE : 0.0042 | valid1 MAE : 0.0518 | valid1 NMSE : 0.0071 | valid1 RMSE : 0.0000
[2025-07-29 13:42:37,079][__main__][INFO] - Step 1700 | valid1 MSE : 0.0044 | valid1 MAE : 0.0528 | valid1 NMSE : 0.0075 | valid1 RMSE : 0.0000
[2025-07-29 13:42:45,903][__main__][INFO] - Step 1800 | valid1 MSE : 0.0041 | valid1 MAE : 0.0513 | valid1 NMSE : 0.0070 | valid1 RMSE : 0.0000
[2025-07-29 13:42:55,095][__main__][INFO] - Step 1900 | valid1 MSE : 0.0040 | valid1 MAE : 0.0501 | valid1 NMSE : 0.0067 | valid1 RMSE : 0.0000
[2025-07-29 13:43:04,159][__main__][INFO] - Step 2000 | valid1 MSE : 0.0039 | valid1 MAE : 0.0496 | valid1 NMSE : 0.0066 | valid1 RMSE : 0.0000
[2025-07-29 13:43:13,071][__main__][INFO] - Step 2100 | valid1 MSE : 0.0044 | valid1 MAE : 0.0529 | valid1 NMSE : 0.0075 | valid1 RMSE : 0.0000
[2025-07-29 13:43:13,071][__main__][INFO] - Training done in 3.279 min
[2025-07-29 13:43:13,071][__main__][INFO] - Average time per step: 0.094 s
[2025-07-29 13:43:13,099][__main__][INFO] - End of training
[2025-07-29 13:43:14,503][__main__][INFO] - Plotted losses
[2025-07-29 13:43:14,503][__main__][INFO] - Computing test metrics
[2025-07-29 13:43:15,750][__main__][INFO] - Evaluation done in 0.021 min
[2025-07-29 13:43:16,985][__main__][INFO] - Evaluation done in 0.014 min
[2025-07-29 13:43:20,574][__main__][INFO] - Saved plots
[2025-07-29 13:43:20,574][__main__][INFO] - Final mIN parameters: {'beta': np.float32(0.008936886), 'alpha': np.float32(0.90751594)}
[2025-07-29 13:43:20,575][__main__][INFO] - End of script

[2025-07-29 13:43:27,767][__main__][INFO] - =====Running main script=====
[2025-07-29 13:43:27,775][__main__][INFO] - Fetched main configs, save directory : ../outputs/benchmark_min_1/seed_1/init/
[2025-07-29 13:43:27,775][__main__][INFO] - Model PatchTST, normalization mIN, criterion MSE, kwargs {}
[2025-07-29 13:43:27,821][__main__][INFO] - Fetched dataloaders
[2025-07-29 13:43:27,825][__main__][INFO] - Training data shape : (70, 1, 1000)
[2025-07-29 13:43:27,825][__main__][INFO] - Batch sizes : X=torch.Size([10, 1, 100]), y=torch.Size([10, 1, 20])
[2025-07-29 13:43:30,648][__main__][INFO] - batch_size=10, learning_rate=0.0001, steps per epoch=7, epochs=300
[2025-07-29 13:43:30,648][__main__][INFO] - Starting training...
[2025-07-29 13:43:30,648][__main__][INFO] - Using device: cuda
[2025-07-29 13:43:30,649][__main__][INFO] - Training 300 epochs of 7 batches (2100 steps): , eval_freq: 100, print_freq: 100
[2025-07-29 13:43:39,012][__main__][INFO] - Step 1 | valid1 MSE : 0.5923 | valid1 MAE : 0.6768 | valid1 NMSE : 0.9986 | valid1 RMSE : 0.0011
[2025-07-29 13:43:48,072][__main__][INFO] - Step 100 | valid1 MSE : 0.0055 | valid1 MAE : 0.0592 | valid1 NMSE : 0.0094 | valid1 RMSE : 0.0000
[2025-07-29 13:43:56,868][__main__][INFO] - Step 200 | valid1 MSE : 0.0052 | valid1 MAE : 0.0577 | valid1 NMSE : 0.0089 | valid1 RMSE : 0.0000
[2025-07-29 13:44:05,862][__main__][INFO] - Step 300 | valid1 MSE : 0.0043 | valid1 MAE : 0.0526 | valid1 NMSE : 0.0074 | valid1 RMSE : 0.0000
[2025-07-29 13:44:14,715][__main__][INFO] - Step 400 | valid1 MSE : 0.0044 | valid1 MAE : 0.0533 | valid1 NMSE : 0.0076 | valid1 RMSE : 0.0000
[2025-07-29 13:44:23,770][__main__][INFO] - Step 500 | valid1 MSE : 0.0039 | valid1 MAE : 0.0498 | valid1 NMSE : 0.0066 | valid1 RMSE : 0.0000
[2025-07-29 13:44:32,680][__main__][INFO] - Step 600 | valid1 MSE : 0.0042 | valid1 MAE : 0.0515 | valid1 NMSE : 0.0071 | valid1 RMSE : 0.0000
[2025-07-29 13:44:41,543][__main__][INFO] - Step 700 | valid1 MSE : 0.0039 | valid1 MAE : 0.0497 | valid1 NMSE : 0.0066 | valid1 RMSE : 0.0000
[2025-07-29 13:44:50,488][__main__][INFO] - Step 800 | valid1 MSE : 0.0048 | valid1 MAE : 0.0553 | valid1 NMSE : 0.0081 | valid1 RMSE : 0.0000
[2025-07-29 13:44:59,538][__main__][INFO] - Step 900 | valid1 MSE : 0.0047 | valid1 MAE : 0.0550 | valid1 NMSE : 0.0080 | valid1 RMSE : 0.0000
[2025-07-29 13:45:08,456][__main__][INFO] - Step 1000 | valid1 MSE : 0.0042 | valid1 MAE : 0.0514 | valid1 NMSE : 0.0070 | valid1 RMSE : 0.0000
[2025-07-29 13:45:17,376][__main__][INFO] - Step 1100 | valid1 MSE : 0.0039 | valid1 MAE : 0.0501 | valid1 NMSE : 0.0066 | valid1 RMSE : 0.0000
[2025-07-29 13:45:26,235][__main__][INFO] - Step 1200 | valid1 MSE : 0.0040 | valid1 MAE : 0.0503 | valid1 NMSE : 0.0067 | valid1 RMSE : 0.0000
[2025-07-29 13:45:35,074][__main__][INFO] - Step 1300 | valid1 MSE : 0.0044 | valid1 MAE : 0.0530 | valid1 NMSE : 0.0074 | valid1 RMSE : 0.0000
[2025-07-29 13:45:44,123][__main__][INFO] - Step 1400 | valid1 MSE : 0.0039 | valid1 MAE : 0.0498 | valid1 NMSE : 0.0066 | valid1 RMSE : 0.0000
[2025-07-29 13:45:53,079][__main__][INFO] - Step 1500 | valid1 MSE : 0.0038 | valid1 MAE : 0.0494 | valid1 NMSE : 0.0065 | valid1 RMSE : 0.0000
[2025-07-29 13:46:02,005][__main__][INFO] - Step 1600 | valid1 MSE : 0.0036 | valid1 MAE : 0.0482 | valid1 NMSE : 0.0062 | valid1 RMSE : 0.0000
[2025-07-29 13:46:10,894][__main__][INFO] - Step 1700 | valid1 MSE : 0.0040 | valid1 MAE : 0.0499 | valid1 NMSE : 0.0068 | valid1 RMSE : 0.0000
[2025-07-29 13:46:19,825][__main__][INFO] - Step 1800 | valid1 MSE : 0.0039 | valid1 MAE : 0.0501 | valid1 NMSE : 0.0067 | valid1 RMSE : 0.0000
[2025-07-29 13:46:28,803][__main__][INFO] - Step 1900 | valid1 MSE : 0.0036 | valid1 MAE : 0.0477 | valid1 NMSE : 0.0061 | valid1 RMSE : 0.0000
[2025-07-29 13:46:37,683][__main__][INFO] - Step 2000 | valid1 MSE : 0.0035 | valid1 MAE : 0.0472 | valid1 NMSE : 0.0059 | valid1 RMSE : 0.0000
[2025-07-29 13:46:46,578][__main__][INFO] - Step 2100 | valid1 MSE : 0.0039 | valid1 MAE : 0.0498 | valid1 NMSE : 0.0066 | valid1 RMSE : 0.0000
[2025-07-29 13:46:46,578][__main__][INFO] - Training done in 3.265 min
[2025-07-29 13:46:46,578][__main__][INFO] - Average time per step: 0.093 s
[2025-07-29 13:46:46,606][__main__][INFO] - End of training
[2025-07-29 13:46:48,033][__main__][INFO] - Plotted losses
[2025-07-29 13:46:48,033][__main__][INFO] - Computing test metrics
[2025-07-29 13:46:49,277][__main__][INFO] - Evaluation done in 0.021 min
[2025-07-29 13:46:50,519][__main__][INFO] - Evaluation done in 0.014 min
[2025-07-29 13:46:54,054][__main__][INFO] - Saved plots
[2025-07-29 13:46:54,055][__main__][INFO] - Final mIN parameters: {'beta': np.float32(0.7726996), 'alpha': np.float32(0.86251694)}
[2025-07-29 13:46:54,055][__main__][INFO] - End of script

[2025-07-29 13:47:01,438][__main__][INFO] - =====Running main script=====
[2025-07-29 13:47:01,445][__main__][INFO] - Fetched main configs, save directory : ../outputs/benchmark_min_1/seed_1/fixed/
[2025-07-29 13:47:01,446][__main__][INFO] - Model PatchTST, normalization mIN, criterion MSE, kwargs {}
[2025-07-29 13:47:01,493][__main__][INFO] - Fetched dataloaders
[2025-07-29 13:47:01,498][__main__][INFO] - Training data shape : (70, 1, 1000)
[2025-07-29 13:47:01,498][__main__][INFO] - Batch sizes : X=torch.Size([10, 1, 100]), y=torch.Size([10, 1, 20])
[2025-07-29 13:47:04,330][__main__][INFO] - batch_size=10, learning_rate=0.0001, steps per epoch=7, epochs=300
[2025-07-29 13:47:04,330][__main__][INFO] - Starting training...
[2025-07-29 13:47:04,330][__main__][INFO] - Using device: cuda
[2025-07-29 13:47:04,330][__main__][INFO] - Training 300 epochs of 7 batches (2100 steps): , eval_freq: 100, print_freq: 100
[2025-07-29 13:47:12,855][__main__][INFO] - Step 1 | valid1 MSE : 0.5923 | valid1 MAE : 0.6768 | valid1 NMSE : 0.9987 | valid1 RMSE : 0.0011
[2025-07-29 13:47:22,038][__main__][INFO] - Step 100 | valid1 MSE : 0.0056 | valid1 MAE : 0.0594 | valid1 NMSE : 0.0095 | valid1 RMSE : 0.0000
[2025-07-29 13:47:30,908][__main__][INFO] - Step 200 | valid1 MSE : 0.0053 | valid1 MAE : 0.0579 | valid1 NMSE : 0.0090 | valid1 RMSE : 0.0000
[2025-07-29 13:47:40,030][__main__][INFO] - Step 300 | valid1 MSE : 0.0044 | valid1 MAE : 0.0529 | valid1 NMSE : 0.0075 | valid1 RMSE : 0.0000
[2025-07-29 13:47:49,146][__main__][INFO] - Step 400 | valid1 MSE : 0.0045 | valid1 MAE : 0.0539 | valid1 NMSE : 0.0077 | valid1 RMSE : 0.0000
[2025-07-29 13:47:58,264][__main__][INFO] - Step 500 | valid1 MSE : 0.0040 | valid1 MAE : 0.0503 | valid1 NMSE : 0.0067 | valid1 RMSE : 0.0000
[2025-07-29 13:48:07,322][__main__][INFO] - Step 600 | valid1 MSE : 0.0043 | valid1 MAE : 0.0523 | valid1 NMSE : 0.0073 | valid1 RMSE : 0.0000
[2025-07-29 13:48:16,403][__main__][INFO] - Step 700 | valid1 MSE : 0.0040 | valid1 MAE : 0.0506 | valid1 NMSE : 0.0069 | valid1 RMSE : 0.0000
[2025-07-29 13:48:25,484][__main__][INFO] - Step 800 | valid1 MSE : 0.0048 | valid1 MAE : 0.0558 | valid1 NMSE : 0.0082 | valid1 RMSE : 0.0000
[2025-07-29 13:48:34,658][__main__][INFO] - Step 900 | valid1 MSE : 0.0047 | valid1 MAE : 0.0549 | valid1 NMSE : 0.0080 | valid1 RMSE : 0.0000
[2025-07-29 13:48:43,744][__main__][INFO] - Step 1000 | valid1 MSE : 0.0043 | valid1 MAE : 0.0526 | valid1 NMSE : 0.0073 | valid1 RMSE : 0.0000
[2025-07-29 13:48:52,771][__main__][INFO] - Step 1100 | valid1 MSE : 0.0040 | valid1 MAE : 0.0509 | valid1 NMSE : 0.0068 | valid1 RMSE : 0.0000
[2025-07-29 13:49:01,684][__main__][INFO] - Step 1200 | valid1 MSE : 0.0042 | valid1 MAE : 0.0519 | valid1 NMSE : 0.0072 | valid1 RMSE : 0.0000
[2025-07-29 13:49:10,546][__main__][INFO] - Step 1300 | valid1 MSE : 0.0044 | valid1 MAE : 0.0533 | valid1 NMSE : 0.0075 | valid1 RMSE : 0.0000
[2025-07-29 13:49:19,491][__main__][INFO] - Step 1400 | valid1 MSE : 0.0040 | valid1 MAE : 0.0503 | valid1 NMSE : 0.0067 | valid1 RMSE : 0.0000
[2025-07-29 13:49:28,370][__main__][INFO] - Step 1500 | valid1 MSE : 0.0039 | valid1 MAE : 0.0501 | valid1 NMSE : 0.0067 | valid1 RMSE : 0.0000
[2025-07-29 13:49:37,179][__main__][INFO] - Step 1600 | valid1 MSE : 0.0037 | valid1 MAE : 0.0485 | valid1 NMSE : 0.0063 | valid1 RMSE : 0.0000
[2025-07-29 13:49:46,076][__main__][INFO] - Step 1700 | valid1 MSE : 0.0042 | valid1 MAE : 0.0510 | valid1 NMSE : 0.0071 | valid1 RMSE : 0.0000
[2025-07-29 13:49:54,979][__main__][INFO] - Step 1800 | valid1 MSE : 0.0042 | valid1 MAE : 0.0515 | valid1 NMSE : 0.0070 | valid1 RMSE : 0.0000
[2025-07-29 13:50:04,038][__main__][INFO] - Step 1900 | valid1 MSE : 0.0037 | valid1 MAE : 0.0488 | valid1 NMSE : 0.0063 | valid1 RMSE : 0.0000
[2025-07-29 13:50:12,973][__main__][INFO] - Step 2000 | valid1 MSE : 0.0037 | valid1 MAE : 0.0485 | valid1 NMSE : 0.0063 | valid1 RMSE : 0.0000
[2025-07-29 13:50:21,819][__main__][INFO] - Step 2100 | valid1 MSE : 0.0040 | valid1 MAE : 0.0505 | valid1 NMSE : 0.0068 | valid1 RMSE : 0.0000
[2025-07-29 13:50:21,820][__main__][INFO] - Training done in 3.291 min
[2025-07-29 13:50:21,820][__main__][INFO] - Average time per step: 0.094 s
[2025-07-29 13:50:21,850][__main__][INFO] - End of training
[2025-07-29 13:50:23,205][__main__][INFO] - Plotted losses
[2025-07-29 13:50:23,205][__main__][INFO] - Computing test metrics
[2025-07-29 13:50:24,463][__main__][INFO] - Evaluation done in 0.021 min
[2025-07-29 13:50:25,713][__main__][INFO] - Evaluation done in 0.014 min
[2025-07-29 13:50:29,280][__main__][INFO] - Saved plots
[2025-07-29 13:50:29,281][__main__][INFO] - Final mIN parameters: {'beta': np.float32(0.77), 'alpha': np.float32(0.95)}
[2025-07-29 13:50:29,281][__main__][INFO] - End of script

[2025-07-29 13:50:36,524][__main__][INFO] - =====Running main script=====
[2025-07-29 13:50:36,531][__main__][INFO] - Fetched main configs, save directory : ../outputs/benchmark_min_1/seed_1/default_gamma/
[2025-07-29 13:50:36,531][__main__][INFO] - Model PatchTST, normalization mIN, criterion MSE, kwargs {}
[2025-07-29 13:50:36,575][__main__][INFO] - Fetched dataloaders
[2025-07-29 13:50:36,578][__main__][INFO] - Training data shape : (70, 1, 1000)
[2025-07-29 13:50:36,579][__main__][INFO] - Batch sizes : X=torch.Size([10, 1, 100]), y=torch.Size([10, 1, 20])
[2025-07-29 13:50:39,353][__main__][INFO] - batch_size=10, learning_rate=0.0001, steps per epoch=7, epochs=300
[2025-07-29 13:50:39,354][__main__][INFO] - Starting training...
[2025-07-29 13:50:39,354][__main__][INFO] - Using device: cuda
[2025-07-29 13:50:39,354][__main__][INFO] - Training 300 epochs of 7 batches (2100 steps): , eval_freq: 100, print_freq: 100
[2025-07-29 13:50:48,003][__main__][INFO] - Step 1 | valid1 MSE : 0.9781 | valid1 MAE : 0.8101 | valid1 NMSE : 1.6465 | valid1 RMSE : 0.0019
[2025-07-29 13:50:57,351][__main__][INFO] - Step 100 | valid1 MSE : 0.0059 | valid1 MAE : 0.0611 | valid1 NMSE : 0.0100 | valid1 RMSE : 0.0000
[2025-07-29 13:51:06,498][__main__][INFO] - Step 200 | valid1 MSE : 0.0053 | valid1 MAE : 0.0584 | valid1 NMSE : 0.0091 | valid1 RMSE : 0.0000
[2025-07-29 13:51:15,659][__main__][INFO] - Step 300 | valid1 MSE : 0.0047 | valid1 MAE : 0.0547 | valid1 NMSE : 0.0080 | valid1 RMSE : 0.0000
[2025-07-29 13:51:24,869][__main__][INFO] - Step 400 | valid1 MSE : 0.0048 | valid1 MAE : 0.0556 | valid1 NMSE : 0.0082 | valid1 RMSE : 0.0000
[2025-07-29 13:51:34,087][__main__][INFO] - Step 500 | valid1 MSE : 0.0041 | valid1 MAE : 0.0510 | valid1 NMSE : 0.0069 | valid1 RMSE : 0.0000
[2025-07-29 13:51:43,290][__main__][INFO] - Step 600 | valid1 MSE : 0.0043 | valid1 MAE : 0.0519 | valid1 NMSE : 0.0073 | valid1 RMSE : 0.0000
[2025-07-29 13:51:52,453][__main__][INFO] - Step 700 | valid1 MSE : 0.0040 | valid1 MAE : 0.0502 | valid1 NMSE : 0.0067 | valid1 RMSE : 0.0000
[2025-07-29 13:52:01,833][__main__][INFO] - Step 800 | valid1 MSE : 0.0047 | valid1 MAE : 0.0551 | valid1 NMSE : 0.0080 | valid1 RMSE : 0.0000
[2025-07-29 13:52:10,956][__main__][INFO] - Step 900 | valid1 MSE : 0.0051 | valid1 MAE : 0.0569 | valid1 NMSE : 0.0086 | valid1 RMSE : 0.0000
[2025-07-29 13:52:20,113][__main__][INFO] - Step 1000 | valid1 MSE : 0.0044 | valid1 MAE : 0.0525 | valid1 NMSE : 0.0074 | valid1 RMSE : 0.0000
[2025-07-29 13:52:29,202][__main__][INFO] - Step 1100 | valid1 MSE : 0.0044 | valid1 MAE : 0.0532 | valid1 NMSE : 0.0075 | valid1 RMSE : 0.0000
[2025-07-29 13:52:38,306][__main__][INFO] - Step 1200 | valid1 MSE : 0.0043 | valid1 MAE : 0.0521 | valid1 NMSE : 0.0072 | valid1 RMSE : 0.0000
[2025-07-29 13:52:47,590][__main__][INFO] - Step 1300 | valid1 MSE : 0.0050 | valid1 MAE : 0.0567 | valid1 NMSE : 0.0085 | valid1 RMSE : 0.0000
[2025-07-29 13:52:56,697][__main__][INFO] - Step 1400 | valid1 MSE : 0.0043 | valid1 MAE : 0.0526 | valid1 NMSE : 0.0073 | valid1 RMSE : 0.0000
[2025-07-29 13:53:05,906][__main__][INFO] - Step 1500 | valid1 MSE : 0.0042 | valid1 MAE : 0.0519 | valid1 NMSE : 0.0071 | valid1 RMSE : 0.0000
[2025-07-29 13:53:15,023][__main__][INFO] - Step 1600 | valid1 MSE : 0.0040 | valid1 MAE : 0.0503 | valid1 NMSE : 0.0067 | valid1 RMSE : 0.0000
[2025-07-29 13:53:24,191][__main__][INFO] - Step 1700 | valid1 MSE : 0.0043 | valid1 MAE : 0.0521 | valid1 NMSE : 0.0072 | valid1 RMSE : 0.0000
[2025-07-29 13:53:33,559][__main__][INFO] - Step 1800 | valid1 MSE : 0.0040 | valid1 MAE : 0.0502 | valid1 NMSE : 0.0067 | valid1 RMSE : 0.0000
[2025-07-29 13:53:42,650][__main__][INFO] - Step 1900 | valid1 MSE : 0.0038 | valid1 MAE : 0.0494 | valid1 NMSE : 0.0065 | valid1 RMSE : 0.0000
[2025-07-29 13:53:51,894][__main__][INFO] - Step 2000 | valid1 MSE : 0.0037 | valid1 MAE : 0.0481 | valid1 NMSE : 0.0062 | valid1 RMSE : 0.0000
[2025-07-29 13:54:01,074][__main__][INFO] - Step 2100 | valid1 MSE : 0.0042 | valid1 MAE : 0.0517 | valid1 NMSE : 0.0072 | valid1 RMSE : 0.0000
[2025-07-29 13:54:01,074][__main__][INFO] - Training done in 3.362 min
[2025-07-29 13:54:01,075][__main__][INFO] - Average time per step: 0.096 s
[2025-07-29 13:54:01,103][__main__][INFO] - End of training
[2025-07-29 13:54:02,570][__main__][INFO] - Plotted losses
[2025-07-29 13:54:02,570][__main__][INFO] - Computing test metrics
[2025-07-29 13:54:03,828][__main__][INFO] - Evaluation done in 0.021 min
[2025-07-29 13:54:05,124][__main__][INFO] - Evaluation done in 0.015 min
[2025-07-29 13:54:08,786][__main__][INFO] - Saved plots
[2025-07-29 13:54:08,786][__main__][INFO] - Final mIN parameters: {'beta': np.float32(0.00900967), 'alpha': np.float32(0.91229755)}
[2025-07-29 13:54:08,786][__main__][INFO] - End of script

[2025-07-29 13:54:16,718][__main__][INFO] - =====Running main script=====
[2025-07-29 13:54:16,724][__main__][INFO] - Fetched main configs, save directory : ../outputs/benchmark_min_1/seed_1/init_gamma/
[2025-07-29 13:54:16,724][__main__][INFO] - Model PatchTST, normalization mIN, criterion MSE, kwargs {}
[2025-07-29 13:54:16,768][__main__][INFO] - Fetched dataloaders
[2025-07-29 13:54:16,771][__main__][INFO] - Training data shape : (70, 1, 1000)
[2025-07-29 13:54:16,771][__main__][INFO] - Batch sizes : X=torch.Size([10, 1, 100]), y=torch.Size([10, 1, 20])
[2025-07-29 13:54:20,150][__main__][INFO] - batch_size=10, learning_rate=0.0001, steps per epoch=7, epochs=300
[2025-07-29 13:54:20,150][__main__][INFO] - Starting training...
[2025-07-29 13:54:20,150][__main__][INFO] - Using device: cuda
[2025-07-29 13:54:20,150][__main__][INFO] - Training 300 epochs of 7 batches (2100 steps): , eval_freq: 100, print_freq: 100
[2025-07-29 13:54:28,641][__main__][INFO] - Step 1 | valid1 MSE : 0.5922 | valid1 MAE : 0.6768 | valid1 NMSE : 0.9986 | valid1 RMSE : 0.0011
[2025-07-29 13:54:37,926][__main__][INFO] - Step 100 | valid1 MSE : 0.0055 | valid1 MAE : 0.0590 | valid1 NMSE : 0.0093 | valid1 RMSE : 0.0000
[2025-07-29 13:54:46,964][__main__][INFO] - Step 200 | valid1 MSE : 0.0052 | valid1 MAE : 0.0573 | valid1 NMSE : 0.0088 | valid1 RMSE : 0.0000
[2025-07-29 13:54:56,172][__main__][INFO] - Step 300 | valid1 MSE : 0.0043 | valid1 MAE : 0.0523 | valid1 NMSE : 0.0073 | valid1 RMSE : 0.0000
[2025-07-29 13:55:05,284][__main__][INFO] - Step 400 | valid1 MSE : 0.0044 | valid1 MAE : 0.0527 | valid1 NMSE : 0.0074 | valid1 RMSE : 0.0000
[2025-07-29 13:55:14,516][__main__][INFO] - Step 500 | valid1 MSE : 0.0038 | valid1 MAE : 0.0495 | valid1 NMSE : 0.0065 | valid1 RMSE : 0.0000
[2025-07-29 13:55:23,610][__main__][INFO] - Step 600 | valid1 MSE : 0.0041 | valid1 MAE : 0.0509 | valid1 NMSE : 0.0069 | valid1 RMSE : 0.0000
[2025-07-29 13:55:32,775][__main__][INFO] - Step 700 | valid1 MSE : 0.0038 | valid1 MAE : 0.0489 | valid1 NMSE : 0.0064 | valid1 RMSE : 0.0000
[2025-07-29 13:55:41,857][__main__][INFO] - Step 800 | valid1 MSE : 0.0046 | valid1 MAE : 0.0546 | valid1 NMSE : 0.0079 | valid1 RMSE : 0.0000
[2025-07-29 13:55:51,161][__main__][INFO] - Step 900 | valid1 MSE : 0.0047 | valid1 MAE : 0.0548 | valid1 NMSE : 0.0079 | valid1 RMSE : 0.0000
[2025-07-29 13:56:00,264][__main__][INFO] - Step 1000 | valid1 MSE : 0.0040 | valid1 MAE : 0.0505 | valid1 NMSE : 0.0068 | valid1 RMSE : 0.0000
[2025-07-29 13:56:09,376][__main__][INFO] - Step 1100 | valid1 MSE : 0.0039 | valid1 MAE : 0.0496 | valid1 NMSE : 0.0065 | valid1 RMSE : 0.0000
[2025-07-29 13:56:18,519][__main__][INFO] - Step 1200 | valid1 MSE : 0.0038 | valid1 MAE : 0.0491 | valid1 NMSE : 0.0064 | valid1 RMSE : 0.0000
[2025-07-29 13:56:27,571][__main__][INFO] - Step 1300 | valid1 MSE : 0.0043 | valid1 MAE : 0.0525 | valid1 NMSE : 0.0073 | valid1 RMSE : 0.0000
[2025-07-29 13:56:36,805][__main__][INFO] - Step 1400 | valid1 MSE : 0.0038 | valid1 MAE : 0.0494 | valid1 NMSE : 0.0065 | valid1 RMSE : 0.0000
[2025-07-29 13:56:46,096][__main__][INFO] - Step 1500 | valid1 MSE : 0.0037 | valid1 MAE : 0.0487 | valid1 NMSE : 0.0063 | valid1 RMSE : 0.0000
[2025-07-29 13:56:55,328][__main__][INFO] - Step 1600 | valid1 MSE : 0.0036 | valid1 MAE : 0.0478 | valid1 NMSE : 0.0061 | valid1 RMSE : 0.0000
[2025-07-29 13:57:04,596][__main__][INFO] - Step 1700 | valid1 MSE : 0.0038 | valid1 MAE : 0.0490 | valid1 NMSE : 0.0065 | valid1 RMSE : 0.0000
[2025-07-29 13:57:13,751][__main__][INFO] - Step 1800 | valid1 MSE : 0.0038 | valid1 MAE : 0.0490 | valid1 NMSE : 0.0064 | valid1 RMSE : 0.0000
[2025-07-29 13:57:23,032][__main__][INFO] - Step 1900 | valid1 MSE : 0.0035 | valid1 MAE : 0.0470 | valid1 NMSE : 0.0059 | valid1 RMSE : 0.0000
[2025-07-29 13:57:32,259][__main__][INFO] - Step 2000 | valid1 MSE : 0.0034 | valid1 MAE : 0.0462 | valid1 NMSE : 0.0057 | valid1 RMSE : 0.0000
[2025-07-29 13:57:41,496][__main__][INFO] - Step 2100 | valid1 MSE : 0.0038 | valid1 MAE : 0.0490 | valid1 NMSE : 0.0064 | valid1 RMSE : 0.0000
[2025-07-29 13:57:41,497][__main__][INFO] - Training done in 3.356 min
[2025-07-29 13:57:41,497][__main__][INFO] - Average time per step: 0.096 s
[2025-07-29 13:57:41,524][__main__][INFO] - End of training
[2025-07-29 13:57:42,983][__main__][INFO] - Plotted losses
[2025-07-29 13:57:42,983][__main__][INFO] - Computing test metrics
[2025-07-29 13:57:44,249][__main__][INFO] - Evaluation done in 0.021 min
[2025-07-29 13:57:45,528][__main__][INFO] - Evaluation done in 0.015 min
[2025-07-29 13:57:49,132][__main__][INFO] - Saved plots
[2025-07-29 13:57:49,132][__main__][INFO] - Final mIN parameters: {'beta': np.float32(0.7722663), 'alpha': np.float32(0.86681336)}
[2025-07-29 13:57:49,132][__main__][INFO] - End of script

[2025-07-29 13:57:57,523][__main__][INFO] - =====Running main script=====
[2025-07-29 13:57:57,531][__main__][INFO] - Fetched main configs, save directory : ../outputs/benchmark_min_1/seed_1/fixed_gamma/
[2025-07-29 13:57:57,531][__main__][INFO] - Model PatchTST, normalization mIN, criterion MSE, kwargs {}
[2025-07-29 13:57:57,579][__main__][INFO] - Fetched dataloaders
[2025-07-29 13:57:57,582][__main__][INFO] - Training data shape : (70, 1, 1000)
[2025-07-29 13:57:57,582][__main__][INFO] - Batch sizes : X=torch.Size([10, 1, 100]), y=torch.Size([10, 1, 20])
[2025-07-29 13:58:01,056][__main__][INFO] - batch_size=10, learning_rate=0.0001, steps per epoch=7, epochs=300
[2025-07-29 13:58:01,056][__main__][INFO] - Starting training...
[2025-07-29 13:58:01,056][__main__][INFO] - Using device: cuda
[2025-07-29 13:58:01,056][__main__][INFO] - Training 300 epochs of 7 batches (2100 steps): , eval_freq: 100, print_freq: 100
[2025-07-29 13:58:09,601][__main__][INFO] - Step 1 | valid1 MSE : 0.5923 | valid1 MAE : 0.6768 | valid1 NMSE : 0.9987 | valid1 RMSE : 0.0011
[2025-07-29 13:58:19,026][__main__][INFO] - Step 100 | valid1 MSE : 0.0055 | valid1 MAE : 0.0592 | valid1 NMSE : 0.0094 | valid1 RMSE : 0.0000
[2025-07-29 13:58:28,099][__main__][INFO] - Step 200 | valid1 MSE : 0.0052 | valid1 MAE : 0.0576 | valid1 NMSE : 0.0089 | valid1 RMSE : 0.0000
[2025-07-29 13:58:37,416][__main__][INFO] - Step 300 | valid1 MSE : 0.0044 | valid1 MAE : 0.0526 | valid1 NMSE : 0.0074 | valid1 RMSE : 0.0000
[2025-07-29 13:58:46,539][__main__][INFO] - Step 400 | valid1 MSE : 0.0044 | valid1 MAE : 0.0532 | valid1 NMSE : 0.0075 | valid1 RMSE : 0.0000
[2025-07-29 13:58:55,845][__main__][INFO] - Step 500 | valid1 MSE : 0.0039 | valid1 MAE : 0.0498 | valid1 NMSE : 0.0066 | valid1 RMSE : 0.0000
[2025-07-29 13:59:04,889][__main__][INFO] - Step 600 | valid1 MSE : 0.0042 | valid1 MAE : 0.0515 | valid1 NMSE : 0.0071 | valid1 RMSE : 0.0000
[2025-07-29 13:59:13,950][__main__][INFO] - Step 700 | valid1 MSE : 0.0039 | valid1 MAE : 0.0497 | valid1 NMSE : 0.0066 | valid1 RMSE : 0.0000
[2025-07-29 13:59:22,983][__main__][INFO] - Step 800 | valid1 MSE : 0.0047 | valid1 MAE : 0.0551 | valid1 NMSE : 0.0080 | valid1 RMSE : 0.0000
[2025-07-29 13:59:32,188][__main__][INFO] - Step 900 | valid1 MSE : 0.0047 | valid1 MAE : 0.0548 | valid1 NMSE : 0.0079 | valid1 RMSE : 0.0000
[2025-07-29 13:59:41,328][__main__][INFO] - Step 1000 | valid1 MSE : 0.0042 | valid1 MAE : 0.0514 | valid1 NMSE : 0.0070 | valid1 RMSE : 0.0000
[2025-07-29 13:59:50,373][__main__][INFO] - Step 1100 | valid1 MSE : 0.0039 | valid1 MAE : 0.0501 | valid1 NMSE : 0.0066 | valid1 RMSE : 0.0000
[2025-07-29 13:59:59,471][__main__][INFO] - Step 1200 | valid1 MSE : 0.0040 | valid1 MAE : 0.0504 | valid1 NMSE : 0.0067 | valid1 RMSE : 0.0000
[2025-07-29 14:00:08,525][__main__][INFO] - Step 1300 | valid1 MSE : 0.0044 | valid1 MAE : 0.0529 | valid1 NMSE : 0.0074 | valid1 RMSE : 0.0000
[2025-07-29 14:00:17,778][__main__][INFO] - Step 1400 | valid1 MSE : 0.0039 | valid1 MAE : 0.0497 | valid1 NMSE : 0.0066 | valid1 RMSE : 0.0000
[2025-07-29 14:00:26,852][__main__][INFO] - Step 1500 | valid1 MSE : 0.0038 | valid1 MAE : 0.0494 | valid1 NMSE : 0.0065 | valid1 RMSE : 0.0000
[2025-07-29 14:00:35,887][__main__][INFO] - Step 1600 | valid1 MSE : 0.0036 | valid1 MAE : 0.0482 | valid1 NMSE : 0.0062 | valid1 RMSE : 0.0000
[2025-07-29 14:00:44,994][__main__][INFO] - Step 1700 | valid1 MSE : 0.0040 | valid1 MAE : 0.0501 | valid1 NMSE : 0.0068 | valid1 RMSE : 0.0000
[2025-07-29 14:00:54,007][__main__][INFO] - Step 1800 | valid1 MSE : 0.0040 | valid1 MAE : 0.0502 | valid1 NMSE : 0.0067 | valid1 RMSE : 0.0000
[2025-07-29 14:01:03,219][__main__][INFO] - Step 1900 | valid1 MSE : 0.0036 | valid1 MAE : 0.0478 | valid1 NMSE : 0.0061 | valid1 RMSE : 0.0000
[2025-07-29 14:01:12,327][__main__][INFO] - Step 2000 | valid1 MSE : 0.0035 | valid1 MAE : 0.0475 | valid1 NMSE : 0.0060 | valid1 RMSE : 0.0000
[2025-07-29 14:01:21,489][__main__][INFO] - Step 2100 | valid1 MSE : 0.0039 | valid1 MAE : 0.0499 | valid1 NMSE : 0.0066 | valid1 RMSE : 0.0000
[2025-07-29 14:01:21,489][__main__][INFO] - Training done in 3.341 min
[2025-07-29 14:01:21,489][__main__][INFO] - Average time per step: 0.095 s
[2025-07-29 14:01:21,522][__main__][INFO] - End of training
[2025-07-29 14:01:22,984][__main__][INFO] - Plotted losses
[2025-07-29 14:01:22,985][__main__][INFO] - Computing test metrics
[2025-07-29 14:01:24,274][__main__][INFO] - Evaluation done in 0.021 min
[2025-07-29 14:01:25,523][__main__][INFO] - Evaluation done in 0.014 min
[2025-07-29 14:01:29,132][__main__][INFO] - Saved plots
[2025-07-29 14:01:29,132][__main__][INFO] - Final mIN parameters: {'beta': np.float32(0.77), 'alpha': np.float32(0.95)}
[2025-07-29 14:01:29,133][__main__][INFO] - End of script

[2025-07-29 14:01:47,879][__main__][INFO] - =====Running main script=====
[2025-07-29 14:01:47,886][__main__][INFO] - Fetched main configs, save directory : ../outputs/benchmark_min_1/seed_2/PatchTST_instance/
[2025-07-29 14:01:47,887][__main__][INFO] - Model PatchTST, normalization instance, criterion MSE, kwargs {}
[2025-07-29 14:01:47,936][__main__][INFO] - Fetched dataloaders
[2025-07-29 14:01:47,940][__main__][INFO] - Training data shape : (70, 1, 1000)
[2025-07-29 14:01:47,940][__main__][INFO] - Batch sizes : X=torch.Size([10, 1, 100]), y=torch.Size([10, 1, 20])
[2025-07-29 14:01:51,371][__main__][INFO] - batch_size=10, learning_rate=0.0001, steps per epoch=7, epochs=300
[2025-07-29 14:01:51,371][__main__][INFO] - Starting training...
[2025-07-29 14:01:51,371][__main__][INFO] - Using device: cuda
[2025-07-29 14:01:51,371][__main__][INFO] - Training 300 epochs of 7 batches (2100 steps): , eval_freq: 100, print_freq: 100
[2025-07-29 14:01:59,766][__main__][INFO] - Step 1 | valid1 MSE : 0.7833 | valid1 MAE : 0.7280 | valid1 NMSE : 1.3235 | valid1 RMSE : 0.0015
[2025-07-29 14:02:08,830][__main__][INFO] - Step 100 | valid1 MSE : 0.0065 | valid1 MAE : 0.0650 | valid1 NMSE : 0.0111 | valid1 RMSE : 0.0000
[2025-07-29 14:02:17,687][__main__][INFO] - Step 200 | valid1 MSE : 0.0060 | valid1 MAE : 0.0622 | valid1 NMSE : 0.0103 | valid1 RMSE : 0.0000
[2025-07-29 14:02:26,545][__main__][INFO] - Step 300 | valid1 MSE : 0.0051 | valid1 MAE : 0.0567 | valid1 NMSE : 0.0086 | valid1 RMSE : 0.0000
[2025-07-29 14:02:35,396][__main__][INFO] - Step 400 | valid1 MSE : 0.0047 | valid1 MAE : 0.0545 | valid1 NMSE : 0.0079 | valid1 RMSE : 0.0000
[2025-07-29 14:02:44,240][__main__][INFO] - Step 500 | valid1 MSE : 0.0051 | valid1 MAE : 0.0568 | valid1 NMSE : 0.0087 | valid1 RMSE : 0.0000
[2025-07-29 14:02:53,252][__main__][INFO] - Step 600 | valid1 MSE : 0.0044 | valid1 MAE : 0.0527 | valid1 NMSE : 0.0074 | valid1 RMSE : 0.0000
[2025-07-29 14:03:02,120][__main__][INFO] - Step 700 | valid1 MSE : 0.0046 | valid1 MAE : 0.0542 | valid1 NMSE : 0.0078 | valid1 RMSE : 0.0000
[2025-07-29 14:03:11,022][__main__][INFO] - Step 800 | valid1 MSE : 0.0046 | valid1 MAE : 0.0542 | valid1 NMSE : 0.0079 | valid1 RMSE : 0.0000
[2025-07-29 14:03:20,101][__main__][INFO] - Step 900 | valid1 MSE : 0.0050 | valid1 MAE : 0.0565 | valid1 NMSE : 0.0085 | valid1 RMSE : 0.0000
[2025-07-29 14:03:29,086][__main__][INFO] - Step 1000 | valid1 MSE : 0.0043 | valid1 MAE : 0.0523 | valid1 NMSE : 0.0073 | valid1 RMSE : 0.0000
[2025-07-29 14:03:38,181][__main__][INFO] - Step 1100 | valid1 MSE : 0.0047 | valid1 MAE : 0.0548 | valid1 NMSE : 0.0080 | valid1 RMSE : 0.0000
[2025-07-29 14:03:47,047][__main__][INFO] - Step 1200 | valid1 MSE : 0.0045 | valid1 MAE : 0.0532 | valid1 NMSE : 0.0076 | valid1 RMSE : 0.0000
[2025-07-29 14:03:56,003][__main__][INFO] - Step 1300 | valid1 MSE : 0.0049 | valid1 MAE : 0.0560 | valid1 NMSE : 0.0083 | valid1 RMSE : 0.0000
[2025-07-29 14:04:04,974][__main__][INFO] - Step 1400 | valid1 MSE : 0.0045 | valid1 MAE : 0.0535 | valid1 NMSE : 0.0076 | valid1 RMSE : 0.0000
[2025-07-29 14:04:13,897][__main__][INFO] - Step 1500 | valid1 MSE : 0.0047 | valid1 MAE : 0.0550 | valid1 NMSE : 0.0080 | valid1 RMSE : 0.0000
[2025-07-29 14:04:23,058][__main__][INFO] - Step 1600 | valid1 MSE : 0.0048 | valid1 MAE : 0.0549 | valid1 NMSE : 0.0081 | valid1 RMSE : 0.0000
[2025-07-29 14:04:31,836][__main__][INFO] - Step 1700 | valid1 MSE : 0.0045 | valid1 MAE : 0.0537 | valid1 NMSE : 0.0077 | valid1 RMSE : 0.0000
[2025-07-29 14:04:40,435][__main__][INFO] - Step 1800 | valid1 MSE : 0.0045 | valid1 MAE : 0.0534 | valid1 NMSE : 0.0075 | valid1 RMSE : 0.0000
[2025-07-29 14:04:49,043][__main__][INFO] - Step 1900 | valid1 MSE : 0.0048 | valid1 MAE : 0.0553 | valid1 NMSE : 0.0082 | valid1 RMSE : 0.0000
[2025-07-29 14:04:57,719][__main__][INFO] - Step 2000 | valid1 MSE : 0.0049 | valid1 MAE : 0.0557 | valid1 NMSE : 0.0082 | valid1 RMSE : 0.0000
[2025-07-29 14:05:06,406][__main__][INFO] - Step 2100 | valid1 MSE : 0.0038 | valid1 MAE : 0.0493 | valid1 NMSE : 0.0065 | valid1 RMSE : 0.0000
[2025-07-29 14:05:06,406][__main__][INFO] - Training done in 3.251 min
[2025-07-29 14:05:06,406][__main__][INFO] - Average time per step: 0.093 s
[2025-07-29 14:05:06,433][__main__][INFO] - End of training
[2025-07-29 14:05:07,601][__main__][INFO] - Plotted losses
[2025-07-29 14:05:07,601][__main__][INFO] - Computing test metrics
[2025-07-29 14:05:08,668][__main__][INFO] - Evaluation done in 0.018 min
[2025-07-29 14:05:09,875][__main__][INFO] - Evaluation done in 0.014 min
[2025-07-29 14:05:13,614][__main__][INFO] - Saved plots
[2025-07-29 14:05:13,614][__main__][INFO] - End of script

[2025-07-29 14:05:21,510][__main__][INFO] - =====Running main script=====
[2025-07-29 14:05:21,517][__main__][INFO] - Fetched main configs, save directory : ../outputs/benchmark_min_1/seed_2/PatchTST_revin/
[2025-07-29 14:05:21,517][__main__][INFO] - Model PatchTST, normalization revin, criterion MSE, kwargs {}
[2025-07-29 14:05:21,566][__main__][INFO] - Fetched dataloaders
[2025-07-29 14:05:21,570][__main__][INFO] - Training data shape : (70, 1, 1000)
[2025-07-29 14:05:21,570][__main__][INFO] - Batch sizes : X=torch.Size([10, 1, 100]), y=torch.Size([10, 1, 20])
[2025-07-29 14:05:24,863][__main__][INFO] - batch_size=10, learning_rate=0.0001, steps per epoch=7, epochs=300
[2025-07-29 14:05:24,863][__main__][INFO] - Starting training...
[2025-07-29 14:05:24,863][__main__][INFO] - Using device: cuda
[2025-07-29 14:05:24,863][__main__][INFO] - Training 300 epochs of 7 batches (2100 steps): , eval_freq: 100, print_freq: 100
[2025-07-29 14:05:33,080][__main__][INFO] - Step 1 | valid1 MSE : 0.7832 | valid1 MAE : 0.7279 | valid1 NMSE : 1.3233 | valid1 RMSE : 0.0015
[2025-07-29 14:05:41,933][__main__][INFO] - Step 100 | valid1 MSE : 0.0065 | valid1 MAE : 0.0647 | valid1 NMSE : 0.0110 | valid1 RMSE : 0.0000
[2025-07-29 14:05:50,578][__main__][INFO] - Step 200 | valid1 MSE : 0.0059 | valid1 MAE : 0.0615 | valid1 NMSE : 0.0101 | valid1 RMSE : 0.0000
[2025-07-29 14:05:59,284][__main__][INFO] - Step 300 | valid1 MSE : 0.0050 | valid1 MAE : 0.0561 | valid1 NMSE : 0.0084 | valid1 RMSE : 0.0000
[2025-07-29 14:06:07,977][__main__][INFO] - Step 400 | valid1 MSE : 0.0045 | valid1 MAE : 0.0538 | valid1 NMSE : 0.0077 | valid1 RMSE : 0.0000
[2025-07-29 14:06:16,761][__main__][INFO] - Step 500 | valid1 MSE : 0.0050 | valid1 MAE : 0.0560 | valid1 NMSE : 0.0084 | valid1 RMSE : 0.0000
[2025-07-29 14:06:25,670][__main__][INFO] - Step 600 | valid1 MSE : 0.0042 | valid1 MAE : 0.0518 | valid1 NMSE : 0.0072 | valid1 RMSE : 0.0000
[2025-07-29 14:06:34,346][__main__][INFO] - Step 700 | valid1 MSE : 0.0045 | valid1 MAE : 0.0536 | valid1 NMSE : 0.0077 | valid1 RMSE : 0.0000
[2025-07-29 14:06:43,064][__main__][INFO] - Step 800 | valid1 MSE : 0.0045 | valid1 MAE : 0.0534 | valid1 NMSE : 0.0076 | valid1 RMSE : 0.0000
[2025-07-29 14:06:51,753][__main__][INFO] - Step 900 | valid1 MSE : 0.0049 | valid1 MAE : 0.0555 | valid1 NMSE : 0.0082 | valid1 RMSE : 0.0000
[2025-07-29 14:07:00,442][__main__][INFO] - Step 1000 | valid1 MSE : 0.0042 | valid1 MAE : 0.0518 | valid1 NMSE : 0.0072 | valid1 RMSE : 0.0000
[2025-07-29 14:07:09,280][__main__][INFO] - Step 1100 | valid1 MSE : 0.0045 | valid1 MAE : 0.0538 | valid1 NMSE : 0.0077 | valid1 RMSE : 0.0000
[2025-07-29 14:07:17,924][__main__][INFO] - Step 1200 | valid1 MSE : 0.0043 | valid1 MAE : 0.0522 | valid1 NMSE : 0.0073 | valid1 RMSE : 0.0000
[2025-07-29 14:07:26,612][__main__][INFO] - Step 1300 | valid1 MSE : 0.0047 | valid1 MAE : 0.0547 | valid1 NMSE : 0.0079 | valid1 RMSE : 0.0000
[2025-07-29 14:07:35,334][__main__][INFO] - Step 1400 | valid1 MSE : 0.0044 | valid1 MAE : 0.0532 | valid1 NMSE : 0.0075 | valid1 RMSE : 0.0000
[2025-07-29 14:07:44,024][__main__][INFO] - Step 1500 | valid1 MSE : 0.0045 | valid1 MAE : 0.0540 | valid1 NMSE : 0.0077 | valid1 RMSE : 0.0000
[2025-07-29 14:07:52,853][__main__][INFO] - Step 1600 | valid1 MSE : 0.0046 | valid1 MAE : 0.0538 | valid1 NMSE : 0.0077 | valid1 RMSE : 0.0000
[2025-07-29 14:08:01,529][__main__][INFO] - Step 1700 | valid1 MSE : 0.0043 | valid1 MAE : 0.0521 | valid1 NMSE : 0.0072 | valid1 RMSE : 0.0000
[2025-07-29 14:08:10,186][__main__][INFO] - Step 1800 | valid1 MSE : 0.0044 | valid1 MAE : 0.0527 | valid1 NMSE : 0.0074 | valid1 RMSE : 0.0000
[2025-07-29 14:08:18,878][__main__][INFO] - Step 1900 | valid1 MSE : 0.0045 | valid1 MAE : 0.0534 | valid1 NMSE : 0.0077 | valid1 RMSE : 0.0000
[2025-07-29 14:08:27,566][__main__][INFO] - Step 2000 | valid1 MSE : 0.0047 | valid1 MAE : 0.0545 | valid1 NMSE : 0.0079 | valid1 RMSE : 0.0000
[2025-07-29 14:08:36,407][__main__][INFO] - Step 2100 | valid1 MSE : 0.0038 | valid1 MAE : 0.0490 | valid1 NMSE : 0.0064 | valid1 RMSE : 0.0000
[2025-07-29 14:08:36,407][__main__][INFO] - Training done in 3.192 min
[2025-07-29 14:08:36,407][__main__][INFO] - Average time per step: 0.091 s
[2025-07-29 14:08:36,435][__main__][INFO] - End of training
[2025-07-29 14:08:37,863][__main__][INFO] - Plotted losses
[2025-07-29 14:08:37,864][__main__][INFO] - Computing test metrics
[2025-07-29 14:08:38,921][__main__][INFO] - Evaluation done in 0.018 min
[2025-07-29 14:08:40,293][__main__][INFO] - Evaluation done in 0.016 min
[2025-07-29 14:08:43,836][__main__][INFO] - Saved plots
[2025-07-29 14:08:43,836][__main__][INFO] - Final mIN parameters: {'beta': np.float32(-0.009711385), 'alpha': np.float32(1.0908833)}
[2025-07-29 14:08:43,836][__main__][INFO] - End of script

[2025-07-29 14:08:52,158][__main__][INFO] - =====Running main script=====
[2025-07-29 14:08:52,165][__main__][INFO] - Fetched main configs, save directory : ../outputs/benchmark_min_1/seed_2/default/
[2025-07-29 14:08:52,165][__main__][INFO] - Model PatchTST, normalization mIN, criterion MSE, kwargs {}
[2025-07-29 14:08:52,211][__main__][INFO] - Fetched dataloaders
[2025-07-29 14:08:52,215][__main__][INFO] - Training data shape : (70, 1, 1000)
[2025-07-29 14:08:52,215][__main__][INFO] - Batch sizes : X=torch.Size([10, 1, 100]), y=torch.Size([10, 1, 20])
[2025-07-29 14:08:55,302][__main__][INFO] - batch_size=10, learning_rate=0.0001, steps per epoch=7, epochs=300
[2025-07-29 14:08:55,303][__main__][INFO] - Starting training...
[2025-07-29 14:08:55,303][__main__][INFO] - Using device: cuda
[2025-07-29 14:08:55,303][__main__][INFO] - Training 300 epochs of 7 batches (2100 steps): , eval_freq: 100, print_freq: 100
[2025-07-29 14:09:03,491][__main__][INFO] - Step 1 | valid1 MSE : 0.7832 | valid1 MAE : 0.7279 | valid1 NMSE : 1.3233 | valid1 RMSE : 0.0015
[2025-07-29 14:09:12,286][__main__][INFO] - Step 100 | valid1 MSE : 0.0065 | valid1 MAE : 0.0647 | valid1 NMSE : 0.0110 | valid1 RMSE : 0.0000
[2025-07-29 14:09:20,967][__main__][INFO] - Step 200 | valid1 MSE : 0.0059 | valid1 MAE : 0.0616 | valid1 NMSE : 0.0101 | valid1 RMSE : 0.0000
[2025-07-29 14:09:29,677][__main__][INFO] - Step 300 | valid1 MSE : 0.0050 | valid1 MAE : 0.0561 | valid1 NMSE : 0.0084 | valid1 RMSE : 0.0000
[2025-07-29 14:09:38,512][__main__][INFO] - Step 400 | valid1 MSE : 0.0046 | valid1 MAE : 0.0539 | valid1 NMSE : 0.0077 | valid1 RMSE : 0.0000
[2025-07-29 14:09:47,234][__main__][INFO] - Step 500 | valid1 MSE : 0.0050 | valid1 MAE : 0.0561 | valid1 NMSE : 0.0085 | valid1 RMSE : 0.0000
[2025-07-29 14:09:55,961][__main__][INFO] - Step 600 | valid1 MSE : 0.0043 | valid1 MAE : 0.0518 | valid1 NMSE : 0.0072 | valid1 RMSE : 0.0000
[2025-07-29 14:10:04,649][__main__][INFO] - Step 700 | valid1 MSE : 0.0045 | valid1 MAE : 0.0536 | valid1 NMSE : 0.0077 | valid1 RMSE : 0.0000
[2025-07-29 14:10:13,510][__main__][INFO] - Step 800 | valid1 MSE : 0.0045 | valid1 MAE : 0.0535 | valid1 NMSE : 0.0077 | valid1 RMSE : 0.0000
[2025-07-29 14:10:22,260][__main__][INFO] - Step 900 | valid1 MSE : 0.0049 | valid1 MAE : 0.0556 | valid1 NMSE : 0.0082 | valid1 RMSE : 0.0000
[2025-07-29 14:10:30,985][__main__][INFO] - Step 1000 | valid1 MSE : 0.0042 | valid1 MAE : 0.0519 | valid1 NMSE : 0.0072 | valid1 RMSE : 0.0000
[2025-07-29 14:10:39,676][__main__][INFO] - Step 1100 | valid1 MSE : 0.0046 | valid1 MAE : 0.0539 | valid1 NMSE : 0.0077 | valid1 RMSE : 0.0000
[2025-07-29 14:10:48,367][__main__][INFO] - Step 1200 | valid1 MSE : 0.0043 | valid1 MAE : 0.0522 | valid1 NMSE : 0.0073 | valid1 RMSE : 0.0000
[2025-07-29 14:10:57,190][__main__][INFO] - Step 1300 | valid1 MSE : 0.0047 | valid1 MAE : 0.0547 | valid1 NMSE : 0.0079 | valid1 RMSE : 0.0000
[2025-07-29 14:11:05,831][__main__][INFO] - Step 1400 | valid1 MSE : 0.0045 | valid1 MAE : 0.0534 | valid1 NMSE : 0.0076 | valid1 RMSE : 0.0000
[2025-07-29 14:11:14,490][__main__][INFO] - Step 1500 | valid1 MSE : 0.0045 | valid1 MAE : 0.0540 | valid1 NMSE : 0.0077 | valid1 RMSE : 0.0000
[2025-07-29 14:11:23,143][__main__][INFO] - Step 1600 | valid1 MSE : 0.0046 | valid1 MAE : 0.0540 | valid1 NMSE : 0.0078 | valid1 RMSE : 0.0000
[2025-07-29 14:11:31,782][__main__][INFO] - Step 1700 | valid1 MSE : 0.0042 | valid1 MAE : 0.0521 | valid1 NMSE : 0.0072 | valid1 RMSE : 0.0000
[2025-07-29 14:11:40,609][__main__][INFO] - Step 1800 | valid1 MSE : 0.0044 | valid1 MAE : 0.0528 | valid1 NMSE : 0.0074 | valid1 RMSE : 0.0000
[2025-07-29 14:11:49,286][__main__][INFO] - Step 1900 | valid1 MSE : 0.0045 | valid1 MAE : 0.0532 | valid1 NMSE : 0.0076 | valid1 RMSE : 0.0000
[2025-07-29 14:11:57,952][__main__][INFO] - Step 2000 | valid1 MSE : 0.0046 | valid1 MAE : 0.0545 | valid1 NMSE : 0.0079 | valid1 RMSE : 0.0000
[2025-07-29 14:12:06,624][__main__][INFO] - Step 2100 | valid1 MSE : 0.0038 | valid1 MAE : 0.0491 | valid1 NMSE : 0.0065 | valid1 RMSE : 0.0000
[2025-07-29 14:12:06,624][__main__][INFO] - Training done in 3.189 min
[2025-07-29 14:12:06,624][__main__][INFO] - Average time per step: 0.091 s
[2025-07-29 14:12:06,657][__main__][INFO] - End of training
[2025-07-29 14:12:08,110][__main__][INFO] - Plotted losses
[2025-07-29 14:12:08,111][__main__][INFO] - Computing test metrics
[2025-07-29 14:12:09,301][__main__][INFO] - Evaluation done in 0.020 min
[2025-07-29 14:12:10,526][__main__][INFO] - Evaluation done in 0.014 min
[2025-07-29 14:12:13,991][__main__][INFO] - Saved plots
[2025-07-29 14:12:13,991][__main__][INFO] - Final mIN parameters: {'beta': np.float32(0.010029025), 'alpha': np.float32(0.9043289)}
[2025-07-29 14:12:13,991][__main__][INFO] - End of script

[2025-07-29 14:12:21,988][__main__][INFO] - =====Running main script=====
[2025-07-29 14:12:21,994][__main__][INFO] - Fetched main configs, save directory : ../outputs/benchmark_min_1/seed_2/init/
[2025-07-29 14:12:21,994][__main__][INFO] - Model PatchTST, normalization mIN, criterion MSE, kwargs {}
[2025-07-29 14:12:22,041][__main__][INFO] - Fetched dataloaders
[2025-07-29 14:12:22,044][__main__][INFO] - Training data shape : (70, 1, 1000)
[2025-07-29 14:12:22,044][__main__][INFO] - Batch sizes : X=torch.Size([10, 1, 100]), y=torch.Size([10, 1, 20])
[2025-07-29 14:12:25,150][__main__][INFO] - batch_size=10, learning_rate=0.0001, steps per epoch=7, epochs=300
[2025-07-29 14:12:25,151][__main__][INFO] - Starting training...
[2025-07-29 14:12:25,151][__main__][INFO] - Using device: cuda
[2025-07-29 14:12:25,151][__main__][INFO] - Training 300 epochs of 7 batches (2100 steps): , eval_freq: 100, print_freq: 100
[2025-07-29 14:12:33,366][__main__][INFO] - Step 1 | valid1 MSE : 0.4083 | valid1 MAE : 0.5563 | valid1 NMSE : 0.6893 | valid1 RMSE : 0.0008
[2025-07-29 14:12:42,153][__main__][INFO] - Step 100 | valid1 MSE : 0.0058 | valid1 MAE : 0.0612 | valid1 NMSE : 0.0100 | valid1 RMSE : 0.0000
[2025-07-29 14:12:50,722][__main__][INFO] - Step 200 | valid1 MSE : 0.0058 | valid1 MAE : 0.0608 | valid1 NMSE : 0.0099 | valid1 RMSE : 0.0000
[2025-07-29 14:12:59,465][__main__][INFO] - Step 300 | valid1 MSE : 0.0045 | valid1 MAE : 0.0534 | valid1 NMSE : 0.0076 | valid1 RMSE : 0.0000
[2025-07-29 14:13:08,137][__main__][INFO] - Step 400 | valid1 MSE : 0.0043 | valid1 MAE : 0.0524 | valid1 NMSE : 0.0073 | valid1 RMSE : 0.0000
[2025-07-29 14:13:17,095][__main__][INFO] - Step 500 | valid1 MSE : 0.0048 | valid1 MAE : 0.0547 | valid1 NMSE : 0.0081 | valid1 RMSE : 0.0000
[2025-07-29 14:13:25,793][__main__][INFO] - Step 600 | valid1 MSE : 0.0043 | valid1 MAE : 0.0523 | valid1 NMSE : 0.0073 | valid1 RMSE : 0.0000
[2025-07-29 14:13:34,499][__main__][INFO] - Step 700 | valid1 MSE : 0.0041 | valid1 MAE : 0.0511 | valid1 NMSE : 0.0070 | valid1 RMSE : 0.0000
[2025-07-29 14:13:43,190][__main__][INFO] - Step 800 | valid1 MSE : 0.0045 | valid1 MAE : 0.0531 | valid1 NMSE : 0.0075 | valid1 RMSE : 0.0000
[2025-07-29 14:13:51,994][__main__][INFO] - Step 900 | valid1 MSE : 0.0042 | valid1 MAE : 0.0520 | valid1 NMSE : 0.0072 | valid1 RMSE : 0.0000
[2025-07-29 14:14:00,719][__main__][INFO] - Step 1000 | valid1 MSE : 0.0038 | valid1 MAE : 0.0493 | valid1 NMSE : 0.0065 | valid1 RMSE : 0.0000
[2025-07-29 14:14:09,439][__main__][INFO] - Step 1100 | valid1 MSE : 0.0042 | valid1 MAE : 0.0518 | valid1 NMSE : 0.0071 | valid1 RMSE : 0.0000
[2025-07-29 14:14:18,098][__main__][INFO] - Step 1200 | valid1 MSE : 0.0039 | valid1 MAE : 0.0494 | valid1 NMSE : 0.0065 | valid1 RMSE : 0.0000
[2025-07-29 14:14:26,791][__main__][INFO] - Step 1300 | valid1 MSE : 0.0044 | valid1 MAE : 0.0528 | valid1 NMSE : 0.0074 | valid1 RMSE : 0.0000
[2025-07-29 14:14:35,576][__main__][INFO] - Step 1400 | valid1 MSE : 0.0038 | valid1 MAE : 0.0490 | valid1 NMSE : 0.0064 | valid1 RMSE : 0.0000
[2025-07-29 14:14:44,306][__main__][INFO] - Step 1500 | valid1 MSE : 0.0040 | valid1 MAE : 0.0506 | valid1 NMSE : 0.0068 | valid1 RMSE : 0.0000
[2025-07-29 14:14:52,969][__main__][INFO] - Step 1600 | valid1 MSE : 0.0038 | valid1 MAE : 0.0490 | valid1 NMSE : 0.0064 | valid1 RMSE : 0.0000
[2025-07-29 14:15:01,668][__main__][INFO] - Step 1700 | valid1 MSE : 0.0039 | valid1 MAE : 0.0502 | valid1 NMSE : 0.0067 | valid1 RMSE : 0.0000
[2025-07-29 14:15:10,364][__main__][INFO] - Step 1800 | valid1 MSE : 0.0039 | valid1 MAE : 0.0497 | valid1 NMSE : 0.0066 | valid1 RMSE : 0.0000
[2025-07-29 14:15:19,166][__main__][INFO] - Step 1900 | valid1 MSE : 0.0039 | valid1 MAE : 0.0497 | valid1 NMSE : 0.0066 | valid1 RMSE : 0.0000
[2025-07-29 14:15:27,849][__main__][INFO] - Step 2000 | valid1 MSE : 0.0040 | valid1 MAE : 0.0505 | valid1 NMSE : 0.0068 | valid1 RMSE : 0.0000
[2025-07-29 14:15:36,565][__main__][INFO] - Step 2100 | valid1 MSE : 0.0035 | valid1 MAE : 0.0470 | valid1 NMSE : 0.0059 | valid1 RMSE : 0.0000
[2025-07-29 14:15:36,565][__main__][INFO] - Training done in 3.190 min
[2025-07-29 14:15:36,565][__main__][INFO] - Average time per step: 0.091 s
[2025-07-29 14:15:36,593][__main__][INFO] - End of training
[2025-07-29 14:15:37,951][__main__][INFO] - Plotted losses
[2025-07-29 14:15:37,951][__main__][INFO] - Computing test metrics
[2025-07-29 14:15:39,170][__main__][INFO] - Evaluation done in 0.020 min
[2025-07-29 14:15:40,404][__main__][INFO] - Evaluation done in 0.014 min
[2025-07-29 14:15:43,891][__main__][INFO] - Saved plots
[2025-07-29 14:15:43,892][__main__][INFO] - Final mIN parameters: {'beta': np.float32(0.7706535), 'alpha': np.float32(0.85904634)}
[2025-07-29 14:15:43,892][__main__][INFO] - End of script

[2025-07-29 14:15:52,043][__main__][INFO] - =====Running main script=====
[2025-07-29 14:15:52,050][__main__][INFO] - Fetched main configs, save directory : ../outputs/benchmark_min_1/seed_2/fixed/
[2025-07-29 14:15:52,050][__main__][INFO] - Model PatchTST, normalization mIN, criterion MSE, kwargs {}
[2025-07-29 14:15:52,096][__main__][INFO] - Fetched dataloaders
[2025-07-29 14:15:52,100][__main__][INFO] - Training data shape : (70, 1, 1000)
[2025-07-29 14:15:52,100][__main__][INFO] - Batch sizes : X=torch.Size([10, 1, 100]), y=torch.Size([10, 1, 20])
[2025-07-29 14:15:55,320][__main__][INFO] - batch_size=10, learning_rate=0.0001, steps per epoch=7, epochs=300
[2025-07-29 14:15:55,320][__main__][INFO] - Starting training...
[2025-07-29 14:15:55,320][__main__][INFO] - Using device: cuda
[2025-07-29 14:15:55,320][__main__][INFO] - Training 300 epochs of 7 batches (2100 steps): , eval_freq: 100, print_freq: 100
[2025-07-29 14:16:03,431][__main__][INFO] - Step 1 | valid1 MSE : 0.4083 | valid1 MAE : 0.5563 | valid1 NMSE : 0.6893 | valid1 RMSE : 0.0008
[2025-07-29 14:16:12,166][__main__][INFO] - Step 100 | valid1 MSE : 0.0059 | valid1 MAE : 0.0614 | valid1 NMSE : 0.0100 | valid1 RMSE : 0.0000
[2025-07-29 14:16:20,762][__main__][INFO] - Step 200 | valid1 MSE : 0.0059 | valid1 MAE : 0.0615 | valid1 NMSE : 0.0101 | valid1 RMSE : 0.0000
[2025-07-29 14:16:29,519][__main__][INFO] - Step 300 | valid1 MSE : 0.0046 | valid1 MAE : 0.0539 | valid1 NMSE : 0.0078 | valid1 RMSE : 0.0000
[2025-07-29 14:16:38,214][__main__][INFO] - Step 400 | valid1 MSE : 0.0044 | valid1 MAE : 0.0531 | valid1 NMSE : 0.0075 | valid1 RMSE : 0.0000
[2025-07-29 14:16:46,992][__main__][INFO] - Step 500 | valid1 MSE : 0.0050 | valid1 MAE : 0.0555 | valid1 NMSE : 0.0084 | valid1 RMSE : 0.0000
[2025-07-29 14:16:55,573][__main__][INFO] - Step 600 | valid1 MSE : 0.0044 | valid1 MAE : 0.0531 | valid1 NMSE : 0.0076 | valid1 RMSE : 0.0000
[2025-07-29 14:17:04,221][__main__][INFO] - Step 700 | valid1 MSE : 0.0042 | valid1 MAE : 0.0518 | valid1 NMSE : 0.0071 | valid1 RMSE : 0.0000
[2025-07-29 14:17:12,833][__main__][INFO] - Step 800 | valid1 MSE : 0.0046 | valid1 MAE : 0.0538 | valid1 NMSE : 0.0078 | valid1 RMSE : 0.0000
[2025-07-29 14:17:21,572][__main__][INFO] - Step 900 | valid1 MSE : 0.0044 | valid1 MAE : 0.0530 | valid1 NMSE : 0.0075 | valid1 RMSE : 0.0000
[2025-07-29 14:17:30,165][__main__][INFO] - Step 1000 | valid1 MSE : 0.0040 | valid1 MAE : 0.0502 | valid1 NMSE : 0.0067 | valid1 RMSE : 0.0000
[2025-07-29 14:17:38,761][__main__][INFO] - Step 1100 | valid1 MSE : 0.0044 | valid1 MAE : 0.0530 | valid1 NMSE : 0.0074 | valid1 RMSE : 0.0000
[2025-07-29 14:17:47,345][__main__][INFO] - Step 1200 | valid1 MSE : 0.0040 | valid1 MAE : 0.0501 | valid1 NMSE : 0.0067 | valid1 RMSE : 0.0000
[2025-07-29 14:17:55,918][__main__][INFO] - Step 1300 | valid1 MSE : 0.0047 | valid1 MAE : 0.0549 | valid1 NMSE : 0.0080 | valid1 RMSE : 0.0000
[2025-07-29 14:18:04,667][__main__][INFO] - Step 1400 | valid1 MSE : 0.0038 | valid1 MAE : 0.0491 | valid1 NMSE : 0.0064 | valid1 RMSE : 0.0000
[2025-07-29 14:18:13,341][__main__][INFO] - Step 1500 | valid1 MSE : 0.0041 | valid1 MAE : 0.0509 | valid1 NMSE : 0.0069 | valid1 RMSE : 0.0000
[2025-07-29 14:18:21,938][__main__][INFO] - Step 1600 | valid1 MSE : 0.0039 | valid1 MAE : 0.0497 | valid1 NMSE : 0.0066 | valid1 RMSE : 0.0000
[2025-07-29 14:18:30,543][__main__][INFO] - Step 1700 | valid1 MSE : 0.0042 | valid1 MAE : 0.0519 | valid1 NMSE : 0.0071 | valid1 RMSE : 0.0000
[2025-07-29 14:18:39,148][__main__][INFO] - Step 1800 | valid1 MSE : 0.0040 | valid1 MAE : 0.0505 | valid1 NMSE : 0.0068 | valid1 RMSE : 0.0000
[2025-07-29 14:18:47,878][__main__][INFO] - Step 1900 | valid1 MSE : 0.0041 | valid1 MAE : 0.0510 | valid1 NMSE : 0.0069 | valid1 RMSE : 0.0000
[2025-07-29 14:18:56,578][__main__][INFO] - Step 2000 | valid1 MSE : 0.0041 | valid1 MAE : 0.0509 | valid1 NMSE : 0.0069 | valid1 RMSE : 0.0000
[2025-07-29 14:19:05,161][__main__][INFO] - Step 2100 | valid1 MSE : 0.0035 | valid1 MAE : 0.0473 | valid1 NMSE : 0.0060 | valid1 RMSE : 0.0000
[2025-07-29 14:19:05,161][__main__][INFO] - Training done in 3.164 min
[2025-07-29 14:19:05,162][__main__][INFO] - Average time per step: 0.090 s
[2025-07-29 14:19:05,189][__main__][INFO] - End of training
[2025-07-29 14:19:06,593][__main__][INFO] - Plotted losses
[2025-07-29 14:19:06,593][__main__][INFO] - Computing test metrics
[2025-07-29 14:19:07,815][__main__][INFO] - Evaluation done in 0.020 min
[2025-07-29 14:19:09,052][__main__][INFO] - Evaluation done in 0.014 min
[2025-07-29 14:19:12,564][__main__][INFO] - Saved plots
[2025-07-29 14:19:12,564][__main__][INFO] - Final mIN parameters: {'beta': np.float32(0.77), 'alpha': np.float32(0.95)}
[2025-07-29 14:19:12,564][__main__][INFO] - End of script

[2025-07-29 14:19:20,581][__main__][INFO] - =====Running main script=====
[2025-07-29 14:19:20,588][__main__][INFO] - Fetched main configs, save directory : ../outputs/benchmark_min_1/seed_2/default_gamma/
[2025-07-29 14:19:20,588][__main__][INFO] - Model PatchTST, normalization mIN, criterion MSE, kwargs {}
[2025-07-29 14:19:20,634][__main__][INFO] - Fetched dataloaders
[2025-07-29 14:19:20,638][__main__][INFO] - Training data shape : (70, 1, 1000)
[2025-07-29 14:19:20,638][__main__][INFO] - Batch sizes : X=torch.Size([10, 1, 100]), y=torch.Size([10, 1, 20])
[2025-07-29 14:19:23,735][__main__][INFO] - batch_size=10, learning_rate=0.0001, steps per epoch=7, epochs=300
[2025-07-29 14:19:23,736][__main__][INFO] - Starting training...
[2025-07-29 14:19:23,736][__main__][INFO] - Using device: cuda
[2025-07-29 14:19:23,736][__main__][INFO] - Training 300 epochs of 7 batches (2100 steps): , eval_freq: 100, print_freq: 100
[2025-07-29 14:19:32,204][__main__][INFO] - Step 1 | valid1 MSE : 0.7831 | valid1 MAE : 0.7279 | valid1 NMSE : 1.3231 | valid1 RMSE : 0.0015
[2025-07-29 14:19:41,247][__main__][INFO] - Step 100 | valid1 MSE : 0.0064 | valid1 MAE : 0.0644 | valid1 NMSE : 0.0109 | valid1 RMSE : 0.0000
[2025-07-29 14:19:50,145][__main__][INFO] - Step 200 | valid1 MSE : 0.0058 | valid1 MAE : 0.0610 | valid1 NMSE : 0.0099 | valid1 RMSE : 0.0000
[2025-07-29 14:19:59,129][__main__][INFO] - Step 300 | valid1 MSE : 0.0049 | valid1 MAE : 0.0555 | valid1 NMSE : 0.0083 | valid1 RMSE : 0.0000
[2025-07-29 14:20:08,223][__main__][INFO] - Step 400 | valid1 MSE : 0.0045 | valid1 MAE : 0.0533 | valid1 NMSE : 0.0075 | valid1 RMSE : 0.0000
[2025-07-29 14:20:17,207][__main__][INFO] - Step 500 | valid1 MSE : 0.0049 | valid1 MAE : 0.0554 | valid1 NMSE : 0.0082 | valid1 RMSE : 0.0000
[2025-07-29 14:20:26,219][__main__][INFO] - Step 600 | valid1 MSE : 0.0041 | valid1 MAE : 0.0511 | valid1 NMSE : 0.0070 | valid1 RMSE : 0.0000
[2025-07-29 14:20:35,133][__main__][INFO] - Step 700 | valid1 MSE : 0.0044 | valid1 MAE : 0.0531 | valid1 NMSE : 0.0075 | valid1 RMSE : 0.0000
[2025-07-29 14:20:44,206][__main__][INFO] - Step 800 | valid1 MSE : 0.0044 | valid1 MAE : 0.0529 | valid1 NMSE : 0.0075 | valid1 RMSE : 0.0000
[2025-07-29 14:20:53,147][__main__][INFO] - Step 900 | valid1 MSE : 0.0047 | valid1 MAE : 0.0546 | valid1 NMSE : 0.0080 | valid1 RMSE : 0.0000
[2025-07-29 14:21:02,084][__main__][INFO] - Step 1000 | valid1 MSE : 0.0042 | valid1 MAE : 0.0515 | valid1 NMSE : 0.0071 | valid1 RMSE : 0.0000
[2025-07-29 14:21:11,023][__main__][INFO] - Step 1100 | valid1 MSE : 0.0044 | valid1 MAE : 0.0532 | valid1 NMSE : 0.0075 | valid1 RMSE : 0.0000
[2025-07-29 14:21:19,932][__main__][INFO] - Step 1200 | valid1 MSE : 0.0042 | valid1 MAE : 0.0514 | valid1 NMSE : 0.0070 | valid1 RMSE : 0.0000
[2025-07-29 14:21:29,009][__main__][INFO] - Step 1300 | valid1 MSE : 0.0046 | valid1 MAE : 0.0539 | valid1 NMSE : 0.0077 | valid1 RMSE : 0.0000
[2025-07-29 14:21:37,912][__main__][INFO] - Step 1400 | valid1 MSE : 0.0044 | valid1 MAE : 0.0531 | valid1 NMSE : 0.0075 | valid1 RMSE : 0.0000
[2025-07-29 14:21:46,826][__main__][INFO] - Step 1500 | valid1 MSE : 0.0044 | valid1 MAE : 0.0530 | valid1 NMSE : 0.0074 | valid1 RMSE : 0.0000
[2025-07-29 14:21:55,787][__main__][INFO] - Step 1600 | valid1 MSE : 0.0045 | valid1 MAE : 0.0532 | valid1 NMSE : 0.0075 | valid1 RMSE : 0.0000
[2025-07-29 14:22:04,726][__main__][INFO] - Step 1700 | valid1 MSE : 0.0041 | valid1 MAE : 0.0511 | valid1 NMSE : 0.0069 | valid1 RMSE : 0.0000
[2025-07-29 14:22:13,880][__main__][INFO] - Step 1800 | valid1 MSE : 0.0043 | valid1 MAE : 0.0522 | valid1 NMSE : 0.0072 | valid1 RMSE : 0.0000
[2025-07-29 14:22:22,844][__main__][INFO] - Step 1900 | valid1 MSE : 0.0042 | valid1 MAE : 0.0518 | valid1 NMSE : 0.0072 | valid1 RMSE : 0.0000
[2025-07-29 14:22:31,795][__main__][INFO] - Step 2000 | valid1 MSE : 0.0044 | valid1 MAE : 0.0530 | valid1 NMSE : 0.0075 | valid1 RMSE : 0.0000
[2025-07-29 14:22:40,780][__main__][INFO] - Step 2100 | valid1 MSE : 0.0037 | valid1 MAE : 0.0488 | valid1 NMSE : 0.0064 | valid1 RMSE : 0.0000
[2025-07-29 14:22:40,781][__main__][INFO] - Training done in 3.284 min
[2025-07-29 14:22:40,781][__main__][INFO] - Average time per step: 0.094 s
[2025-07-29 14:22:40,815][__main__][INFO] - End of training
[2025-07-29 14:22:42,267][__main__][INFO] - Plotted losses
[2025-07-29 14:22:42,267][__main__][INFO] - Computing test metrics
[2025-07-29 14:22:43,507][__main__][INFO] - Evaluation done in 0.021 min
[2025-07-29 14:22:44,762][__main__][INFO] - Evaluation done in 0.014 min
[2025-07-29 14:22:48,280][__main__][INFO] - Saved plots
[2025-07-29 14:22:48,281][__main__][INFO] - Final mIN parameters: {'beta': np.float32(0.010097595), 'alpha': np.float32(0.90932924)}
[2025-07-29 14:22:48,281][__main__][INFO] - End of script

[2025-07-29 14:22:56,481][__main__][INFO] - =====Running main script=====
[2025-07-29 14:22:56,487][__main__][INFO] - Fetched main configs, save directory : ../outputs/benchmark_min_1/seed_2/init_gamma/
[2025-07-29 14:22:56,487][__main__][INFO] - Model PatchTST, normalization mIN, criterion MSE, kwargs {}
[2025-07-29 14:22:56,533][__main__][INFO] - Fetched dataloaders
[2025-07-29 14:22:56,537][__main__][INFO] - Training data shape : (70, 1, 1000)
[2025-07-29 14:22:56,537][__main__][INFO] - Batch sizes : X=torch.Size([10, 1, 100]), y=torch.Size([10, 1, 20])
[2025-07-29 14:22:59,871][__main__][INFO] - batch_size=10, learning_rate=0.0001, steps per epoch=7, epochs=300
[2025-07-29 14:22:59,872][__main__][INFO] - Starting training...
[2025-07-29 14:22:59,872][__main__][INFO] - Using device: cuda
[2025-07-29 14:22:59,872][__main__][INFO] - Training 300 epochs of 7 batches (2100 steps): , eval_freq: 100, print_freq: 100
[2025-07-29 14:23:08,341][__main__][INFO] - Step 1 | valid1 MSE : 0.4084 | valid1 MAE : 0.5563 | valid1 NMSE : 0.6893 | valid1 RMSE : 0.0008
[2025-07-29 14:23:17,476][__main__][INFO] - Step 100 | valid1 MSE : 0.0058 | valid1 MAE : 0.0610 | valid1 NMSE : 0.0099 | valid1 RMSE : 0.0000
[2025-07-29 14:23:26,308][__main__][INFO] - Step 200 | valid1 MSE : 0.0057 | valid1 MAE : 0.0601 | valid1 NMSE : 0.0097 | valid1 RMSE : 0.0000
[2025-07-29 14:23:35,396][__main__][INFO] - Step 300 | valid1 MSE : 0.0044 | valid1 MAE : 0.0530 | valid1 NMSE : 0.0075 | valid1 RMSE : 0.0000
[2025-07-29 14:23:44,319][__main__][INFO] - Step 400 | valid1 MSE : 0.0042 | valid1 MAE : 0.0518 | valid1 NMSE : 0.0072 | valid1 RMSE : 0.0000
[2025-07-29 14:23:53,424][__main__][INFO] - Step 500 | valid1 MSE : 0.0047 | valid1 MAE : 0.0539 | valid1 NMSE : 0.0079 | valid1 RMSE : 0.0000
[2025-07-29 14:24:02,325][__main__][INFO] - Step 600 | valid1 MSE : 0.0042 | valid1 MAE : 0.0516 | valid1 NMSE : 0.0072 | valid1 RMSE : 0.0000
[2025-07-29 14:24:11,210][__main__][INFO] - Step 700 | valid1 MSE : 0.0040 | valid1 MAE : 0.0505 | valid1 NMSE : 0.0068 | valid1 RMSE : 0.0000
[2025-07-29 14:24:20,164][__main__][INFO] - Step 800 | valid1 MSE : 0.0043 | valid1 MAE : 0.0524 | valid1 NMSE : 0.0074 | valid1 RMSE : 0.0000
[2025-07-29 14:24:29,244][__main__][INFO] - Step 900 | valid1 MSE : 0.0041 | valid1 MAE : 0.0513 | valid1 NMSE : 0.0070 | valid1 RMSE : 0.0000
[2025-07-29 14:24:38,228][__main__][INFO] - Step 1000 | valid1 MSE : 0.0037 | valid1 MAE : 0.0485 | valid1 NMSE : 0.0063 | valid1 RMSE : 0.0000
[2025-07-29 14:24:47,164][__main__][INFO] - Step 1100 | valid1 MSE : 0.0041 | valid1 MAE : 0.0510 | valid1 NMSE : 0.0069 | valid1 RMSE : 0.0000
[2025-07-29 14:24:56,046][__main__][INFO] - Step 1200 | valid1 MSE : 0.0038 | valid1 MAE : 0.0488 | valid1 NMSE : 0.0064 | valid1 RMSE : 0.0000
[2025-07-29 14:25:04,913][__main__][INFO] - Step 1300 | valid1 MSE : 0.0041 | valid1 MAE : 0.0514 | valid1 NMSE : 0.0070 | valid1 RMSE : 0.0000
[2025-07-29 14:25:13,967][__main__][INFO] - Step 1400 | valid1 MSE : 0.0038 | valid1 MAE : 0.0489 | valid1 NMSE : 0.0064 | valid1 RMSE : 0.0000
[2025-07-29 14:25:22,931][__main__][INFO] - Step 1500 | valid1 MSE : 0.0040 | valid1 MAE : 0.0502 | valid1 NMSE : 0.0067 | valid1 RMSE : 0.0000
[2025-07-29 14:25:31,804][__main__][INFO] - Step 1600 | valid1 MSE : 0.0037 | valid1 MAE : 0.0484 | valid1 NMSE : 0.0063 | valid1 RMSE : 0.0000
[2025-07-29 14:25:40,754][__main__][INFO] - Step 1700 | valid1 MSE : 0.0038 | valid1 MAE : 0.0490 | valid1 NMSE : 0.0064 | valid1 RMSE : 0.0000
[2025-07-29 14:25:49,723][__main__][INFO] - Step 1800 | valid1 MSE : 0.0038 | valid1 MAE : 0.0491 | valid1 NMSE : 0.0064 | valid1 RMSE : 0.0000
[2025-07-29 14:25:58,795][__main__][INFO] - Step 1900 | valid1 MSE : 0.0037 | valid1 MAE : 0.0486 | valid1 NMSE : 0.0063 | valid1 RMSE : 0.0000
[2025-07-29 14:26:07,752][__main__][INFO] - Step 2000 | valid1 MSE : 0.0039 | valid1 MAE : 0.0500 | valid1 NMSE : 0.0066 | valid1 RMSE : 0.0000
[2025-07-29 14:26:16,674][__main__][INFO] - Step 2100 | valid1 MSE : 0.0034 | valid1 MAE : 0.0467 | valid1 NMSE : 0.0058 | valid1 RMSE : 0.0000
[2025-07-29 14:26:16,674][__main__][INFO] - Training done in 3.280 min
[2025-07-29 14:26:16,674][__main__][INFO] - Average time per step: 0.094 s
[2025-07-29 14:26:16,703][__main__][INFO] - End of training
[2025-07-29 14:26:18,103][__main__][INFO] - Plotted losses
[2025-07-29 14:26:18,103][__main__][INFO] - Computing test metrics
[2025-07-29 14:26:19,339][__main__][INFO] - Evaluation done in 0.021 min
[2025-07-29 14:26:20,590][__main__][INFO] - Evaluation done in 0.014 min
[2025-07-29 14:26:24,196][__main__][INFO] - Saved plots
[2025-07-29 14:26:24,196][__main__][INFO] - Final mIN parameters: {'beta': np.float32(0.7706325), 'alpha': np.float32(0.86357147)}
[2025-07-29 14:26:24,196][__main__][INFO] - End of script

[2025-07-29 14:26:32,774][__main__][INFO] - =====Running main script=====
[2025-07-29 14:26:32,781][__main__][INFO] - Fetched main configs, save directory : ../outputs/benchmark_min_1/seed_2/fixed_gamma/
[2025-07-29 14:26:32,781][__main__][INFO] - Model PatchTST, normalization mIN, criterion MSE, kwargs {}
[2025-07-29 14:26:32,829][__main__][INFO] - Fetched dataloaders
[2025-07-29 14:26:32,833][__main__][INFO] - Training data shape : (70, 1, 1000)
[2025-07-29 14:26:32,833][__main__][INFO] - Batch sizes : X=torch.Size([10, 1, 100]), y=torch.Size([10, 1, 20])
[2025-07-29 14:26:35,993][__main__][INFO] - batch_size=10, learning_rate=0.0001, steps per epoch=7, epochs=300
[2025-07-29 14:26:35,993][__main__][INFO] - Starting training...
[2025-07-29 14:26:35,994][__main__][INFO] - Using device: cuda
[2025-07-29 14:26:35,994][__main__][INFO] - Training 300 epochs of 7 batches (2100 steps): , eval_freq: 100, print_freq: 100
[2025-07-29 14:26:44,505][__main__][INFO] - Step 1 | valid1 MSE : 0.4083 | valid1 MAE : 0.5563 | valid1 NMSE : 0.6893 | valid1 RMSE : 0.0008
[2025-07-29 14:26:53,514][__main__][INFO] - Step 100 | valid1 MSE : 0.0059 | valid1 MAE : 0.0613 | valid1 NMSE : 0.0100 | valid1 RMSE : 0.0000
[2025-07-29 14:27:02,295][__main__][INFO] - Step 200 | valid1 MSE : 0.0058 | valid1 MAE : 0.0608 | valid1 NMSE : 0.0099 | valid1 RMSE : 0.0000
[2025-07-29 14:27:11,277][__main__][INFO] - Step 300 | valid1 MSE : 0.0045 | valid1 MAE : 0.0535 | valid1 NMSE : 0.0076 | valid1 RMSE : 0.0000
[2025-07-29 14:27:20,147][__main__][INFO] - Step 400 | valid1 MSE : 0.0043 | valid1 MAE : 0.0525 | valid1 NMSE : 0.0073 | valid1 RMSE : 0.0000
[2025-07-29 14:27:29,264][__main__][INFO] - Step 500 | valid1 MSE : 0.0048 | valid1 MAE : 0.0547 | valid1 NMSE : 0.0082 | valid1 RMSE : 0.0000
[2025-07-29 14:27:38,105][__main__][INFO] - Step 600 | valid1 MSE : 0.0043 | valid1 MAE : 0.0523 | valid1 NMSE : 0.0073 | valid1 RMSE : 0.0000
[2025-07-29 14:27:46,958][__main__][INFO] - Step 700 | valid1 MSE : 0.0041 | valid1 MAE : 0.0511 | valid1 NMSE : 0.0070 | valid1 RMSE : 0.0000
[2025-07-29 14:27:55,767][__main__][INFO] - Step 800 | valid1 MSE : 0.0044 | valid1 MAE : 0.0530 | valid1 NMSE : 0.0075 | valid1 RMSE : 0.0000
[2025-07-29 14:28:04,746][__main__][INFO] - Step 900 | valid1 MSE : 0.0043 | valid1 MAE : 0.0521 | valid1 NMSE : 0.0072 | valid1 RMSE : 0.0000
[2025-07-29 14:28:13,606][__main__][INFO] - Step 1000 | valid1 MSE : 0.0038 | valid1 MAE : 0.0493 | valid1 NMSE : 0.0065 | valid1 RMSE : 0.0000
[2025-07-29 14:28:22,473][__main__][INFO] - Step 1100 | valid1 MSE : 0.0042 | valid1 MAE : 0.0519 | valid1 NMSE : 0.0071 | valid1 RMSE : 0.0000
[2025-07-29 14:28:31,358][__main__][INFO] - Step 1200 | valid1 MSE : 0.0039 | valid1 MAE : 0.0494 | valid1 NMSE : 0.0066 | valid1 RMSE : 0.0000
[2025-07-29 14:28:40,184][__main__][INFO] - Step 1300 | valid1 MSE : 0.0044 | valid1 MAE : 0.0529 | valid1 NMSE : 0.0074 | valid1 RMSE : 0.0000
[2025-07-29 14:28:49,255][__main__][INFO] - Step 1400 | valid1 MSE : 0.0038 | valid1 MAE : 0.0489 | valid1 NMSE : 0.0064 | valid1 RMSE : 0.0000
[2025-07-29 14:28:58,194][__main__][INFO] - Step 1500 | valid1 MSE : 0.0040 | valid1 MAE : 0.0505 | valid1 NMSE : 0.0068 | valid1 RMSE : 0.0000
[2025-07-29 14:29:07,002][__main__][INFO] - Step 1600 | valid1 MSE : 0.0038 | valid1 MAE : 0.0490 | valid1 NMSE : 0.0064 | valid1 RMSE : 0.0000
[2025-07-29 14:29:15,883][__main__][INFO] - Step 1700 | valid1 MSE : 0.0040 | valid1 MAE : 0.0504 | valid1 NMSE : 0.0067 | valid1 RMSE : 0.0000
[2025-07-29 14:29:24,666][__main__][INFO] - Step 1800 | valid1 MSE : 0.0039 | valid1 MAE : 0.0497 | valid1 NMSE : 0.0066 | valid1 RMSE : 0.0000
[2025-07-29 14:29:33,627][__main__][INFO] - Step 1900 | valid1 MSE : 0.0039 | valid1 MAE : 0.0499 | valid1 NMSE : 0.0066 | valid1 RMSE : 0.0000
[2025-07-29 14:29:42,501][__main__][INFO] - Step 2000 | valid1 MSE : 0.0040 | valid1 MAE : 0.0504 | valid1 NMSE : 0.0068 | valid1 RMSE : 0.0000
[2025-07-29 14:29:51,309][__main__][INFO] - Step 2100 | valid1 MSE : 0.0035 | valid1 MAE : 0.0469 | valid1 NMSE : 0.0059 | valid1 RMSE : 0.0000
[2025-07-29 14:29:51,309][__main__][INFO] - Training done in 3.255 min
[2025-07-29 14:29:51,309][__main__][INFO] - Average time per step: 0.093 s
[2025-07-29 14:29:51,338][__main__][INFO] - End of training
[2025-07-29 14:29:52,805][__main__][INFO] - Plotted losses
[2025-07-29 14:29:52,805][__main__][INFO] - Computing test metrics
[2025-07-29 14:29:54,045][__main__][INFO] - Evaluation done in 0.021 min
[2025-07-29 14:29:55,293][__main__][INFO] - Evaluation done in 0.014 min
[2025-07-29 14:29:58,872][__main__][INFO] - Saved plots
[2025-07-29 14:29:58,872][__main__][INFO] - Final mIN parameters: {'beta': np.float32(0.77), 'alpha': np.float32(0.95)}
[2025-07-29 14:29:58,872][__main__][INFO] - End of script

[2025-07-29 14:30:17,299][__main__][INFO] - =====Running main script=====
[2025-07-29 14:30:17,307][__main__][INFO] - Fetched main configs, save directory : ../outputs/benchmark_min_1/seed_3/PatchTST_instance/
[2025-07-29 14:30:17,307][__main__][INFO] - Model PatchTST, normalization instance, criterion MSE, kwargs {}
[2025-07-29 14:30:17,351][__main__][INFO] - Fetched dataloaders
[2025-07-29 14:30:17,354][__main__][INFO] - Training data shape : (70, 1, 1000)
[2025-07-29 14:30:17,354][__main__][INFO] - Batch sizes : X=torch.Size([10, 1, 100]), y=torch.Size([10, 1, 20])
[2025-07-29 14:30:20,657][__main__][INFO] - batch_size=10, learning_rate=0.0001, steps per epoch=7, epochs=300
[2025-07-29 14:30:20,657][__main__][INFO] - Starting training...
[2025-07-29 14:30:20,657][__main__][INFO] - Using device: cuda
[2025-07-29 14:30:20,657][__main__][INFO] - Training 300 epochs of 7 batches (2100 steps): , eval_freq: 100, print_freq: 100
[2025-07-29 14:30:28,914][__main__][INFO] - Step 1 | valid1 MSE : 0.8263 | valid1 MAE : 0.7430 | valid1 NMSE : 1.4005 | valid1 RMSE : 0.0016
[2025-07-29 14:30:37,909][__main__][INFO] - Step 100 | valid1 MSE : 0.0071 | valid1 MAE : 0.0673 | valid1 NMSE : 0.0119 | valid1 RMSE : 0.0000
[2025-07-29 14:30:46,622][__main__][INFO] - Step 200 | valid1 MSE : 0.0052 | valid1 MAE : 0.0572 | valid1 NMSE : 0.0087 | valid1 RMSE : 0.0000
[2025-07-29 14:30:55,304][__main__][INFO] - Step 300 | valid1 MSE : 0.0047 | valid1 MAE : 0.0544 | valid1 NMSE : 0.0080 | valid1 RMSE : 0.0000
[2025-07-29 14:31:04,027][__main__][INFO] - Step 400 | valid1 MSE : 0.0053 | valid1 MAE : 0.0579 | valid1 NMSE : 0.0090 | valid1 RMSE : 0.0000
[2025-07-29 14:31:12,757][__main__][INFO] - Step 500 | valid1 MSE : 0.0051 | valid1 MAE : 0.0568 | valid1 NMSE : 0.0087 | valid1 RMSE : 0.0000
[2025-07-29 14:31:21,630][__main__][INFO] - Step 600 | valid1 MSE : 0.0045 | valid1 MAE : 0.0537 | valid1 NMSE : 0.0077 | valid1 RMSE : 0.0000
[2025-07-29 14:31:30,363][__main__][INFO] - Step 700 | valid1 MSE : 0.0051 | valid1 MAE : 0.0571 | valid1 NMSE : 0.0086 | valid1 RMSE : 0.0000
[2025-07-29 14:31:39,093][__main__][INFO] - Step 800 | valid1 MSE : 0.0045 | valid1 MAE : 0.0534 | valid1 NMSE : 0.0076 | valid1 RMSE : 0.0000
[2025-07-29 14:31:47,797][__main__][INFO] - Step 900 | valid1 MSE : 0.0047 | valid1 MAE : 0.0547 | valid1 NMSE : 0.0079 | valid1 RMSE : 0.0000
[2025-07-29 14:31:56,466][__main__][INFO] - Step 1000 | valid1 MSE : 0.0042 | valid1 MAE : 0.0519 | valid1 NMSE : 0.0071 | valid1 RMSE : 0.0000
[2025-07-29 14:32:05,277][__main__][INFO] - Step 1100 | valid1 MSE : 0.0049 | valid1 MAE : 0.0559 | valid1 NMSE : 0.0083 | valid1 RMSE : 0.0000
[2025-07-29 14:32:13,972][__main__][INFO] - Step 1200 | valid1 MSE : 0.0053 | valid1 MAE : 0.0582 | valid1 NMSE : 0.0090 | valid1 RMSE : 0.0000
[2025-07-29 14:32:22,691][__main__][INFO] - Step 1300 | valid1 MSE : 0.0039 | valid1 MAE : 0.0496 | valid1 NMSE : 0.0066 | valid1 RMSE : 0.0000
[2025-07-29 14:32:31,427][__main__][INFO] - Step 1400 | valid1 MSE : 0.0041 | valid1 MAE : 0.0509 | valid1 NMSE : 0.0069 | valid1 RMSE : 0.0000
[2025-07-29 14:32:40,140][__main__][INFO] - Step 1500 | valid1 MSE : 0.0042 | valid1 MAE : 0.0517 | valid1 NMSE : 0.0071 | valid1 RMSE : 0.0000
[2025-07-29 14:32:48,979][__main__][INFO] - Step 1600 | valid1 MSE : 0.0046 | valid1 MAE : 0.0540 | valid1 NMSE : 0.0077 | valid1 RMSE : 0.0000
[2025-07-29 14:32:57,633][__main__][INFO] - Step 1700 | valid1 MSE : 0.0049 | valid1 MAE : 0.0555 | valid1 NMSE : 0.0082 | valid1 RMSE : 0.0000
[2025-07-29 14:33:06,266][__main__][INFO] - Step 1800 | valid1 MSE : 0.0047 | valid1 MAE : 0.0545 | valid1 NMSE : 0.0079 | valid1 RMSE : 0.0000
[2025-07-29 14:33:14,924][__main__][INFO] - Step 1900 | valid1 MSE : 0.0043 | valid1 MAE : 0.0523 | valid1 NMSE : 0.0073 | valid1 RMSE : 0.0000
[2025-07-29 14:33:23,561][__main__][INFO] - Step 2000 | valid1 MSE : 0.0044 | valid1 MAE : 0.0533 | valid1 NMSE : 0.0075 | valid1 RMSE : 0.0000
[2025-07-29 14:33:32,372][__main__][INFO] - Step 2100 | valid1 MSE : 0.0044 | valid1 MAE : 0.0530 | valid1 NMSE : 0.0075 | valid1 RMSE : 0.0000
[2025-07-29 14:33:32,372][__main__][INFO] - Training done in 3.195 min
[2025-07-29 14:33:32,372][__main__][INFO] - Average time per step: 0.091 s
[2025-07-29 14:33:32,404][__main__][INFO] - End of training
[2025-07-29 14:33:33,635][__main__][INFO] - Plotted losses
[2025-07-29 14:33:33,636][__main__][INFO] - Computing test metrics
[2025-07-29 14:33:34,675][__main__][INFO] - Evaluation done in 0.017 min
[2025-07-29 14:33:35,903][__main__][INFO] - Evaluation done in 0.014 min
[2025-07-29 14:33:39,545][__main__][INFO] - Saved plots
[2025-07-29 14:33:39,545][__main__][INFO] - End of script

[2025-07-29 14:33:47,732][__main__][INFO] - =====Running main script=====
[2025-07-29 14:33:47,738][__main__][INFO] - Fetched main configs, save directory : ../outputs/benchmark_min_1/seed_3/PatchTST_revin/
[2025-07-29 14:33:47,738][__main__][INFO] - Model PatchTST, normalization revin, criterion MSE, kwargs {}
[2025-07-29 14:33:47,786][__main__][INFO] - Fetched dataloaders
[2025-07-29 14:33:47,790][__main__][INFO] - Training data shape : (70, 1, 1000)
[2025-07-29 14:33:47,790][__main__][INFO] - Batch sizes : X=torch.Size([10, 1, 100]), y=torch.Size([10, 1, 20])
[2025-07-29 14:33:51,017][__main__][INFO] - batch_size=10, learning_rate=0.0001, steps per epoch=7, epochs=300
[2025-07-29 14:33:51,018][__main__][INFO] - Starting training...
[2025-07-29 14:33:51,018][__main__][INFO] - Using device: cuda
[2025-07-29 14:33:51,018][__main__][INFO] - Training 300 epochs of 7 batches (2100 steps): , eval_freq: 100, print_freq: 100
[2025-07-29 14:33:59,267][__main__][INFO] - Step 1 | valid1 MSE : 0.8262 | valid1 MAE : 0.7430 | valid1 NMSE : 1.4004 | valid1 RMSE : 0.0016
[2025-07-29 14:34:08,125][__main__][INFO] - Step 100 | valid1 MSE : 0.0070 | valid1 MAE : 0.0671 | valid1 NMSE : 0.0118 | valid1 RMSE : 0.0000
[2025-07-29 14:34:16,845][__main__][INFO] - Step 200 | valid1 MSE : 0.0051 | valid1 MAE : 0.0568 | valid1 NMSE : 0.0086 | valid1 RMSE : 0.0000
[2025-07-29 14:34:25,654][__main__][INFO] - Step 300 | valid1 MSE : 0.0046 | valid1 MAE : 0.0541 | valid1 NMSE : 0.0079 | valid1 RMSE : 0.0000
[2025-07-29 14:34:34,387][__main__][INFO] - Step 400 | valid1 MSE : 0.0052 | valid1 MAE : 0.0573 | valid1 NMSE : 0.0088 | valid1 RMSE : 0.0000
[2025-07-29 14:34:43,112][__main__][INFO] - Step 500 | valid1 MSE : 0.0050 | valid1 MAE : 0.0560 | valid1 NMSE : 0.0084 | valid1 RMSE : 0.0000
[2025-07-29 14:34:52,003][__main__][INFO] - Step 600 | valid1 MSE : 0.0045 | valid1 MAE : 0.0533 | valid1 NMSE : 0.0076 | valid1 RMSE : 0.0000
[2025-07-29 14:35:00,767][__main__][INFO] - Step 700 | valid1 MSE : 0.0049 | valid1 MAE : 0.0562 | valid1 NMSE : 0.0084 | valid1 RMSE : 0.0000
[2025-07-29 14:35:09,549][__main__][INFO] - Step 800 | valid1 MSE : 0.0043 | valid1 MAE : 0.0524 | valid1 NMSE : 0.0073 | valid1 RMSE : 0.0000
[2025-07-29 14:35:18,380][__main__][INFO] - Step 900 | valid1 MSE : 0.0044 | valid1 MAE : 0.0532 | valid1 NMSE : 0.0075 | valid1 RMSE : 0.0000
[2025-07-29 14:35:27,200][__main__][INFO] - Step 1000 | valid1 MSE : 0.0041 | valid1 MAE : 0.0512 | valid1 NMSE : 0.0070 | valid1 RMSE : 0.0000
[2025-07-29 14:35:36,173][__main__][INFO] - Step 1100 | valid1 MSE : 0.0048 | valid1 MAE : 0.0555 | valid1 NMSE : 0.0082 | valid1 RMSE : 0.0000
[2025-07-29 14:35:44,904][__main__][INFO] - Step 1200 | valid1 MSE : 0.0052 | valid1 MAE : 0.0577 | valid1 NMSE : 0.0089 | valid1 RMSE : 0.0000
[2025-07-29 14:35:53,649][__main__][INFO] - Step 1300 | valid1 MSE : 0.0038 | valid1 MAE : 0.0490 | valid1 NMSE : 0.0064 | valid1 RMSE : 0.0000
[2025-07-29 14:36:02,468][__main__][INFO] - Step 1400 | valid1 MSE : 0.0039 | valid1 MAE : 0.0496 | valid1 NMSE : 0.0065 | valid1 RMSE : 0.0000
[2025-07-29 14:36:11,321][__main__][INFO] - Step 1500 | valid1 MSE : 0.0042 | valid1 MAE : 0.0516 | valid1 NMSE : 0.0071 | valid1 RMSE : 0.0000
[2025-07-29 14:36:20,273][__main__][INFO] - Step 1600 | valid1 MSE : 0.0044 | valid1 MAE : 0.0526 | valid1 NMSE : 0.0074 | valid1 RMSE : 0.0000
[2025-07-29 14:36:29,061][__main__][INFO] - Step 1700 | valid1 MSE : 0.0047 | valid1 MAE : 0.0549 | valid1 NMSE : 0.0080 | valid1 RMSE : 0.0000
[2025-07-29 14:36:37,839][__main__][INFO] - Step 1800 | valid1 MSE : 0.0044 | valid1 MAE : 0.0530 | valid1 NMSE : 0.0074 | valid1 RMSE : 0.0000
[2025-07-29 14:36:46,725][__main__][INFO] - Step 1900 | valid1 MSE : 0.0041 | valid1 MAE : 0.0510 | valid1 NMSE : 0.0069 | valid1 RMSE : 0.0000
[2025-07-29 14:36:55,556][__main__][INFO] - Step 2000 | valid1 MSE : 0.0042 | valid1 MAE : 0.0520 | valid1 NMSE : 0.0072 | valid1 RMSE : 0.0000
[2025-07-29 14:37:04,471][__main__][INFO] - Step 2100 | valid1 MSE : 0.0042 | valid1 MAE : 0.0518 | valid1 NMSE : 0.0071 | valid1 RMSE : 0.0000
[2025-07-29 14:37:04,472][__main__][INFO] - Training done in 3.224 min
[2025-07-29 14:37:04,472][__main__][INFO] - Average time per step: 0.092 s
[2025-07-29 14:37:04,501][__main__][INFO] - End of training
[2025-07-29 14:37:05,974][__main__][INFO] - Plotted losses
[2025-07-29 14:37:05,975][__main__][INFO] - Computing test metrics
[2025-07-29 14:37:07,060][__main__][INFO] - Evaluation done in 0.018 min
[2025-07-29 14:37:08,443][__main__][INFO] - Evaluation done in 0.017 min
[2025-07-29 14:37:11,995][__main__][INFO] - Saved plots
[2025-07-29 14:37:11,995][__main__][INFO] - Final mIN parameters: {'beta': np.float32(-0.008538168), 'alpha': np.float32(1.084883)}
[2025-07-29 14:37:11,996][__main__][INFO] - End of script

[2025-07-29 14:37:19,957][__main__][INFO] - =====Running main script=====
[2025-07-29 14:37:19,964][__main__][INFO] - Fetched main configs, save directory : ../outputs/benchmark_min_1/seed_3/default/
[2025-07-29 14:37:19,964][__main__][INFO] - Model PatchTST, normalization mIN, criterion MSE, kwargs {}
[2025-07-29 14:37:20,009][__main__][INFO] - Fetched dataloaders
[2025-07-29 14:37:20,013][__main__][INFO] - Training data shape : (70, 1, 1000)
[2025-07-29 14:37:20,013][__main__][INFO] - Batch sizes : X=torch.Size([10, 1, 100]), y=torch.Size([10, 1, 20])
[2025-07-29 14:37:23,231][__main__][INFO] - batch_size=10, learning_rate=0.0001, steps per epoch=7, epochs=300
[2025-07-29 14:37:23,231][__main__][INFO] - Starting training...
[2025-07-29 14:37:23,231][__main__][INFO] - Using device: cuda
[2025-07-29 14:37:23,231][__main__][INFO] - Training 300 epochs of 7 batches (2100 steps): , eval_freq: 100, print_freq: 100
[2025-07-29 14:37:31,638][__main__][INFO] - Step 1 | valid1 MSE : 0.8262 | valid1 MAE : 0.7430 | valid1 NMSE : 1.4003 | valid1 RMSE : 0.0016
[2025-07-29 14:37:40,520][__main__][INFO] - Step 100 | valid1 MSE : 0.0070 | valid1 MAE : 0.0670 | valid1 NMSE : 0.0118 | valid1 RMSE : 0.0000
[2025-07-29 14:37:49,231][__main__][INFO] - Step 200 | valid1 MSE : 0.0051 | valid1 MAE : 0.0568 | valid1 NMSE : 0.0086 | valid1 RMSE : 0.0000
[2025-07-29 14:37:57,926][__main__][INFO] - Step 300 | valid1 MSE : 0.0046 | valid1 MAE : 0.0541 | valid1 NMSE : 0.0079 | valid1 RMSE : 0.0000
[2025-07-29 14:38:06,780][__main__][INFO] - Step 400 | valid1 MSE : 0.0052 | valid1 MAE : 0.0574 | valid1 NMSE : 0.0088 | valid1 RMSE : 0.0000
[2025-07-29 14:38:15,526][__main__][INFO] - Step 500 | valid1 MSE : 0.0050 | valid1 MAE : 0.0560 | valid1 NMSE : 0.0084 | valid1 RMSE : 0.0000
[2025-07-29 14:38:24,274][__main__][INFO] - Step 600 | valid1 MSE : 0.0045 | valid1 MAE : 0.0534 | valid1 NMSE : 0.0076 | valid1 RMSE : 0.0000
[2025-07-29 14:38:32,969][__main__][INFO] - Step 700 | valid1 MSE : 0.0050 | valid1 MAE : 0.0563 | valid1 NMSE : 0.0084 | valid1 RMSE : 0.0000
[2025-07-29 14:38:41,871][__main__][INFO] - Step 800 | valid1 MSE : 0.0043 | valid1 MAE : 0.0524 | valid1 NMSE : 0.0073 | valid1 RMSE : 0.0000
[2025-07-29 14:38:50,705][__main__][INFO] - Step 900 | valid1 MSE : 0.0044 | valid1 MAE : 0.0532 | valid1 NMSE : 0.0075 | valid1 RMSE : 0.0000
[2025-07-29 14:38:59,540][__main__][INFO] - Step 1000 | valid1 MSE : 0.0041 | valid1 MAE : 0.0513 | valid1 NMSE : 0.0070 | valid1 RMSE : 0.0000
[2025-07-29 14:39:08,404][__main__][INFO] - Step 1100 | valid1 MSE : 0.0048 | valid1 MAE : 0.0556 | valid1 NMSE : 0.0082 | valid1 RMSE : 0.0000
[2025-07-29 14:39:17,191][__main__][INFO] - Step 1200 | valid1 MSE : 0.0052 | valid1 MAE : 0.0578 | valid1 NMSE : 0.0089 | valid1 RMSE : 0.0000
[2025-07-29 14:39:26,297][__main__][INFO] - Step 1300 | valid1 MSE : 0.0038 | valid1 MAE : 0.0490 | valid1 NMSE : 0.0064 | valid1 RMSE : 0.0000
[2025-07-29 14:39:35,060][__main__][INFO] - Step 1400 | valid1 MSE : 0.0039 | valid1 MAE : 0.0496 | valid1 NMSE : 0.0065 | valid1 RMSE : 0.0000
[2025-07-29 14:39:43,886][__main__][INFO] - Step 1500 | valid1 MSE : 0.0042 | valid1 MAE : 0.0518 | valid1 NMSE : 0.0072 | valid1 RMSE : 0.0000
[2025-07-29 14:39:52,664][__main__][INFO] - Step 1600 | valid1 MSE : 0.0043 | valid1 MAE : 0.0525 | valid1 NMSE : 0.0074 | valid1 RMSE : 0.0000
[2025-07-29 14:40:01,431][__main__][INFO] - Step 1700 | valid1 MSE : 0.0048 | valid1 MAE : 0.0549 | valid1 NMSE : 0.0080 | valid1 RMSE : 0.0000
[2025-07-29 14:40:10,290][__main__][INFO] - Step 1800 | valid1 MSE : 0.0044 | valid1 MAE : 0.0529 | valid1 NMSE : 0.0074 | valid1 RMSE : 0.0000
[2025-07-29 14:40:19,019][__main__][INFO] - Step 1900 | valid1 MSE : 0.0041 | valid1 MAE : 0.0510 | valid1 NMSE : 0.0069 | valid1 RMSE : 0.0000
[2025-07-29 14:40:27,842][__main__][INFO] - Step 2000 | valid1 MSE : 0.0042 | valid1 MAE : 0.0520 | valid1 NMSE : 0.0072 | valid1 RMSE : 0.0000
[2025-07-29 14:40:36,638][__main__][INFO] - Step 2100 | valid1 MSE : 0.0042 | valid1 MAE : 0.0518 | valid1 NMSE : 0.0071 | valid1 RMSE : 0.0000
[2025-07-29 14:40:36,639][__main__][INFO] - Training done in 3.223 min
[2025-07-29 14:40:36,639][__main__][INFO] - Average time per step: 0.092 s
[2025-07-29 14:40:36,668][__main__][INFO] - End of training
[2025-07-29 14:40:38,111][__main__][INFO] - Plotted losses
[2025-07-29 14:40:38,111][__main__][INFO] - Computing test metrics
[2025-07-29 14:40:39,351][__main__][INFO] - Evaluation done in 0.021 min
[2025-07-29 14:40:40,568][__main__][INFO] - Evaluation done in 0.014 min
[2025-07-29 14:40:44,104][__main__][INFO] - Saved plots
[2025-07-29 14:40:44,105][__main__][INFO] - Final mIN parameters: {'beta': np.float32(0.009473624), 'alpha': np.float32(0.91163766)}
[2025-07-29 14:40:44,105][__main__][INFO] - End of script

[2025-07-29 14:40:52,180][__main__][INFO] - =====Running main script=====
[2025-07-29 14:40:52,187][__main__][INFO] - Fetched main configs, save directory : ../outputs/benchmark_min_1/seed_3/init/
[2025-07-29 14:40:52,187][__main__][INFO] - Model PatchTST, normalization mIN, criterion MSE, kwargs {}
[2025-07-29 14:40:52,233][__main__][INFO] - Fetched dataloaders
[2025-07-29 14:40:52,237][__main__][INFO] - Training data shape : (70, 1, 1000)
[2025-07-29 14:40:52,237][__main__][INFO] - Batch sizes : X=torch.Size([10, 1, 100]), y=torch.Size([10, 1, 20])
[2025-07-29 14:40:55,502][__main__][INFO] - batch_size=10, learning_rate=0.0001, steps per epoch=7, epochs=300
[2025-07-29 14:40:55,502][__main__][INFO] - Starting training...
[2025-07-29 14:40:55,502][__main__][INFO] - Using device: cuda
[2025-07-29 14:40:55,502][__main__][INFO] - Training 300 epochs of 7 batches (2100 steps): , eval_freq: 100, print_freq: 100
[2025-07-29 14:41:03,729][__main__][INFO] - Step 1 | valid1 MSE : 0.4550 | valid1 MAE : 0.5946 | valid1 NMSE : 0.7725 | valid1 RMSE : 0.0009
[2025-07-29 14:41:12,559][__main__][INFO] - Step 100 | valid1 MSE : 0.0063 | valid1 MAE : 0.0631 | valid1 NMSE : 0.0106 | valid1 RMSE : 0.0000
[2025-07-29 14:41:21,112][__main__][INFO] - Step 200 | valid1 MSE : 0.0049 | valid1 MAE : 0.0556 | valid1 NMSE : 0.0082 | valid1 RMSE : 0.0000
[2025-07-29 14:41:29,915][__main__][INFO] - Step 300 | valid1 MSE : 0.0042 | valid1 MAE : 0.0519 | valid1 NMSE : 0.0072 | valid1 RMSE : 0.0000
[2025-07-29 14:41:38,657][__main__][INFO] - Step 400 | valid1 MSE : 0.0048 | valid1 MAE : 0.0556 | valid1 NMSE : 0.0082 | valid1 RMSE : 0.0000
[2025-07-29 14:41:47,620][__main__][INFO] - Step 500 | valid1 MSE : 0.0044 | valid1 MAE : 0.0530 | valid1 NMSE : 0.0075 | valid1 RMSE : 0.0000
[2025-07-29 14:41:56,302][__main__][INFO] - Step 600 | valid1 MSE : 0.0039 | valid1 MAE : 0.0498 | valid1 NMSE : 0.0066 | valid1 RMSE : 0.0000
[2025-07-29 14:42:04,983][__main__][INFO] - Step 700 | valid1 MSE : 0.0046 | valid1 MAE : 0.0543 | valid1 NMSE : 0.0078 | valid1 RMSE : 0.0000
[2025-07-29 14:42:13,622][__main__][INFO] - Step 800 | valid1 MSE : 0.0043 | valid1 MAE : 0.0520 | valid1 NMSE : 0.0072 | valid1 RMSE : 0.0000
[2025-07-29 14:42:22,493][__main__][INFO] - Step 900 | valid1 MSE : 0.0042 | valid1 MAE : 0.0521 | valid1 NMSE : 0.0072 | valid1 RMSE : 0.0000
[2025-07-29 14:42:31,294][__main__][INFO] - Step 1000 | valid1 MSE : 0.0036 | valid1 MAE : 0.0481 | valid1 NMSE : 0.0062 | valid1 RMSE : 0.0000
[2025-07-29 14:42:39,973][__main__][INFO] - Step 1100 | valid1 MSE : 0.0040 | valid1 MAE : 0.0506 | valid1 NMSE : 0.0068 | valid1 RMSE : 0.0000
[2025-07-29 14:42:48,728][__main__][INFO] - Step 1200 | valid1 MSE : 0.0041 | valid1 MAE : 0.0509 | valid1 NMSE : 0.0069 | valid1 RMSE : 0.0000
[2025-07-29 14:42:57,380][__main__][INFO] - Step 1300 | valid1 MSE : 0.0035 | valid1 MAE : 0.0473 | valid1 NMSE : 0.0060 | valid1 RMSE : 0.0000
[2025-07-29 14:43:06,147][__main__][INFO] - Step 1400 | valid1 MSE : 0.0036 | valid1 MAE : 0.0478 | valid1 NMSE : 0.0061 | valid1 RMSE : 0.0000
[2025-07-29 14:43:14,892][__main__][INFO] - Step 1500 | valid1 MSE : 0.0036 | valid1 MAE : 0.0481 | valid1 NMSE : 0.0061 | valid1 RMSE : 0.0000
[2025-07-29 14:43:23,607][__main__][INFO] - Step 1600 | valid1 MSE : 0.0041 | valid1 MAE : 0.0513 | valid1 NMSE : 0.0070 | valid1 RMSE : 0.0000
[2025-07-29 14:43:32,244][__main__][INFO] - Step 1700 | valid1 MSE : 0.0038 | valid1 MAE : 0.0493 | valid1 NMSE : 0.0065 | valid1 RMSE : 0.0000
[2025-07-29 14:43:40,957][__main__][INFO] - Step 1800 | valid1 MSE : 0.0038 | valid1 MAE : 0.0491 | valid1 NMSE : 0.0064 | valid1 RMSE : 0.0000
[2025-07-29 14:43:49,789][__main__][INFO] - Step 1900 | valid1 MSE : 0.0039 | valid1 MAE : 0.0501 | valid1 NMSE : 0.0066 | valid1 RMSE : 0.0000
[2025-07-29 14:43:58,538][__main__][INFO] - Step 2000 | valid1 MSE : 0.0036 | valid1 MAE : 0.0479 | valid1 NMSE : 0.0061 | valid1 RMSE : 0.0000
[2025-07-29 14:44:07,241][__main__][INFO] - Step 2100 | valid1 MSE : 0.0040 | valid1 MAE : 0.0502 | valid1 NMSE : 0.0067 | valid1 RMSE : 0.0000
[2025-07-29 14:44:07,241][__main__][INFO] - Training done in 3.196 min
[2025-07-29 14:44:07,241][__main__][INFO] - Average time per step: 0.091 s
[2025-07-29 14:44:07,269][__main__][INFO] - End of training
[2025-07-29 14:44:08,593][__main__][INFO] - Plotted losses
[2025-07-29 14:44:08,593][__main__][INFO] - Computing test metrics
[2025-07-29 14:44:09,799][__main__][INFO] - Evaluation done in 0.020 min
[2025-07-29 14:44:11,017][__main__][INFO] - Evaluation done in 0.014 min
[2025-07-29 14:44:14,572][__main__][INFO] - Saved plots
[2025-07-29 14:44:14,572][__main__][INFO] - Final mIN parameters: {'beta': np.float32(0.7701223), 'alpha': np.float32(0.86075556)}
[2025-07-29 14:44:14,572][__main__][INFO] - End of script

[2025-07-29 14:44:21,757][__main__][INFO] - =====Running main script=====
[2025-07-29 14:44:21,763][__main__][INFO] - Fetched main configs, save directory : ../outputs/benchmark_min_1/seed_3/fixed/
[2025-07-29 14:44:21,763][__main__][INFO] - Model PatchTST, normalization mIN, criterion MSE, kwargs {}
[2025-07-29 14:44:21,809][__main__][INFO] - Fetched dataloaders
[2025-07-29 14:44:21,813][__main__][INFO] - Training data shape : (70, 1, 1000)
[2025-07-29 14:44:21,813][__main__][INFO] - Batch sizes : X=torch.Size([10, 1, 100]), y=torch.Size([10, 1, 20])
[2025-07-29 14:44:24,609][__main__][INFO] - batch_size=10, learning_rate=0.0001, steps per epoch=7, epochs=300
[2025-07-29 14:44:24,609][__main__][INFO] - Starting training...
[2025-07-29 14:44:24,609][__main__][INFO] - Using device: cuda
[2025-07-29 14:44:24,609][__main__][INFO] - Training 300 epochs of 7 batches (2100 steps): , eval_freq: 100, print_freq: 100
[2025-07-29 14:44:32,926][__main__][INFO] - Step 1 | valid1 MSE : 0.4550 | valid1 MAE : 0.5946 | valid1 NMSE : 0.7725 | valid1 RMSE : 0.0009
[2025-07-29 14:44:41,914][__main__][INFO] - Step 100 | valid1 MSE : 0.0063 | valid1 MAE : 0.0634 | valid1 NMSE : 0.0107 | valid1 RMSE : 0.0000
[2025-07-29 14:44:50,587][__main__][INFO] - Step 200 | valid1 MSE : 0.0049 | valid1 MAE : 0.0560 | valid1 NMSE : 0.0084 | valid1 RMSE : 0.0000
[2025-07-29 14:44:59,479][__main__][INFO] - Step 300 | valid1 MSE : 0.0043 | valid1 MAE : 0.0524 | valid1 NMSE : 0.0073 | valid1 RMSE : 0.0000
[2025-07-29 14:45:08,251][__main__][INFO] - Step 400 | valid1 MSE : 0.0049 | valid1 MAE : 0.0561 | valid1 NMSE : 0.0084 | valid1 RMSE : 0.0000
[2025-07-29 14:45:17,201][__main__][INFO] - Step 500 | valid1 MSE : 0.0045 | valid1 MAE : 0.0537 | valid1 NMSE : 0.0077 | valid1 RMSE : 0.0000
[2025-07-29 14:45:25,934][__main__][INFO] - Step 600 | valid1 MSE : 0.0039 | valid1 MAE : 0.0502 | valid1 NMSE : 0.0067 | valid1 RMSE : 0.0000
[2025-07-29 14:45:34,691][__main__][INFO] - Step 700 | valid1 MSE : 0.0047 | valid1 MAE : 0.0548 | valid1 NMSE : 0.0080 | valid1 RMSE : 0.0000
[2025-07-29 14:45:43,576][__main__][INFO] - Step 800 | valid1 MSE : 0.0044 | valid1 MAE : 0.0529 | valid1 NMSE : 0.0075 | valid1 RMSE : 0.0000
[2025-07-29 14:45:52,459][__main__][INFO] - Step 900 | valid1 MSE : 0.0044 | valid1 MAE : 0.0531 | valid1 NMSE : 0.0075 | valid1 RMSE : 0.0000
[2025-07-29 14:46:01,257][__main__][INFO] - Step 1000 | valid1 MSE : 0.0037 | valid1 MAE : 0.0486 | valid1 NMSE : 0.0063 | valid1 RMSE : 0.0000
[2025-07-29 14:46:10,022][__main__][INFO] - Step 1100 | valid1 MSE : 0.0041 | valid1 MAE : 0.0512 | valid1 NMSE : 0.0069 | valid1 RMSE : 0.0000
[2025-07-29 14:46:18,815][__main__][INFO] - Step 1200 | valid1 MSE : 0.0042 | valid1 MAE : 0.0513 | valid1 NMSE : 0.0070 | valid1 RMSE : 0.0000
[2025-07-29 14:46:27,530][__main__][INFO] - Step 1300 | valid1 MSE : 0.0037 | valid1 MAE : 0.0483 | valid1 NMSE : 0.0062 | valid1 RMSE : 0.0000
[2025-07-29 14:46:36,443][__main__][INFO] - Step 1400 | valid1 MSE : 0.0039 | valid1 MAE : 0.0495 | valid1 NMSE : 0.0065 | valid1 RMSE : 0.0000
[2025-07-29 14:46:45,257][__main__][INFO] - Step 1500 | valid1 MSE : 0.0037 | valid1 MAE : 0.0484 | valid1 NMSE : 0.0062 | valid1 RMSE : 0.0000
[2025-07-29 14:46:53,905][__main__][INFO] - Step 1600 | valid1 MSE : 0.0043 | valid1 MAE : 0.0523 | valid1 NMSE : 0.0073 | valid1 RMSE : 0.0000
[2025-07-29 14:47:02,735][__main__][INFO] - Step 1700 | valid1 MSE : 0.0039 | valid1 MAE : 0.0496 | valid1 NMSE : 0.0066 | valid1 RMSE : 0.0000
[2025-07-29 14:47:11,519][__main__][INFO] - Step 1800 | valid1 MSE : 0.0040 | valid1 MAE : 0.0505 | valid1 NMSE : 0.0068 | valid1 RMSE : 0.0000
[2025-07-29 14:47:20,436][__main__][INFO] - Step 1900 | valid1 MSE : 0.0041 | valid1 MAE : 0.0514 | valid1 NMSE : 0.0070 | valid1 RMSE : 0.0000
[2025-07-29 14:47:29,223][__main__][INFO] - Step 2000 | valid1 MSE : 0.0038 | valid1 MAE : 0.0488 | valid1 NMSE : 0.0064 | valid1 RMSE : 0.0000
[2025-07-29 14:47:38,066][__main__][INFO] - Step 2100 | valid1 MSE : 0.0042 | valid1 MAE : 0.0515 | valid1 NMSE : 0.0071 | valid1 RMSE : 0.0000
[2025-07-29 14:47:38,066][__main__][INFO] - Training done in 3.224 min
[2025-07-29 14:47:38,066][__main__][INFO] - Average time per step: 0.092 s
[2025-07-29 14:47:38,097][__main__][INFO] - End of training
[2025-07-29 14:47:39,551][__main__][INFO] - Plotted losses
[2025-07-29 14:47:39,551][__main__][INFO] - Computing test metrics
[2025-07-29 14:47:40,793][__main__][INFO] - Evaluation done in 0.021 min
[2025-07-29 14:47:42,062][__main__][INFO] - Evaluation done in 0.015 min
[2025-07-29 14:47:45,598][__main__][INFO] - Saved plots
[2025-07-29 14:47:45,598][__main__][INFO] - Final mIN parameters: {'beta': np.float32(0.77), 'alpha': np.float32(0.95)}
[2025-07-29 14:47:45,598][__main__][INFO] - End of script

[2025-07-29 14:47:53,865][__main__][INFO] - =====Running main script=====
[2025-07-29 14:47:53,873][__main__][INFO] - Fetched main configs, save directory : ../outputs/benchmark_min_1/seed_3/default_gamma/
[2025-07-29 14:47:53,873][__main__][INFO] - Model PatchTST, normalization mIN, criterion MSE, kwargs {}
[2025-07-29 14:47:53,923][__main__][INFO] - Fetched dataloaders
[2025-07-29 14:47:53,927][__main__][INFO] - Training data shape : (70, 1, 1000)
[2025-07-29 14:47:53,927][__main__][INFO] - Batch sizes : X=torch.Size([10, 1, 100]), y=torch.Size([10, 1, 20])
[2025-07-29 14:47:57,165][__main__][INFO] - batch_size=10, learning_rate=0.0001, steps per epoch=7, epochs=300
[2025-07-29 14:47:57,165][__main__][INFO] - Starting training...
[2025-07-29 14:47:57,165][__main__][INFO] - Using device: cuda
[2025-07-29 14:47:57,165][__main__][INFO] - Training 300 epochs of 7 batches (2100 steps): , eval_freq: 100, print_freq: 100
[2025-07-29 14:48:05,538][__main__][INFO] - Step 1 | valid1 MSE : 0.8261 | valid1 MAE : 0.7429 | valid1 NMSE : 1.4002 | valid1 RMSE : 0.0016
[2025-07-29 14:48:14,467][__main__][INFO] - Step 100 | valid1 MSE : 0.0070 | valid1 MAE : 0.0667 | valid1 NMSE : 0.0117 | valid1 RMSE : 0.0000
[2025-07-29 14:48:23,391][__main__][INFO] - Step 200 | valid1 MSE : 0.0050 | valid1 MAE : 0.0565 | valid1 NMSE : 0.0085 | valid1 RMSE : 0.0000
[2025-07-29 14:48:32,334][__main__][INFO] - Step 300 | valid1 MSE : 0.0046 | valid1 MAE : 0.0537 | valid1 NMSE : 0.0078 | valid1 RMSE : 0.0000
[2025-07-29 14:48:41,569][__main__][INFO] - Step 400 | valid1 MSE : 0.0051 | valid1 MAE : 0.0568 | valid1 NMSE : 0.0086 | valid1 RMSE : 0.0000
[2025-07-29 14:48:50,451][__main__][INFO] - Step 500 | valid1 MSE : 0.0048 | valid1 MAE : 0.0553 | valid1 NMSE : 0.0082 | valid1 RMSE : 0.0000
[2025-07-29 14:48:59,536][__main__][INFO] - Step 600 | valid1 MSE : 0.0044 | valid1 MAE : 0.0531 | valid1 NMSE : 0.0075 | valid1 RMSE : 0.0000
[2025-07-29 14:49:08,439][__main__][INFO] - Step 700 | valid1 MSE : 0.0048 | valid1 MAE : 0.0554 | valid1 NMSE : 0.0081 | valid1 RMSE : 0.0000
[2025-07-29 14:49:17,468][__main__][INFO] - Step 800 | valid1 MSE : 0.0042 | valid1 MAE : 0.0515 | valid1 NMSE : 0.0071 | valid1 RMSE : 0.0000
[2025-07-29 14:49:26,348][__main__][INFO] - Step 900 | valid1 MSE : 0.0042 | valid1 MAE : 0.0520 | valid1 NMSE : 0.0072 | valid1 RMSE : 0.0000
[2025-07-29 14:49:35,213][__main__][INFO] - Step 1000 | valid1 MSE : 0.0040 | valid1 MAE : 0.0507 | valid1 NMSE : 0.0068 | valid1 RMSE : 0.0000
[2025-07-29 14:49:44,103][__main__][INFO] - Step 1100 | valid1 MSE : 0.0048 | valid1 MAE : 0.0552 | valid1 NMSE : 0.0081 | valid1 RMSE : 0.0000
[2025-07-29 14:49:52,998][__main__][INFO] - Step 1200 | valid1 MSE : 0.0051 | valid1 MAE : 0.0573 | valid1 NMSE : 0.0087 | valid1 RMSE : 0.0000
[2025-07-29 14:50:02,238][__main__][INFO] - Step 1300 | valid1 MSE : 0.0037 | valid1 MAE : 0.0486 | valid1 NMSE : 0.0063 | valid1 RMSE : 0.0000
[2025-07-29 14:50:11,677][__main__][INFO] - Step 1400 | valid1 MSE : 0.0037 | valid1 MAE : 0.0487 | valid1 NMSE : 0.0063 | valid1 RMSE : 0.0000
[2025-07-29 14:50:20,841][__main__][INFO] - Step 1500 | valid1 MSE : 0.0042 | valid1 MAE : 0.0516 | valid1 NMSE : 0.0071 | valid1 RMSE : 0.0000
[2025-07-29 14:50:30,012][__main__][INFO] - Step 1600 | valid1 MSE : 0.0041 | valid1 MAE : 0.0514 | valid1 NMSE : 0.0070 | valid1 RMSE : 0.0000
[2025-07-29 14:50:39,172][__main__][INFO] - Step 1700 | valid1 MSE : 0.0046 | valid1 MAE : 0.0542 | valid1 NMSE : 0.0078 | valid1 RMSE : 0.0000
[2025-07-29 14:50:48,434][__main__][INFO] - Step 1800 | valid1 MSE : 0.0042 | valid1 MAE : 0.0517 | valid1 NMSE : 0.0071 | valid1 RMSE : 0.0000
[2025-07-29 14:50:57,618][__main__][INFO] - Step 1900 | valid1 MSE : 0.0039 | valid1 MAE : 0.0501 | valid1 NMSE : 0.0067 | valid1 RMSE : 0.0000
[2025-07-29 14:51:06,873][__main__][INFO] - Step 2000 | valid1 MSE : 0.0041 | valid1 MAE : 0.0508 | valid1 NMSE : 0.0069 | valid1 RMSE : 0.0000
[2025-07-29 14:51:16,140][__main__][INFO] - Step 2100 | valid1 MSE : 0.0041 | valid1 MAE : 0.0508 | valid1 NMSE : 0.0069 | valid1 RMSE : 0.0000
[2025-07-29 14:51:16,140][__main__][INFO] - Training done in 3.316 min
[2025-07-29 14:51:16,140][__main__][INFO] - Average time per step: 0.095 s
[2025-07-29 14:51:16,171][__main__][INFO] - End of training
[2025-07-29 14:51:17,701][__main__][INFO] - Plotted losses
[2025-07-29 14:51:17,701][__main__][INFO] - Computing test metrics
[2025-07-29 14:51:18,984][__main__][INFO] - Evaluation done in 0.021 min
[2025-07-29 14:51:20,294][__main__][INFO] - Evaluation done in 0.015 min
[2025-07-29 14:51:23,937][__main__][INFO] - Saved plots
[2025-07-29 14:51:23,937][__main__][INFO] - Final mIN parameters: {'beta': np.float32(0.009563508), 'alpha': np.float32(0.9161537)}
[2025-07-29 14:51:23,938][__main__][INFO] - End of script

[2025-07-29 14:51:32,529][__main__][INFO] - =====Running main script=====
[2025-07-29 14:51:32,535][__main__][INFO] - Fetched main configs, save directory : ../outputs/benchmark_min_1/seed_3/init_gamma/
[2025-07-29 14:51:32,535][__main__][INFO] - Model PatchTST, normalization mIN, criterion MSE, kwargs {}
[2025-07-29 14:51:32,582][__main__][INFO] - Fetched dataloaders
[2025-07-29 14:51:32,585][__main__][INFO] - Training data shape : (70, 1, 1000)
[2025-07-29 14:51:32,586][__main__][INFO] - Batch sizes : X=torch.Size([10, 1, 100]), y=torch.Size([10, 1, 20])
[2025-07-29 14:51:35,991][__main__][INFO] - batch_size=10, learning_rate=0.0001, steps per epoch=7, epochs=300
[2025-07-29 14:51:35,991][__main__][INFO] - Starting training...
[2025-07-29 14:51:35,991][__main__][INFO] - Using device: cuda
[2025-07-29 14:51:35,991][__main__][INFO] - Training 300 epochs of 7 batches (2100 steps): , eval_freq: 100, print_freq: 100
[2025-07-29 14:51:44,572][__main__][INFO] - Step 1 | valid1 MSE : 0.4550 | valid1 MAE : 0.5946 | valid1 NMSE : 0.7725 | valid1 RMSE : 0.0009
[2025-07-29 14:51:53,868][__main__][INFO] - Step 100 | valid1 MSE : 0.0062 | valid1 MAE : 0.0629 | valid1 NMSE : 0.0105 | valid1 RMSE : 0.0000
[2025-07-29 14:52:02,988][__main__][INFO] - Step 200 | valid1 MSE : 0.0048 | valid1 MAE : 0.0552 | valid1 NMSE : 0.0081 | valid1 RMSE : 0.0000
[2025-07-29 14:52:12,371][__main__][INFO] - Step 300 | valid1 MSE : 0.0042 | valid1 MAE : 0.0514 | valid1 NMSE : 0.0070 | valid1 RMSE : 0.0000
[2025-07-29 14:52:21,451][__main__][INFO] - Step 400 | valid1 MSE : 0.0048 | valid1 MAE : 0.0551 | valid1 NMSE : 0.0081 | valid1 RMSE : 0.0000
[2025-07-29 14:52:30,706][__main__][INFO] - Step 500 | valid1 MSE : 0.0043 | valid1 MAE : 0.0525 | valid1 NMSE : 0.0074 | valid1 RMSE : 0.0000
[2025-07-29 14:52:40,149][__main__][INFO] - Step 600 | valid1 MSE : 0.0038 | valid1 MAE : 0.0495 | valid1 NMSE : 0.0065 | valid1 RMSE : 0.0000
[2025-07-29 14:52:49,256][__main__][INFO] - Step 700 | valid1 MSE : 0.0045 | valid1 MAE : 0.0537 | valid1 NMSE : 0.0077 | valid1 RMSE : 0.0000
[2025-07-29 14:52:58,396][__main__][INFO] - Step 800 | valid1 MSE : 0.0041 | valid1 MAE : 0.0512 | valid1 NMSE : 0.0070 | valid1 RMSE : 0.0000
[2025-07-29 14:53:07,650][__main__][INFO] - Step 900 | valid1 MSE : 0.0041 | valid1 MAE : 0.0512 | valid1 NMSE : 0.0070 | valid1 RMSE : 0.0000
[2025-07-29 14:53:16,791][__main__][INFO] - Step 1000 | valid1 MSE : 0.0036 | valid1 MAE : 0.0477 | valid1 NMSE : 0.0061 | valid1 RMSE : 0.0000
[2025-07-29 14:53:25,817][__main__][INFO] - Step 1100 | valid1 MSE : 0.0040 | valid1 MAE : 0.0502 | valid1 NMSE : 0.0067 | valid1 RMSE : 0.0000
[2025-07-29 14:53:34,980][__main__][INFO] - Step 1200 | valid1 MSE : 0.0040 | valid1 MAE : 0.0506 | valid1 NMSE : 0.0068 | valid1 RMSE : 0.0000
[2025-07-29 14:53:44,140][__main__][INFO] - Step 1300 | valid1 MSE : 0.0034 | valid1 MAE : 0.0468 | valid1 NMSE : 0.0058 | valid1 RMSE : 0.0000
[2025-07-29 14:53:53,415][__main__][INFO] - Step 1400 | valid1 MSE : 0.0035 | valid1 MAE : 0.0469 | valid1 NMSE : 0.0059 | valid1 RMSE : 0.0000
[2025-07-29 14:54:02,601][__main__][INFO] - Step 1500 | valid1 MSE : 0.0036 | valid1 MAE : 0.0478 | valid1 NMSE : 0.0061 | valid1 RMSE : 0.0000
[2025-07-29 14:54:11,691][__main__][INFO] - Step 1600 | valid1 MSE : 0.0040 | valid1 MAE : 0.0504 | valid1 NMSE : 0.0068 | valid1 RMSE : 0.0000
[2025-07-29 14:54:20,911][__main__][INFO] - Step 1700 | valid1 MSE : 0.0038 | valid1 MAE : 0.0491 | valid1 NMSE : 0.0064 | valid1 RMSE : 0.0000
[2025-07-29 14:54:30,171][__main__][INFO] - Step 1800 | valid1 MSE : 0.0036 | valid1 MAE : 0.0482 | valid1 NMSE : 0.0062 | valid1 RMSE : 0.0000
[2025-07-29 14:54:39,523][__main__][INFO] - Step 1900 | valid1 MSE : 0.0038 | valid1 MAE : 0.0492 | valid1 NMSE : 0.0064 | valid1 RMSE : 0.0000
[2025-07-29 14:54:48,839][__main__][INFO] - Step 2000 | valid1 MSE : 0.0035 | valid1 MAE : 0.0473 | valid1 NMSE : 0.0060 | valid1 RMSE : 0.0000
[2025-07-29 14:54:57,986][__main__][INFO] - Step 2100 | valid1 MSE : 0.0039 | valid1 MAE : 0.0495 | valid1 NMSE : 0.0065 | valid1 RMSE : 0.0000
[2025-07-29 14:54:57,987][__main__][INFO] - Training done in 3.367 min
[2025-07-29 14:54:57,987][__main__][INFO] - Average time per step: 0.096 s
[2025-07-29 14:54:58,018][__main__][INFO] - End of training
[2025-07-29 14:54:59,465][__main__][INFO] - Plotted losses
[2025-07-29 14:54:59,465][__main__][INFO] - Computing test metrics
[2025-07-29 14:55:00,815][__main__][INFO] - Evaluation done in 0.022 min
[2025-07-29 14:55:02,083][__main__][INFO] - Evaluation done in 0.014 min
[2025-07-29 14:55:05,705][__main__][INFO] - Saved plots
[2025-07-29 14:55:05,706][__main__][INFO] - Final mIN parameters: {'beta': np.float32(0.77018493), 'alpha': np.float32(0.8651284)}
[2025-07-29 14:55:05,706][__main__][INFO] - End of script

[2025-07-29 14:55:14,297][__main__][INFO] - =====Running main script=====
[2025-07-29 14:55:14,304][__main__][INFO] - Fetched main configs, save directory : ../outputs/benchmark_min_1/seed_3/fixed_gamma/
[2025-07-29 14:55:14,304][__main__][INFO] - Model PatchTST, normalization mIN, criterion MSE, kwargs {}
[2025-07-29 14:55:14,348][__main__][INFO] - Fetched dataloaders
[2025-07-29 14:55:14,351][__main__][INFO] - Training data shape : (70, 1, 1000)
[2025-07-29 14:55:14,352][__main__][INFO] - Batch sizes : X=torch.Size([10, 1, 100]), y=torch.Size([10, 1, 20])
[2025-07-29 14:55:17,703][__main__][INFO] - batch_size=10, learning_rate=0.0001, steps per epoch=7, epochs=300
[2025-07-29 14:55:17,703][__main__][INFO] - Starting training...
[2025-07-29 14:55:17,703][__main__][INFO] - Using device: cuda
[2025-07-29 14:55:17,703][__main__][INFO] - Training 300 epochs of 7 batches (2100 steps): , eval_freq: 100, print_freq: 100
[2025-07-29 14:55:26,411][__main__][INFO] - Step 1 | valid1 MSE : 0.4550 | valid1 MAE : 0.5946 | valid1 NMSE : 0.7725 | valid1 RMSE : 0.0009
[2025-07-29 14:55:35,917][__main__][INFO] - Step 100 | valid1 MSE : 0.0063 | valid1 MAE : 0.0632 | valid1 NMSE : 0.0106 | valid1 RMSE : 0.0000
[2025-07-29 14:55:45,061][__main__][INFO] - Step 200 | valid1 MSE : 0.0049 | valid1 MAE : 0.0556 | valid1 NMSE : 0.0083 | valid1 RMSE : 0.0000
[2025-07-29 14:55:54,458][__main__][INFO] - Step 300 | valid1 MSE : 0.0042 | valid1 MAE : 0.0519 | valid1 NMSE : 0.0072 | valid1 RMSE : 0.0000
[2025-07-29 14:56:03,740][__main__][INFO] - Step 400 | valid1 MSE : 0.0048 | valid1 MAE : 0.0556 | valid1 NMSE : 0.0082 | valid1 RMSE : 0.0000
[2025-07-29 14:56:13,142][__main__][INFO] - Step 500 | valid1 MSE : 0.0044 | valid1 MAE : 0.0531 | valid1 NMSE : 0.0075 | valid1 RMSE : 0.0000
[2025-07-29 14:56:22,429][__main__][INFO] - Step 600 | valid1 MSE : 0.0039 | valid1 MAE : 0.0498 | valid1 NMSE : 0.0066 | valid1 RMSE : 0.0000
[2025-07-29 14:56:31,506][__main__][INFO] - Step 700 | valid1 MSE : 0.0046 | valid1 MAE : 0.0543 | valid1 NMSE : 0.0078 | valid1 RMSE : 0.0000
[2025-07-29 14:56:40,926][__main__][INFO] - Step 800 | valid1 MSE : 0.0043 | valid1 MAE : 0.0520 | valid1 NMSE : 0.0072 | valid1 RMSE : 0.0000
[2025-07-29 14:56:50,316][__main__][INFO] - Step 900 | valid1 MSE : 0.0042 | valid1 MAE : 0.0521 | valid1 NMSE : 0.0072 | valid1 RMSE : 0.0000
[2025-07-29 14:56:59,599][__main__][INFO] - Step 1000 | valid1 MSE : 0.0036 | valid1 MAE : 0.0481 | valid1 NMSE : 0.0062 | valid1 RMSE : 0.0000
[2025-07-29 14:57:08,798][__main__][INFO] - Step 1100 | valid1 MSE : 0.0040 | valid1 MAE : 0.0506 | valid1 NMSE : 0.0068 | valid1 RMSE : 0.0000
[2025-07-29 14:57:18,053][__main__][INFO] - Step 1200 | valid1 MSE : 0.0041 | valid1 MAE : 0.0509 | valid1 NMSE : 0.0069 | valid1 RMSE : 0.0000
[2025-07-29 14:57:27,292][__main__][INFO] - Step 1300 | valid1 MSE : 0.0035 | valid1 MAE : 0.0474 | valid1 NMSE : 0.0060 | valid1 RMSE : 0.0000
[2025-07-29 14:57:36,688][__main__][INFO] - Step 1400 | valid1 MSE : 0.0036 | valid1 MAE : 0.0480 | valid1 NMSE : 0.0061 | valid1 RMSE : 0.0000
[2025-07-29 14:57:45,971][__main__][INFO] - Step 1500 | valid1 MSE : 0.0036 | valid1 MAE : 0.0480 | valid1 NMSE : 0.0061 | valid1 RMSE : 0.0000
[2025-07-29 14:57:55,179][__main__][INFO] - Step 1600 | valid1 MSE : 0.0042 | valid1 MAE : 0.0514 | valid1 NMSE : 0.0070 | valid1 RMSE : 0.0000
[2025-07-29 14:58:04,446][__main__][INFO] - Step 1700 | valid1 MSE : 0.0038 | valid1 MAE : 0.0492 | valid1 NMSE : 0.0064 | valid1 RMSE : 0.0000
[2025-07-29 14:58:13,702][__main__][INFO] - Step 1800 | valid1 MSE : 0.0038 | valid1 MAE : 0.0492 | valid1 NMSE : 0.0064 | valid1 RMSE : 0.0000
[2025-07-29 14:58:23,076][__main__][INFO] - Step 1900 | valid1 MSE : 0.0039 | valid1 MAE : 0.0501 | valid1 NMSE : 0.0066 | valid1 RMSE : 0.0000
[2025-07-29 14:58:32,303][__main__][INFO] - Step 2000 | valid1 MSE : 0.0036 | valid1 MAE : 0.0480 | valid1 NMSE : 0.0062 | valid1 RMSE : 0.0000
[2025-07-29 14:58:41,414][__main__][INFO] - Step 2100 | valid1 MSE : 0.0040 | valid1 MAE : 0.0503 | valid1 NMSE : 0.0068 | valid1 RMSE : 0.0000
[2025-07-29 14:58:41,415][__main__][INFO] - Training done in 3.395 min
[2025-07-29 14:58:41,415][__main__][INFO] - Average time per step: 0.097 s
[2025-07-29 14:58:41,446][__main__][INFO] - End of training
[2025-07-29 14:58:43,082][__main__][INFO] - Plotted losses
[2025-07-29 14:58:43,082][__main__][INFO] - Computing test metrics
[2025-07-29 14:58:44,356][__main__][INFO] - Evaluation done in 0.021 min
[2025-07-29 14:58:45,640][__main__][INFO] - Evaluation done in 0.015 min
[2025-07-29 14:58:49,272][__main__][INFO] - Saved plots
[2025-07-29 14:58:49,272][__main__][INFO] - Final mIN parameters: {'beta': np.float32(0.77), 'alpha': np.float32(0.95)}
[2025-07-29 14:58:49,272][__main__][INFO] - End of script

[2025-07-29 14:59:09,503][__main__][INFO] - =====Running main script=====
[2025-07-29 14:59:09,518][__main__][INFO] - Fetched main configs, save directory : ../outputs/benchmark_min_1/seed_4/PatchTST_instance/
[2025-07-29 14:59:09,518][__main__][INFO] - Model PatchTST, normalization instance, criterion MSE, kwargs {}
[2025-07-29 14:59:09,574][__main__][INFO] - Fetched dataloaders
[2025-07-29 14:59:09,578][__main__][INFO] - Training data shape : (70, 1, 1000)
[2025-07-29 14:59:09,579][__main__][INFO] - Batch sizes : X=torch.Size([10, 1, 100]), y=torch.Size([10, 1, 20])
[2025-07-29 14:59:13,302][__main__][INFO] - batch_size=10, learning_rate=0.0001, steps per epoch=7, epochs=300
[2025-07-29 14:59:13,302][__main__][INFO] - Starting training...
[2025-07-29 14:59:13,302][__main__][INFO] - Using device: cuda
[2025-07-29 14:59:13,302][__main__][INFO] - Training 300 epochs of 7 batches (2100 steps): , eval_freq: 100, print_freq: 100
[2025-07-29 14:59:21,855][__main__][INFO] - Step 1 | valid1 MSE : 0.8314 | valid1 MAE : 0.7477 | valid1 NMSE : 1.4071 | valid1 RMSE : 0.0016
[2025-07-29 14:59:31,179][__main__][INFO] - Step 100 | valid1 MSE : 0.0058 | valid1 MAE : 0.0608 | valid1 NMSE : 0.0099 | valid1 RMSE : 0.0000
[2025-07-29 14:59:40,168][__main__][INFO] - Step 200 | valid1 MSE : 0.0059 | valid1 MAE : 0.0612 | valid1 NMSE : 0.0100 | valid1 RMSE : 0.0000
[2025-07-29 14:59:49,354][__main__][INFO] - Step 300 | valid1 MSE : 0.0054 | valid1 MAE : 0.0588 | valid1 NMSE : 0.0092 | valid1 RMSE : 0.0000
[2025-07-29 14:59:58,512][__main__][INFO] - Step 400 | valid1 MSE : 0.0050 | valid1 MAE : 0.0564 | valid1 NMSE : 0.0084 | valid1 RMSE : 0.0000
[2025-07-29 15:00:07,618][__main__][INFO] - Step 500 | valid1 MSE : 0.0048 | valid1 MAE : 0.0556 | valid1 NMSE : 0.0082 | valid1 RMSE : 0.0000
[2025-07-29 15:00:16,862][__main__][INFO] - Step 600 | valid1 MSE : 0.0048 | valid1 MAE : 0.0554 | valid1 NMSE : 0.0081 | valid1 RMSE : 0.0000
[2025-07-29 15:00:25,836][__main__][INFO] - Step 700 | valid1 MSE : 0.0049 | valid1 MAE : 0.0561 | valid1 NMSE : 0.0083 | valid1 RMSE : 0.0000
[2025-07-29 15:00:34,968][__main__][INFO] - Step 800 | valid1 MSE : 0.0049 | valid1 MAE : 0.0559 | valid1 NMSE : 0.0083 | valid1 RMSE : 0.0000
[2025-07-29 15:00:44,045][__main__][INFO] - Step 900 | valid1 MSE : 0.0049 | valid1 MAE : 0.0558 | valid1 NMSE : 0.0082 | valid1 RMSE : 0.0000
[2025-07-29 15:00:53,091][__main__][INFO] - Step 1000 | valid1 MSE : 0.0045 | valid1 MAE : 0.0537 | valid1 NMSE : 0.0077 | valid1 RMSE : 0.0000
[2025-07-29 15:01:02,380][__main__][INFO] - Step 1100 | valid1 MSE : 0.0056 | valid1 MAE : 0.0593 | valid1 NMSE : 0.0095 | valid1 RMSE : 0.0000
[2025-07-29 15:01:11,409][__main__][INFO] - Step 1200 | valid1 MSE : 0.0043 | valid1 MAE : 0.0522 | valid1 NMSE : 0.0073 | valid1 RMSE : 0.0000
[2025-07-29 15:01:20,534][__main__][INFO] - Step 1300 | valid1 MSE : 0.0046 | valid1 MAE : 0.0541 | valid1 NMSE : 0.0079 | valid1 RMSE : 0.0000
[2025-07-29 15:01:29,638][__main__][INFO] - Step 1400 | valid1 MSE : 0.0055 | valid1 MAE : 0.0596 | valid1 NMSE : 0.0093 | valid1 RMSE : 0.0000
[2025-07-29 15:01:38,697][__main__][INFO] - Step 1500 | valid1 MSE : 0.0042 | valid1 MAE : 0.0518 | valid1 NMSE : 0.0071 | valid1 RMSE : 0.0000
[2025-07-29 15:01:47,904][__main__][INFO] - Step 1600 | valid1 MSE : 0.0040 | valid1 MAE : 0.0501 | valid1 NMSE : 0.0067 | valid1 RMSE : 0.0000
[2025-07-29 15:01:56,964][__main__][INFO] - Step 1700 | valid1 MSE : 0.0049 | valid1 MAE : 0.0558 | valid1 NMSE : 0.0084 | valid1 RMSE : 0.0000
[2025-07-29 15:02:06,068][__main__][INFO] - Step 1800 | valid1 MSE : 0.0046 | valid1 MAE : 0.0543 | valid1 NMSE : 0.0078 | valid1 RMSE : 0.0000
[2025-07-29 15:02:15,153][__main__][INFO] - Step 1900 | valid1 MSE : 0.0045 | valid1 MAE : 0.0535 | valid1 NMSE : 0.0076 | valid1 RMSE : 0.0000
[2025-07-29 15:02:24,183][__main__][INFO] - Step 2000 | valid1 MSE : 0.0044 | valid1 MAE : 0.0530 | valid1 NMSE : 0.0074 | valid1 RMSE : 0.0000
[2025-07-29 15:02:33,423][__main__][INFO] - Step 2100 | valid1 MSE : 0.0045 | valid1 MAE : 0.0537 | valid1 NMSE : 0.0077 | valid1 RMSE : 0.0000
[2025-07-29 15:02:33,423][__main__][INFO] - Training done in 3.335 min
[2025-07-29 15:02:33,423][__main__][INFO] - Average time per step: 0.095 s
[2025-07-29 15:02:33,451][__main__][INFO] - End of training
[2025-07-29 15:02:34,756][__main__][INFO] - Plotted losses
[2025-07-29 15:02:34,757][__main__][INFO] - Computing test metrics
[2025-07-29 15:02:35,851][__main__][INFO] - Evaluation done in 0.018 min
[2025-07-29 15:02:37,095][__main__][INFO] - Evaluation done in 0.014 min
[2025-07-29 15:02:40,891][__main__][INFO] - Saved plots
[2025-07-29 15:02:40,891][__main__][INFO] - End of script

[2025-07-29 15:02:49,371][__main__][INFO] - =====Running main script=====
[2025-07-29 15:02:49,377][__main__][INFO] - Fetched main configs, save directory : ../outputs/benchmark_min_1/seed_4/PatchTST_revin/
[2025-07-29 15:02:49,377][__main__][INFO] - Model PatchTST, normalization revin, criterion MSE, kwargs {}
[2025-07-29 15:02:49,421][__main__][INFO] - Fetched dataloaders
[2025-07-29 15:02:49,424][__main__][INFO] - Training data shape : (70, 1, 1000)
[2025-07-29 15:02:49,425][__main__][INFO] - Batch sizes : X=torch.Size([10, 1, 100]), y=torch.Size([10, 1, 20])
[2025-07-29 15:02:52,876][__main__][INFO] - batch_size=10, learning_rate=0.0001, steps per epoch=7, epochs=300
[2025-07-29 15:02:52,876][__main__][INFO] - Starting training...
[2025-07-29 15:02:52,876][__main__][INFO] - Using device: cuda
[2025-07-29 15:02:52,876][__main__][INFO] - Training 300 epochs of 7 batches (2100 steps): , eval_freq: 100, print_freq: 100
[2025-07-29 15:03:01,380][__main__][INFO] - Step 1 | valid1 MSE : 0.8313 | valid1 MAE : 0.7476 | valid1 NMSE : 1.4069 | valid1 RMSE : 0.0016
[2025-07-29 15:03:10,729][__main__][INFO] - Step 100 | valid1 MSE : 0.0058 | valid1 MAE : 0.0605 | valid1 NMSE : 0.0098 | valid1 RMSE : 0.0000
[2025-07-29 15:03:19,771][__main__][INFO] - Step 200 | valid1 MSE : 0.0058 | valid1 MAE : 0.0608 | valid1 NMSE : 0.0099 | valid1 RMSE : 0.0000
[2025-07-29 15:03:28,860][__main__][INFO] - Step 300 | valid1 MSE : 0.0053 | valid1 MAE : 0.0582 | valid1 NMSE : 0.0090 | valid1 RMSE : 0.0000
[2025-07-29 15:03:37,938][__main__][INFO] - Step 400 | valid1 MSE : 0.0049 | valid1 MAE : 0.0557 | valid1 NMSE : 0.0082 | valid1 RMSE : 0.0000
[2025-07-29 15:03:46,995][__main__][INFO] - Step 500 | valid1 MSE : 0.0048 | valid1 MAE : 0.0552 | valid1 NMSE : 0.0081 | valid1 RMSE : 0.0000
[2025-07-29 15:03:56,242][__main__][INFO] - Step 600 | valid1 MSE : 0.0046 | valid1 MAE : 0.0545 | valid1 NMSE : 0.0079 | valid1 RMSE : 0.0000
[2025-07-29 15:04:05,311][__main__][INFO] - Step 700 | valid1 MSE : 0.0048 | valid1 MAE : 0.0555 | valid1 NMSE : 0.0081 | valid1 RMSE : 0.0000
[2025-07-29 15:04:14,363][__main__][INFO] - Step 800 | valid1 MSE : 0.0048 | valid1 MAE : 0.0552 | valid1 NMSE : 0.0081 | valid1 RMSE : 0.0000
[2025-07-29 15:04:23,410][__main__][INFO] - Step 900 | valid1 MSE : 0.0046 | valid1 MAE : 0.0545 | valid1 NMSE : 0.0079 | valid1 RMSE : 0.0000
[2025-07-29 15:04:32,447][__main__][INFO] - Step 1000 | valid1 MSE : 0.0043 | valid1 MAE : 0.0524 | valid1 NMSE : 0.0073 | valid1 RMSE : 0.0000
[2025-07-29 15:04:41,658][__main__][INFO] - Step 1100 | valid1 MSE : 0.0052 | valid1 MAE : 0.0569 | valid1 NMSE : 0.0087 | valid1 RMSE : 0.0000
[2025-07-29 15:04:50,703][__main__][INFO] - Step 1200 | valid1 MSE : 0.0042 | valid1 MAE : 0.0515 | valid1 NMSE : 0.0071 | valid1 RMSE : 0.0000
[2025-07-29 15:04:59,727][__main__][INFO] - Step 1300 | valid1 MSE : 0.0046 | valid1 MAE : 0.0542 | valid1 NMSE : 0.0079 | valid1 RMSE : 0.0000
[2025-07-29 15:05:08,789][__main__][INFO] - Step 1400 | valid1 MSE : 0.0051 | valid1 MAE : 0.0574 | valid1 NMSE : 0.0087 | valid1 RMSE : 0.0000
[2025-07-29 15:05:17,844][__main__][INFO] - Step 1500 | valid1 MSE : 0.0039 | valid1 MAE : 0.0500 | valid1 NMSE : 0.0067 | valid1 RMSE : 0.0000
[2025-07-29 15:05:27,020][__main__][INFO] - Step 1600 | valid1 MSE : 0.0038 | valid1 MAE : 0.0493 | valid1 NMSE : 0.0065 | valid1 RMSE : 0.0000
[2025-07-29 15:05:36,028][__main__][INFO] - Step 1700 | valid1 MSE : 0.0047 | valid1 MAE : 0.0544 | valid1 NMSE : 0.0079 | valid1 RMSE : 0.0000
[2025-07-29 15:05:45,172][__main__][INFO] - Step 1800 | valid1 MSE : 0.0044 | valid1 MAE : 0.0529 | valid1 NMSE : 0.0074 | valid1 RMSE : 0.0000
[2025-07-29 15:05:54,065][__main__][INFO] - Step 1900 | valid1 MSE : 0.0042 | valid1 MAE : 0.0519 | valid1 NMSE : 0.0072 | valid1 RMSE : 0.0000
[2025-07-29 15:06:02,994][__main__][INFO] - Step 2000 | valid1 MSE : 0.0041 | valid1 MAE : 0.0511 | valid1 NMSE : 0.0069 | valid1 RMSE : 0.0000
[2025-07-29 15:06:11,901][__main__][INFO] - Step 2100 | valid1 MSE : 0.0042 | valid1 MAE : 0.0517 | valid1 NMSE : 0.0071 | valid1 RMSE : 0.0000
[2025-07-29 15:06:11,901][__main__][INFO] - Training done in 3.317 min
[2025-07-29 15:06:11,901][__main__][INFO] - Average time per step: 0.095 s
[2025-07-29 15:06:11,934][__main__][INFO] - End of training
[2025-07-29 15:06:13,381][__main__][INFO] - Plotted losses
[2025-07-29 15:06:13,381][__main__][INFO] - Computing test metrics
[2025-07-29 15:06:14,446][__main__][INFO] - Evaluation done in 0.018 min
[2025-07-29 15:06:15,828][__main__][INFO] - Evaluation done in 0.017 min
[2025-07-29 15:06:19,392][__main__][INFO] - Saved plots
[2025-07-29 15:06:19,392][__main__][INFO] - Final mIN parameters: {'beta': np.float32(-0.009742125), 'alpha': np.float32(1.0933455)}
[2025-07-29 15:06:19,392][__main__][INFO] - End of script

[2025-07-29 15:06:27,344][__main__][INFO] - =====Running main script=====
[2025-07-29 15:06:27,350][__main__][INFO] - Fetched main configs, save directory : ../outputs/benchmark_min_1/seed_4/default/
[2025-07-29 15:06:27,350][__main__][INFO] - Model PatchTST, normalization mIN, criterion MSE, kwargs {}
[2025-07-29 15:06:27,395][__main__][INFO] - Fetched dataloaders
[2025-07-29 15:06:27,399][__main__][INFO] - Training data shape : (70, 1, 1000)
[2025-07-29 15:06:27,399][__main__][INFO] - Batch sizes : X=torch.Size([10, 1, 100]), y=torch.Size([10, 1, 20])
[2025-07-29 15:06:30,545][__main__][INFO] - batch_size=10, learning_rate=0.0001, steps per epoch=7, epochs=300
[2025-07-29 15:06:30,546][__main__][INFO] - Starting training...
[2025-07-29 15:06:30,546][__main__][INFO] - Using device: cuda
[2025-07-29 15:06:30,546][__main__][INFO] - Training 300 epochs of 7 batches (2100 steps): , eval_freq: 100, print_freq: 100
[2025-07-29 15:06:38,793][__main__][INFO] - Step 1 | valid1 MSE : 0.8313 | valid1 MAE : 0.7476 | valid1 NMSE : 1.4069 | valid1 RMSE : 0.0016
[2025-07-29 15:06:47,662][__main__][INFO] - Step 100 | valid1 MSE : 0.0058 | valid1 MAE : 0.0606 | valid1 NMSE : 0.0098 | valid1 RMSE : 0.0000
[2025-07-29 15:06:56,354][__main__][INFO] - Step 200 | valid1 MSE : 0.0059 | valid1 MAE : 0.0608 | valid1 NMSE : 0.0099 | valid1 RMSE : 0.0000
[2025-07-29 15:07:05,059][__main__][INFO] - Step 300 | valid1 MSE : 0.0053 | valid1 MAE : 0.0582 | valid1 NMSE : 0.0090 | valid1 RMSE : 0.0000
[2025-07-29 15:07:13,882][__main__][INFO] - Step 400 | valid1 MSE : 0.0049 | valid1 MAE : 0.0558 | valid1 NMSE : 0.0082 | valid1 RMSE : 0.0000
[2025-07-29 15:07:22,640][__main__][INFO] - Step 500 | valid1 MSE : 0.0048 | valid1 MAE : 0.0553 | valid1 NMSE : 0.0081 | valid1 RMSE : 0.0000
[2025-07-29 15:07:31,349][__main__][INFO] - Step 600 | valid1 MSE : 0.0046 | valid1 MAE : 0.0545 | valid1 NMSE : 0.0079 | valid1 RMSE : 0.0000
[2025-07-29 15:07:40,051][__main__][INFO] - Step 700 | valid1 MSE : 0.0048 | valid1 MAE : 0.0555 | valid1 NMSE : 0.0082 | valid1 RMSE : 0.0000
[2025-07-29 15:07:49,014][__main__][INFO] - Step 800 | valid1 MSE : 0.0048 | valid1 MAE : 0.0554 | valid1 NMSE : 0.0082 | valid1 RMSE : 0.0000
[2025-07-29 15:07:57,815][__main__][INFO] - Step 900 | valid1 MSE : 0.0047 | valid1 MAE : 0.0546 | valid1 NMSE : 0.0079 | valid1 RMSE : 0.0000
[2025-07-29 15:08:06,584][__main__][INFO] - Step 1000 | valid1 MSE : 0.0043 | valid1 MAE : 0.0525 | valid1 NMSE : 0.0073 | valid1 RMSE : 0.0000
[2025-07-29 15:08:15,504][__main__][INFO] - Step 1100 | valid1 MSE : 0.0052 | valid1 MAE : 0.0569 | valid1 NMSE : 0.0087 | valid1 RMSE : 0.0000
[2025-07-29 15:08:24,266][__main__][INFO] - Step 1200 | valid1 MSE : 0.0042 | valid1 MAE : 0.0515 | valid1 NMSE : 0.0071 | valid1 RMSE : 0.0000
[2025-07-29 15:08:33,162][__main__][INFO] - Step 1300 | valid1 MSE : 0.0047 | valid1 MAE : 0.0544 | valid1 NMSE : 0.0080 | valid1 RMSE : 0.0000
[2025-07-29 15:08:41,924][__main__][INFO] - Step 1400 | valid1 MSE : 0.0051 | valid1 MAE : 0.0572 | valid1 NMSE : 0.0086 | valid1 RMSE : 0.0000
[2025-07-29 15:08:50,679][__main__][INFO] - Step 1500 | valid1 MSE : 0.0039 | valid1 MAE : 0.0499 | valid1 NMSE : 0.0066 | valid1 RMSE : 0.0000
[2025-07-29 15:08:59,407][__main__][INFO] - Step 1600 | valid1 MSE : 0.0039 | valid1 MAE : 0.0495 | valid1 NMSE : 0.0066 | valid1 RMSE : 0.0000
[2025-07-29 15:09:08,154][__main__][INFO] - Step 1700 | valid1 MSE : 0.0047 | valid1 MAE : 0.0545 | valid1 NMSE : 0.0080 | valid1 RMSE : 0.0000
[2025-07-29 15:09:17,075][__main__][INFO] - Step 1800 | valid1 MSE : 0.0044 | valid1 MAE : 0.0529 | valid1 NMSE : 0.0074 | valid1 RMSE : 0.0000
[2025-07-29 15:09:25,807][__main__][INFO] - Step 1900 | valid1 MSE : 0.0042 | valid1 MAE : 0.0518 | valid1 NMSE : 0.0072 | valid1 RMSE : 0.0000
[2025-07-29 15:09:34,625][__main__][INFO] - Step 2000 | valid1 MSE : 0.0041 | valid1 MAE : 0.0511 | valid1 NMSE : 0.0069 | valid1 RMSE : 0.0000
[2025-07-29 15:09:43,391][__main__][INFO] - Step 2100 | valid1 MSE : 0.0042 | valid1 MAE : 0.0516 | valid1 NMSE : 0.0071 | valid1 RMSE : 0.0000
[2025-07-29 15:09:43,391][__main__][INFO] - Training done in 3.214 min
[2025-07-29 15:09:43,391][__main__][INFO] - Average time per step: 0.092 s
[2025-07-29 15:09:43,418][__main__][INFO] - End of training
[2025-07-29 15:09:44,845][__main__][INFO] - Plotted losses
[2025-07-29 15:09:44,845][__main__][INFO] - Computing test metrics
[2025-07-29 15:09:46,050][__main__][INFO] - Evaluation done in 0.020 min
[2025-07-29 15:09:47,307][__main__][INFO] - Evaluation done in 0.014 min
[2025-07-29 15:09:50,772][__main__][INFO] - Saved plots
[2025-07-29 15:09:50,772][__main__][INFO] - Final mIN parameters: {'beta': np.float32(0.010046562), 'alpha': np.float32(0.9016393)}
[2025-07-29 15:09:50,773][__main__][INFO] - End of script

[2025-07-29 15:09:58,778][__main__][INFO] - =====Running main script=====
[2025-07-29 15:09:58,785][__main__][INFO] - Fetched main configs, save directory : ../outputs/benchmark_min_1/seed_4/init/
[2025-07-29 15:09:58,785][__main__][INFO] - Model PatchTST, normalization mIN, criterion MSE, kwargs {}
[2025-07-29 15:09:58,831][__main__][INFO] - Fetched dataloaders
[2025-07-29 15:09:58,835][__main__][INFO] - Training data shape : (70, 1, 1000)
[2025-07-29 15:09:58,835][__main__][INFO] - Batch sizes : X=torch.Size([10, 1, 100]), y=torch.Size([10, 1, 20])
[2025-07-29 15:10:01,896][__main__][INFO] - batch_size=10, learning_rate=0.0001, steps per epoch=7, epochs=300
[2025-07-29 15:10:01,896][__main__][INFO] - Starting training...
[2025-07-29 15:10:01,896][__main__][INFO] - Using device: cuda
[2025-07-29 15:10:01,896][__main__][INFO] - Training 300 epochs of 7 batches (2100 steps): , eval_freq: 100, print_freq: 100
[2025-07-29 15:10:10,119][__main__][INFO] - Step 1 | valid1 MSE : 0.4799 | valid1 MAE : 0.6055 | valid1 NMSE : 0.8116 | valid1 RMSE : 0.0009
[2025-07-29 15:10:18,980][__main__][INFO] - Step 100 | valid1 MSE : 0.0054 | valid1 MAE : 0.0583 | valid1 NMSE : 0.0091 | valid1 RMSE : 0.0000
[2025-07-29 15:10:27,532][__main__][INFO] - Step 200 | valid1 MSE : 0.0050 | valid1 MAE : 0.0563 | valid1 NMSE : 0.0085 | valid1 RMSE : 0.0000
[2025-07-29 15:10:36,303][__main__][INFO] - Step 300 | valid1 MSE : 0.0046 | valid1 MAE : 0.0543 | valid1 NMSE : 0.0078 | valid1 RMSE : 0.0000
[2025-07-29 15:10:45,043][__main__][INFO] - Step 400 | valid1 MSE : 0.0046 | valid1 MAE : 0.0543 | valid1 NMSE : 0.0078 | valid1 RMSE : 0.0000
[2025-07-29 15:10:53,932][__main__][INFO] - Step 500 | valid1 MSE : 0.0042 | valid1 MAE : 0.0516 | valid1 NMSE : 0.0071 | valid1 RMSE : 0.0000
[2025-07-29 15:11:02,618][__main__][INFO] - Step 600 | valid1 MSE : 0.0042 | valid1 MAE : 0.0518 | valid1 NMSE : 0.0071 | valid1 RMSE : 0.0000
[2025-07-29 15:11:11,279][__main__][INFO] - Step 700 | valid1 MSE : 0.0040 | valid1 MAE : 0.0502 | valid1 NMSE : 0.0067 | valid1 RMSE : 0.0000
[2025-07-29 15:11:19,945][__main__][INFO] - Step 800 | valid1 MSE : 0.0040 | valid1 MAE : 0.0504 | valid1 NMSE : 0.0069 | valid1 RMSE : 0.0000
[2025-07-29 15:11:28,777][__main__][INFO] - Step 900 | valid1 MSE : 0.0044 | valid1 MAE : 0.0531 | valid1 NMSE : 0.0075 | valid1 RMSE : 0.0000
[2025-07-29 15:11:37,516][__main__][INFO] - Step 1000 | valid1 MSE : 0.0041 | valid1 MAE : 0.0509 | valid1 NMSE : 0.0069 | valid1 RMSE : 0.0000
[2025-07-29 15:11:46,127][__main__][INFO] - Step 1100 | valid1 MSE : 0.0045 | valid1 MAE : 0.0533 | valid1 NMSE : 0.0075 | valid1 RMSE : 0.0000
[2025-07-29 15:11:54,790][__main__][INFO] - Step 1200 | valid1 MSE : 0.0037 | valid1 MAE : 0.0486 | valid1 NMSE : 0.0063 | valid1 RMSE : 0.0000
[2025-07-29 15:12:03,449][__main__][INFO] - Step 1300 | valid1 MSE : 0.0038 | valid1 MAE : 0.0491 | valid1 NMSE : 0.0064 | valid1 RMSE : 0.0000
[2025-07-29 15:12:12,220][__main__][INFO] - Step 1400 | valid1 MSE : 0.0048 | valid1 MAE : 0.0550 | valid1 NMSE : 0.0081 | valid1 RMSE : 0.0000
[2025-07-29 15:12:20,928][__main__][INFO] - Step 1500 | valid1 MSE : 0.0037 | valid1 MAE : 0.0483 | valid1 NMSE : 0.0062 | valid1 RMSE : 0.0000
[2025-07-29 15:12:29,527][__main__][INFO] - Step 1600 | valid1 MSE : 0.0035 | valid1 MAE : 0.0469 | valid1 NMSE : 0.0059 | valid1 RMSE : 0.0000
[2025-07-29 15:12:38,210][__main__][INFO] - Step 1700 | valid1 MSE : 0.0039 | valid1 MAE : 0.0499 | valid1 NMSE : 0.0066 | valid1 RMSE : 0.0000
[2025-07-29 15:12:46,836][__main__][INFO] - Step 1800 | valid1 MSE : 0.0038 | valid1 MAE : 0.0489 | valid1 NMSE : 0.0064 | valid1 RMSE : 0.0000
[2025-07-29 15:12:55,649][__main__][INFO] - Step 1900 | valid1 MSE : 0.0036 | valid1 MAE : 0.0476 | valid1 NMSE : 0.0060 | valid1 RMSE : 0.0000
[2025-07-29 15:13:04,368][__main__][INFO] - Step 2000 | valid1 MSE : 0.0039 | valid1 MAE : 0.0500 | valid1 NMSE : 0.0066 | valid1 RMSE : 0.0000
[2025-07-29 15:13:13,059][__main__][INFO] - Step 2100 | valid1 MSE : 0.0040 | valid1 MAE : 0.0506 | valid1 NMSE : 0.0068 | valid1 RMSE : 0.0000
[2025-07-29 15:13:13,059][__main__][INFO] - Training done in 3.186 min
[2025-07-29 15:13:13,059][__main__][INFO] - Average time per step: 0.091 s
[2025-07-29 15:13:13,087][__main__][INFO] - End of training
[2025-07-29 15:13:14,504][__main__][INFO] - Plotted losses
[2025-07-29 15:13:14,504][__main__][INFO] - Computing test metrics
[2025-07-29 15:13:15,732][__main__][INFO] - Evaluation done in 0.020 min
[2025-07-29 15:13:16,977][__main__][INFO] - Evaluation done in 0.014 min
[2025-07-29 15:13:20,411][__main__][INFO] - Saved plots
[2025-07-29 15:13:20,411][__main__][INFO] - Final mIN parameters: {'beta': np.float32(0.77188575), 'alpha': np.float32(0.8598748)}
[2025-07-29 15:13:20,411][__main__][INFO] - End of script

[2025-07-29 15:13:28,427][__main__][INFO] - =====Running main script=====
[2025-07-29 15:13:28,434][__main__][INFO] - Fetched main configs, save directory : ../outputs/benchmark_min_1/seed_4/fixed/
[2025-07-29 15:13:28,434][__main__][INFO] - Model PatchTST, normalization mIN, criterion MSE, kwargs {}
[2025-07-29 15:13:28,479][__main__][INFO] - Fetched dataloaders
[2025-07-29 15:13:28,482][__main__][INFO] - Training data shape : (70, 1, 1000)
[2025-07-29 15:13:28,483][__main__][INFO] - Batch sizes : X=torch.Size([10, 1, 100]), y=torch.Size([10, 1, 20])
[2025-07-29 15:13:31,651][__main__][INFO] - batch_size=10, learning_rate=0.0001, steps per epoch=7, epochs=300
[2025-07-29 15:13:31,651][__main__][INFO] - Starting training...
[2025-07-29 15:13:31,652][__main__][INFO] - Using device: cuda
[2025-07-29 15:13:31,652][__main__][INFO] - Training 300 epochs of 7 batches (2100 steps): , eval_freq: 100, print_freq: 100
[2025-07-29 15:13:39,926][__main__][INFO] - Step 1 | valid1 MSE : 0.4799 | valid1 MAE : 0.6055 | valid1 NMSE : 0.8116 | valid1 RMSE : 0.0009
[2025-07-29 15:13:48,816][__main__][INFO] - Step 100 | valid1 MSE : 0.0054 | valid1 MAE : 0.0586 | valid1 NMSE : 0.0092 | valid1 RMSE : 0.0000
[2025-07-29 15:13:57,573][__main__][INFO] - Step 200 | valid1 MSE : 0.0051 | valid1 MAE : 0.0567 | valid1 NMSE : 0.0086 | valid1 RMSE : 0.0000
[2025-07-29 15:14:06,495][__main__][INFO] - Step 300 | valid1 MSE : 0.0047 | valid1 MAE : 0.0549 | valid1 NMSE : 0.0080 | valid1 RMSE : 0.0000
[2025-07-29 15:14:15,298][__main__][INFO] - Step 400 | valid1 MSE : 0.0047 | valid1 MAE : 0.0549 | valid1 NMSE : 0.0080 | valid1 RMSE : 0.0000
[2025-07-29 15:14:24,171][__main__][INFO] - Step 500 | valid1 MSE : 0.0043 | valid1 MAE : 0.0521 | valid1 NMSE : 0.0072 | valid1 RMSE : 0.0000
[2025-07-29 15:14:32,908][__main__][INFO] - Step 600 | valid1 MSE : 0.0043 | valid1 MAE : 0.0524 | valid1 NMSE : 0.0073 | valid1 RMSE : 0.0000
[2025-07-29 15:14:41,664][__main__][INFO] - Step 700 | valid1 MSE : 0.0041 | valid1 MAE : 0.0509 | valid1 NMSE : 0.0069 | valid1 RMSE : 0.0000
[2025-07-29 15:14:50,403][__main__][INFO] - Step 800 | valid1 MSE : 0.0041 | valid1 MAE : 0.0509 | valid1 NMSE : 0.0070 | valid1 RMSE : 0.0000
[2025-07-29 15:14:59,316][__main__][INFO] - Step 900 | valid1 MSE : 0.0046 | valid1 MAE : 0.0545 | valid1 NMSE : 0.0079 | valid1 RMSE : 0.0000
[2025-07-29 15:15:08,126][__main__][INFO] - Step 1000 | valid1 MSE : 0.0042 | valid1 MAE : 0.0518 | valid1 NMSE : 0.0072 | valid1 RMSE : 0.0000
[2025-07-29 15:15:16,884][__main__][INFO] - Step 1100 | valid1 MSE : 0.0048 | valid1 MAE : 0.0554 | valid1 NMSE : 0.0081 | valid1 RMSE : 0.0000
[2025-07-29 15:15:25,645][__main__][INFO] - Step 1200 | valid1 MSE : 0.0038 | valid1 MAE : 0.0495 | valid1 NMSE : 0.0065 | valid1 RMSE : 0.0000
[2025-07-29 15:15:34,350][__main__][INFO] - Step 1300 | valid1 MSE : 0.0037 | valid1 MAE : 0.0486 | valid1 NMSE : 0.0063 | valid1 RMSE : 0.0000
[2025-07-29 15:15:43,237][__main__][INFO] - Step 1400 | valid1 MSE : 0.0051 | valid1 MAE : 0.0566 | valid1 NMSE : 0.0086 | valid1 RMSE : 0.0000
[2025-07-29 15:15:52,067][__main__][INFO] - Step 1500 | valid1 MSE : 0.0039 | valid1 MAE : 0.0497 | valid1 NMSE : 0.0065 | valid1 RMSE : 0.0000
[2025-07-29 15:16:00,815][__main__][INFO] - Step 1600 | valid1 MSE : 0.0036 | valid1 MAE : 0.0477 | valid1 NMSE : 0.0061 | valid1 RMSE : 0.0000
[2025-07-29 15:16:09,569][__main__][INFO] - Step 1700 | valid1 MSE : 0.0042 | valid1 MAE : 0.0514 | valid1 NMSE : 0.0071 | valid1 RMSE : 0.0000
[2025-07-29 15:16:18,359][__main__][INFO] - Step 1800 | valid1 MSE : 0.0039 | valid1 MAE : 0.0499 | valid1 NMSE : 0.0067 | valid1 RMSE : 0.0000
[2025-07-29 15:16:27,230][__main__][INFO] - Step 1900 | valid1 MSE : 0.0036 | valid1 MAE : 0.0481 | valid1 NMSE : 0.0062 | valid1 RMSE : 0.0000
[2025-07-29 15:16:36,035][__main__][INFO] - Step 2000 | valid1 MSE : 0.0041 | valid1 MAE : 0.0515 | valid1 NMSE : 0.0070 | valid1 RMSE : 0.0000
[2025-07-29 15:16:44,765][__main__][INFO] - Step 2100 | valid1 MSE : 0.0044 | valid1 MAE : 0.0526 | valid1 NMSE : 0.0074 | valid1 RMSE : 0.0000
[2025-07-29 15:16:44,766][__main__][INFO] - Training done in 3.219 min
[2025-07-29 15:16:44,766][__main__][INFO] - Average time per step: 0.092 s
[2025-07-29 15:16:44,798][__main__][INFO] - End of training
[2025-07-29 15:16:46,217][__main__][INFO] - Plotted losses
[2025-07-29 15:16:46,217][__main__][INFO] - Computing test metrics
[2025-07-29 15:16:47,449][__main__][INFO] - Evaluation done in 0.021 min
[2025-07-29 15:16:48,693][__main__][INFO] - Evaluation done in 0.014 min
[2025-07-29 15:16:52,180][__main__][INFO] - Saved plots
[2025-07-29 15:16:52,180][__main__][INFO] - Final mIN parameters: {'beta': np.float32(0.77), 'alpha': np.float32(0.95)}
[2025-07-29 15:16:52,180][__main__][INFO] - End of script

[2025-07-29 15:17:00,294][__main__][INFO] - =====Running main script=====
[2025-07-29 15:17:00,301][__main__][INFO] - Fetched main configs, save directory : ../outputs/benchmark_min_1/seed_4/default_gamma/
[2025-07-29 15:17:00,301][__main__][INFO] - Model PatchTST, normalization mIN, criterion MSE, kwargs {}
[2025-07-29 15:17:00,347][__main__][INFO] - Fetched dataloaders
[2025-07-29 15:17:00,351][__main__][INFO] - Training data shape : (70, 1, 1000)
[2025-07-29 15:17:00,351][__main__][INFO] - Batch sizes : X=torch.Size([10, 1, 100]), y=torch.Size([10, 1, 20])
[2025-07-29 15:17:03,591][__main__][INFO] - batch_size=10, learning_rate=0.0001, steps per epoch=7, epochs=300
[2025-07-29 15:17:03,591][__main__][INFO] - Starting training...
[2025-07-29 15:17:03,591][__main__][INFO] - Using device: cuda
[2025-07-29 15:17:03,592][__main__][INFO] - Training 300 epochs of 7 batches (2100 steps): , eval_freq: 100, print_freq: 100
[2025-07-29 15:17:11,958][__main__][INFO] - Step 1 | valid1 MSE : 0.8312 | valid1 MAE : 0.7476 | valid1 NMSE : 1.4067 | valid1 RMSE : 0.0016
[2025-07-29 15:17:20,944][__main__][INFO] - Step 100 | valid1 MSE : 0.0057 | valid1 MAE : 0.0603 | valid1 NMSE : 0.0097 | valid1 RMSE : 0.0000
[2025-07-29 15:17:29,821][__main__][INFO] - Step 200 | valid1 MSE : 0.0058 | valid1 MAE : 0.0604 | valid1 NMSE : 0.0098 | valid1 RMSE : 0.0000
[2025-07-29 15:17:38,667][__main__][INFO] - Step 300 | valid1 MSE : 0.0052 | valid1 MAE : 0.0577 | valid1 NMSE : 0.0088 | valid1 RMSE : 0.0000
[2025-07-29 15:17:47,665][__main__][INFO] - Step 400 | valid1 MSE : 0.0048 | valid1 MAE : 0.0551 | valid1 NMSE : 0.0080 | valid1 RMSE : 0.0000
[2025-07-29 15:17:56,514][__main__][INFO] - Step 500 | valid1 MSE : 0.0047 | valid1 MAE : 0.0548 | valid1 NMSE : 0.0080 | valid1 RMSE : 0.0000
[2025-07-29 15:18:05,424][__main__][INFO] - Step 600 | valid1 MSE : 0.0045 | valid1 MAE : 0.0537 | valid1 NMSE : 0.0077 | valid1 RMSE : 0.0000
[2025-07-29 15:18:14,299][__main__][INFO] - Step 700 | valid1 MSE : 0.0047 | valid1 MAE : 0.0549 | valid1 NMSE : 0.0080 | valid1 RMSE : 0.0000
[2025-07-29 15:18:23,293][__main__][INFO] - Step 800 | valid1 MSE : 0.0047 | valid1 MAE : 0.0546 | valid1 NMSE : 0.0079 | valid1 RMSE : 0.0000
[2025-07-29 15:18:32,317][__main__][INFO] - Step 900 | valid1 MSE : 0.0045 | valid1 MAE : 0.0537 | valid1 NMSE : 0.0076 | valid1 RMSE : 0.0000
[2025-07-29 15:18:41,293][__main__][INFO] - Step 1000 | valid1 MSE : 0.0041 | valid1 MAE : 0.0512 | valid1 NMSE : 0.0070 | valid1 RMSE : 0.0000
[2025-07-29 15:18:50,175][__main__][INFO] - Step 1100 | valid1 MSE : 0.0048 | valid1 MAE : 0.0548 | valid1 NMSE : 0.0081 | valid1 RMSE : 0.0000
[2025-07-29 15:18:59,064][__main__][INFO] - Step 1200 | valid1 MSE : 0.0041 | valid1 MAE : 0.0510 | valid1 NMSE : 0.0069 | valid1 RMSE : 0.0000
[2025-07-29 15:19:08,027][__main__][INFO] - Step 1300 | valid1 MSE : 0.0046 | valid1 MAE : 0.0540 | valid1 NMSE : 0.0078 | valid1 RMSE : 0.0000
[2025-07-29 15:19:16,853][__main__][INFO] - Step 1400 | valid1 MSE : 0.0047 | valid1 MAE : 0.0552 | valid1 NMSE : 0.0080 | valid1 RMSE : 0.0000
[2025-07-29 15:19:25,751][__main__][INFO] - Step 1500 | valid1 MSE : 0.0038 | valid1 MAE : 0.0489 | valid1 NMSE : 0.0064 | valid1 RMSE : 0.0000
[2025-07-29 15:19:34,641][__main__][INFO] - Step 1600 | valid1 MSE : 0.0038 | valid1 MAE : 0.0488 | valid1 NMSE : 0.0064 | valid1 RMSE : 0.0000
[2025-07-29 15:19:43,477][__main__][INFO] - Step 1700 | valid1 MSE : 0.0045 | valid1 MAE : 0.0533 | valid1 NMSE : 0.0076 | valid1 RMSE : 0.0000
[2025-07-29 15:19:52,522][__main__][INFO] - Step 1800 | valid1 MSE : 0.0042 | valid1 MAE : 0.0518 | valid1 NMSE : 0.0071 | valid1 RMSE : 0.0000
[2025-07-29 15:20:01,407][__main__][INFO] - Step 1900 | valid1 MSE : 0.0040 | valid1 MAE : 0.0506 | valid1 NMSE : 0.0068 | valid1 RMSE : 0.0000
[2025-07-29 15:20:10,299][__main__][INFO] - Step 2000 | valid1 MSE : 0.0039 | valid1 MAE : 0.0500 | valid1 NMSE : 0.0066 | valid1 RMSE : 0.0000
[2025-07-29 15:20:19,167][__main__][INFO] - Step 2100 | valid1 MSE : 0.0040 | valid1 MAE : 0.0502 | valid1 NMSE : 0.0067 | valid1 RMSE : 0.0000
[2025-07-29 15:20:19,168][__main__][INFO] - Training done in 3.260 min
[2025-07-29 15:20:19,168][__main__][INFO] - Average time per step: 0.093 s
[2025-07-29 15:20:19,199][__main__][INFO] - End of training
[2025-07-29 15:20:20,685][__main__][INFO] - Plotted losses
[2025-07-29 15:20:20,685][__main__][INFO] - Computing test metrics
[2025-07-29 15:20:21,914][__main__][INFO] - Evaluation done in 0.020 min
[2025-07-29 15:20:23,162][__main__][INFO] - Evaluation done in 0.014 min
[2025-07-29 15:20:26,670][__main__][INFO] - Saved plots
[2025-07-29 15:20:26,671][__main__][INFO] - Final mIN parameters: {'beta': np.float32(0.01007492), 'alpha': np.float32(0.9067447)}
[2025-07-29 15:20:26,671][__main__][INFO] - End of script

[2025-07-29 15:20:35,685][__main__][INFO] - =====Running main script=====
[2025-07-29 15:20:35,693][__main__][INFO] - Fetched main configs, save directory : ../outputs/benchmark_min_1/seed_4/init_gamma/
[2025-07-29 15:20:35,693][__main__][INFO] - Model PatchTST, normalization mIN, criterion MSE, kwargs {}
[2025-07-29 15:20:35,748][__main__][INFO] - Fetched dataloaders
[2025-07-29 15:20:35,752][__main__][INFO] - Training data shape : (70, 1, 1000)
[2025-07-29 15:20:35,752][__main__][INFO] - Batch sizes : X=torch.Size([10, 1, 100]), y=torch.Size([10, 1, 20])
[2025-07-29 15:20:39,393][__main__][INFO] - batch_size=10, learning_rate=0.0001, steps per epoch=7, epochs=300
[2025-07-29 15:20:39,394][__main__][INFO] - Starting training...
[2025-07-29 15:20:39,394][__main__][INFO] - Using device: cuda
[2025-07-29 15:20:39,394][__main__][INFO] - Training 300 epochs of 7 batches (2100 steps): , eval_freq: 100, print_freq: 100
[2025-07-29 15:20:47,808][__main__][INFO] - Step 1 | valid1 MSE : 0.4799 | valid1 MAE : 0.6055 | valid1 NMSE : 0.8116 | valid1 RMSE : 0.0009
[2025-07-29 15:20:56,935][__main__][INFO] - Step 100 | valid1 MSE : 0.0053 | valid1 MAE : 0.0580 | valid1 NMSE : 0.0090 | valid1 RMSE : 0.0000
[2025-07-29 15:21:05,761][__main__][INFO] - Step 200 | valid1 MSE : 0.0049 | valid1 MAE : 0.0560 | valid1 NMSE : 0.0084 | valid1 RMSE : 0.0000
[2025-07-29 15:21:14,826][__main__][INFO] - Step 300 | valid1 MSE : 0.0045 | valid1 MAE : 0.0539 | valid1 NMSE : 0.0077 | valid1 RMSE : 0.0000
[2025-07-29 15:21:23,716][__main__][INFO] - Step 400 | valid1 MSE : 0.0045 | valid1 MAE : 0.0537 | valid1 NMSE : 0.0077 | valid1 RMSE : 0.0000
[2025-07-29 15:21:32,795][__main__][INFO] - Step 500 | valid1 MSE : 0.0041 | valid1 MAE : 0.0512 | valid1 NMSE : 0.0070 | valid1 RMSE : 0.0000
[2025-07-29 15:21:41,698][__main__][INFO] - Step 600 | valid1 MSE : 0.0041 | valid1 MAE : 0.0511 | valid1 NMSE : 0.0069 | valid1 RMSE : 0.0000
[2025-07-29 15:21:50,604][__main__][INFO] - Step 700 | valid1 MSE : 0.0039 | valid1 MAE : 0.0497 | valid1 NMSE : 0.0066 | valid1 RMSE : 0.0000
[2025-07-29 15:21:59,498][__main__][INFO] - Step 800 | valid1 MSE : 0.0040 | valid1 MAE : 0.0500 | valid1 NMSE : 0.0067 | valid1 RMSE : 0.0000
[2025-07-29 15:22:08,574][__main__][INFO] - Step 900 | valid1 MSE : 0.0042 | valid1 MAE : 0.0519 | valid1 NMSE : 0.0072 | valid1 RMSE : 0.0000
[2025-07-29 15:22:17,491][__main__][INFO] - Step 1000 | valid1 MSE : 0.0040 | valid1 MAE : 0.0501 | valid1 NMSE : 0.0067 | valid1 RMSE : 0.0000
[2025-07-29 15:22:26,396][__main__][INFO] - Step 1100 | valid1 MSE : 0.0042 | valid1 MAE : 0.0518 | valid1 NMSE : 0.0072 | valid1 RMSE : 0.0000
[2025-07-29 15:22:35,310][__main__][INFO] - Step 1200 | valid1 MSE : 0.0036 | valid1 MAE : 0.0478 | valid1 NMSE : 0.0061 | valid1 RMSE : 0.0000
[2025-07-29 15:22:44,203][__main__][INFO] - Step 1300 | valid1 MSE : 0.0039 | valid1 MAE : 0.0495 | valid1 NMSE : 0.0066 | valid1 RMSE : 0.0000
[2025-07-29 15:22:53,250][__main__][INFO] - Step 1400 | valid1 MSE : 0.0045 | valid1 MAE : 0.0537 | valid1 NMSE : 0.0077 | valid1 RMSE : 0.0000
[2025-07-29 15:23:02,232][__main__][INFO] - Step 1500 | valid1 MSE : 0.0035 | valid1 MAE : 0.0472 | valid1 NMSE : 0.0059 | valid1 RMSE : 0.0000
[2025-07-29 15:23:11,299][__main__][INFO] - Step 1600 | valid1 MSE : 0.0034 | valid1 MAE : 0.0463 | valid1 NMSE : 0.0057 | valid1 RMSE : 0.0000
[2025-07-29 15:23:20,832][__main__][INFO] - Step 1700 | valid1 MSE : 0.0038 | valid1 MAE : 0.0489 | valid1 NMSE : 0.0064 | valid1 RMSE : 0.0000
[2025-07-29 15:23:30,040][__main__][INFO] - Step 1800 | valid1 MSE : 0.0037 | valid1 MAE : 0.0483 | valid1 NMSE : 0.0062 | valid1 RMSE : 0.0000
[2025-07-29 15:23:39,443][__main__][INFO] - Step 1900 | valid1 MSE : 0.0035 | valid1 MAE : 0.0471 | valid1 NMSE : 0.0059 | valid1 RMSE : 0.0000
[2025-07-29 15:23:48,717][__main__][INFO] - Step 2000 | valid1 MSE : 0.0037 | valid1 MAE : 0.0489 | valid1 NMSE : 0.0063 | valid1 RMSE : 0.0000
[2025-07-29 15:23:57,962][__main__][INFO] - Step 2100 | valid1 MSE : 0.0038 | valid1 MAE : 0.0492 | valid1 NMSE : 0.0064 | valid1 RMSE : 0.0000
[2025-07-29 15:23:57,962][__main__][INFO] - Training done in 3.309 min
[2025-07-29 15:23:57,962][__main__][INFO] - Average time per step: 0.095 s
[2025-07-29 15:23:57,991][__main__][INFO] - End of training
[2025-07-29 15:23:59,450][__main__][INFO] - Plotted losses
[2025-07-29 15:23:59,450][__main__][INFO] - Computing test metrics
[2025-07-29 15:24:00,760][__main__][INFO] - Evaluation done in 0.022 min
[2025-07-29 15:24:02,044][__main__][INFO] - Evaluation done in 0.015 min
[2025-07-29 15:24:05,612][__main__][INFO] - Saved plots
[2025-07-29 15:24:05,612][__main__][INFO] - Final mIN parameters: {'beta': np.float32(0.77147305), 'alpha': np.float32(0.8644567)}
[2025-07-29 15:24:05,612][__main__][INFO] - End of script

[2025-07-29 15:24:14,004][__main__][INFO] - =====Running main script=====
[2025-07-29 15:24:14,011][__main__][INFO] - Fetched main configs, save directory : ../outputs/benchmark_min_1/seed_4/fixed_gamma/
[2025-07-29 15:24:14,011][__main__][INFO] - Model PatchTST, normalization mIN, criterion MSE, kwargs {}
[2025-07-29 15:24:14,059][__main__][INFO] - Fetched dataloaders
[2025-07-29 15:24:14,062][__main__][INFO] - Training data shape : (70, 1, 1000)
[2025-07-29 15:24:14,063][__main__][INFO] - Batch sizes : X=torch.Size([10, 1, 100]), y=torch.Size([10, 1, 20])
[2025-07-29 15:24:17,401][__main__][INFO] - batch_size=10, learning_rate=0.0001, steps per epoch=7, epochs=300
[2025-07-29 15:24:17,401][__main__][INFO] - Starting training...
[2025-07-29 15:24:17,401][__main__][INFO] - Using device: cuda
[2025-07-29 15:24:17,401][__main__][INFO] - Training 300 epochs of 7 batches (2100 steps): , eval_freq: 100, print_freq: 100
[2025-07-29 15:24:26,060][__main__][INFO] - Step 1 | valid1 MSE : 0.4799 | valid1 MAE : 0.6055 | valid1 NMSE : 0.8116 | valid1 RMSE : 0.0009
[2025-07-29 15:24:35,476][__main__][INFO] - Step 100 | valid1 MSE : 0.0054 | valid1 MAE : 0.0583 | valid1 NMSE : 0.0091 | valid1 RMSE : 0.0000
[2025-07-29 15:24:44,564][__main__][INFO] - Step 200 | valid1 MSE : 0.0050 | valid1 MAE : 0.0563 | valid1 NMSE : 0.0085 | valid1 RMSE : 0.0000
[2025-07-29 15:24:53,874][__main__][INFO] - Step 300 | valid1 MSE : 0.0046 | valid1 MAE : 0.0544 | valid1 NMSE : 0.0078 | valid1 RMSE : 0.0000
[2025-07-29 15:25:03,062][__main__][INFO] - Step 400 | valid1 MSE : 0.0046 | valid1 MAE : 0.0543 | valid1 NMSE : 0.0078 | valid1 RMSE : 0.0000
[2025-07-29 15:25:12,439][__main__][INFO] - Step 500 | valid1 MSE : 0.0042 | valid1 MAE : 0.0516 | valid1 NMSE : 0.0071 | valid1 RMSE : 0.0000
[2025-07-29 15:25:21,659][__main__][INFO] - Step 600 | valid1 MSE : 0.0042 | valid1 MAE : 0.0518 | valid1 NMSE : 0.0071 | valid1 RMSE : 0.0000
[2025-07-29 15:25:30,792][__main__][INFO] - Step 700 | valid1 MSE : 0.0040 | valid1 MAE : 0.0502 | valid1 NMSE : 0.0067 | valid1 RMSE : 0.0000
[2025-07-29 15:25:39,964][__main__][INFO] - Step 800 | valid1 MSE : 0.0040 | valid1 MAE : 0.0503 | valid1 NMSE : 0.0068 | valid1 RMSE : 0.0000
[2025-07-29 15:25:49,375][__main__][INFO] - Step 900 | valid1 MSE : 0.0044 | valid1 MAE : 0.0532 | valid1 NMSE : 0.0075 | valid1 RMSE : 0.0000
[2025-07-29 15:25:58,580][__main__][INFO] - Step 1000 | valid1 MSE : 0.0041 | valid1 MAE : 0.0509 | valid1 NMSE : 0.0069 | valid1 RMSE : 0.0000
[2025-07-29 15:26:07,692][__main__][INFO] - Step 1100 | valid1 MSE : 0.0045 | valid1 MAE : 0.0534 | valid1 NMSE : 0.0076 | valid1 RMSE : 0.0000
[2025-07-29 15:26:16,888][__main__][INFO] - Step 1200 | valid1 MSE : 0.0037 | valid1 MAE : 0.0486 | valid1 NMSE : 0.0063 | valid1 RMSE : 0.0000
[2025-07-29 15:26:26,064][__main__][INFO] - Step 1300 | valid1 MSE : 0.0038 | valid1 MAE : 0.0489 | valid1 NMSE : 0.0064 | valid1 RMSE : 0.0000
[2025-07-29 15:26:35,457][__main__][INFO] - Step 1400 | valid1 MSE : 0.0048 | valid1 MAE : 0.0551 | valid1 NMSE : 0.0081 | valid1 RMSE : 0.0000
[2025-07-29 15:26:44,750][__main__][INFO] - Step 1500 | valid1 MSE : 0.0037 | valid1 MAE : 0.0484 | valid1 NMSE : 0.0062 | valid1 RMSE : 0.0000
[2025-07-29 15:26:54,002][__main__][INFO] - Step 1600 | valid1 MSE : 0.0035 | valid1 MAE : 0.0469 | valid1 NMSE : 0.0059 | valid1 RMSE : 0.0000
[2025-07-29 15:27:03,163][__main__][INFO] - Step 1700 | valid1 MSE : 0.0039 | valid1 MAE : 0.0499 | valid1 NMSE : 0.0067 | valid1 RMSE : 0.0000
[2025-07-29 15:27:12,318][__main__][INFO] - Step 1800 | valid1 MSE : 0.0038 | valid1 MAE : 0.0490 | valid1 NMSE : 0.0064 | valid1 RMSE : 0.0000
[2025-07-29 15:27:21,612][__main__][INFO] - Step 1900 | valid1 MSE : 0.0036 | valid1 MAE : 0.0476 | valid1 NMSE : 0.0060 | valid1 RMSE : 0.0000
[2025-07-29 15:27:30,798][__main__][INFO] - Step 2000 | valid1 MSE : 0.0039 | valid1 MAE : 0.0502 | valid1 NMSE : 0.0067 | valid1 RMSE : 0.0000
[2025-07-29 15:27:39,947][__main__][INFO] - Step 2100 | valid1 MSE : 0.0041 | valid1 MAE : 0.0510 | valid1 NMSE : 0.0069 | valid1 RMSE : 0.0000
[2025-07-29 15:27:39,948][__main__][INFO] - Training done in 3.376 min
[2025-07-29 15:27:39,948][__main__][INFO] - Average time per step: 0.096 s
[2025-07-29 15:27:39,977][__main__][INFO] - End of training
[2025-07-29 15:27:41,470][__main__][INFO] - Plotted losses
[2025-07-29 15:27:41,470][__main__][INFO] - Computing test metrics
[2025-07-29 15:27:42,723][__main__][INFO] - Evaluation done in 0.021 min
[2025-07-29 15:27:44,001][__main__][INFO] - Evaluation done in 0.015 min
[2025-07-29 15:27:47,653][__main__][INFO] - Saved plots
[2025-07-29 15:27:47,654][__main__][INFO] - Final mIN parameters: {'beta': np.float32(0.77), 'alpha': np.float32(0.95)}
[2025-07-29 15:27:47,654][__main__][INFO] - End of script

[2025-07-29 15:28:06,414][__main__][INFO] - =====Running main script=====
[2025-07-29 15:28:06,422][__main__][INFO] - Fetched main configs, save directory : ../outputs/benchmark_min_1/seed_5/PatchTST_instance/
[2025-07-29 15:28:06,422][__main__][INFO] - Model PatchTST, normalization instance, criterion MSE, kwargs {}
[2025-07-29 15:28:06,468][__main__][INFO] - Fetched dataloaders
[2025-07-29 15:28:06,472][__main__][INFO] - Training data shape : (70, 1, 1000)
[2025-07-29 15:28:06,472][__main__][INFO] - Batch sizes : X=torch.Size([10, 1, 100]), y=torch.Size([10, 1, 20])
[2025-07-29 15:28:09,982][__main__][INFO] - batch_size=10, learning_rate=0.0001, steps per epoch=7, epochs=300
[2025-07-29 15:28:09,982][__main__][INFO] - Starting training...
[2025-07-29 15:28:09,982][__main__][INFO] - Using device: cuda
[2025-07-29 15:28:09,982][__main__][INFO] - Training 300 epochs of 7 batches (2100 steps): , eval_freq: 100, print_freq: 100
[2025-07-29 15:28:18,453][__main__][INFO] - Step 1 | valid1 MSE : 0.8424 | valid1 MAE : 0.7364 | valid1 NMSE : 1.4206 | valid1 RMSE : 0.0016
[2025-07-29 15:28:27,753][__main__][INFO] - Step 100 | valid1 MSE : 0.0056 | valid1 MAE : 0.0599 | valid1 NMSE : 0.0096 | valid1 RMSE : 0.0000
[2025-07-29 15:28:36,886][__main__][INFO] - Step 200 | valid1 MSE : 0.0057 | valid1 MAE : 0.0600 | valid1 NMSE : 0.0096 | valid1 RMSE : 0.0000
[2025-07-29 15:28:46,047][__main__][INFO] - Step 300 | valid1 MSE : 0.0049 | valid1 MAE : 0.0555 | valid1 NMSE : 0.0082 | valid1 RMSE : 0.0000
[2025-07-29 15:28:55,053][__main__][INFO] - Step 400 | valid1 MSE : 0.0050 | valid1 MAE : 0.0562 | valid1 NMSE : 0.0084 | valid1 RMSE : 0.0000
[2025-07-29 15:29:04,049][__main__][INFO] - Step 500 | valid1 MSE : 0.0052 | valid1 MAE : 0.0579 | valid1 NMSE : 0.0089 | valid1 RMSE : 0.0000
[2025-07-29 15:29:13,215][__main__][INFO] - Step 600 | valid1 MSE : 0.0054 | valid1 MAE : 0.0585 | valid1 NMSE : 0.0092 | valid1 RMSE : 0.0000
[2025-07-29 15:29:22,232][__main__][INFO] - Step 700 | valid1 MSE : 0.0047 | valid1 MAE : 0.0547 | valid1 NMSE : 0.0080 | valid1 RMSE : 0.0000
[2025-07-29 15:29:31,216][__main__][INFO] - Step 800 | valid1 MSE : 0.0046 | valid1 MAE : 0.0542 | valid1 NMSE : 0.0079 | valid1 RMSE : 0.0000
[2025-07-29 15:29:40,021][__main__][INFO] - Step 900 | valid1 MSE : 0.0045 | valid1 MAE : 0.0537 | valid1 NMSE : 0.0077 | valid1 RMSE : 0.0000
[2025-07-29 15:29:49,232][__main__][INFO] - Step 1000 | valid1 MSE : 0.0048 | valid1 MAE : 0.0552 | valid1 NMSE : 0.0082 | valid1 RMSE : 0.0000
[2025-07-29 15:29:58,356][__main__][INFO] - Step 1100 | valid1 MSE : 0.0046 | valid1 MAE : 0.0538 | valid1 NMSE : 0.0078 | valid1 RMSE : 0.0000
[2025-07-29 15:30:07,355][__main__][INFO] - Step 1200 | valid1 MSE : 0.0049 | valid1 MAE : 0.0557 | valid1 NMSE : 0.0082 | valid1 RMSE : 0.0000
[2025-07-29 15:30:16,295][__main__][INFO] - Step 1300 | valid1 MSE : 0.0050 | valid1 MAE : 0.0567 | valid1 NMSE : 0.0084 | valid1 RMSE : 0.0000
[2025-07-29 15:30:25,303][__main__][INFO] - Step 1400 | valid1 MSE : 0.0044 | valid1 MAE : 0.0529 | valid1 NMSE : 0.0074 | valid1 RMSE : 0.0000
[2025-07-29 15:30:34,322][__main__][INFO] - Step 1500 | valid1 MSE : 0.0046 | valid1 MAE : 0.0535 | valid1 NMSE : 0.0077 | valid1 RMSE : 0.0000
[2025-07-29 15:30:43,495][__main__][INFO] - Step 1600 | valid1 MSE : 0.0049 | valid1 MAE : 0.0562 | valid1 NMSE : 0.0084 | valid1 RMSE : 0.0000
[2025-07-29 15:30:52,504][__main__][INFO] - Step 1700 | valid1 MSE : 0.0053 | valid1 MAE : 0.0586 | valid1 NMSE : 0.0091 | valid1 RMSE : 0.0000
[2025-07-29 15:31:01,471][__main__][INFO] - Step 1800 | valid1 MSE : 0.0046 | valid1 MAE : 0.0539 | valid1 NMSE : 0.0078 | valid1 RMSE : 0.0000
[2025-07-29 15:31:10,479][__main__][INFO] - Step 1900 | valid1 MSE : 0.0049 | valid1 MAE : 0.0559 | valid1 NMSE : 0.0082 | valid1 RMSE : 0.0000
[2025-07-29 15:31:19,376][__main__][INFO] - Step 2000 | valid1 MSE : 0.0049 | valid1 MAE : 0.0558 | valid1 NMSE : 0.0083 | valid1 RMSE : 0.0000
[2025-07-29 15:31:28,524][__main__][INFO] - Step 2100 | valid1 MSE : 0.0047 | valid1 MAE : 0.0551 | valid1 NMSE : 0.0080 | valid1 RMSE : 0.0000
[2025-07-29 15:31:28,525][__main__][INFO] - Training done in 3.309 min
[2025-07-29 15:31:28,525][__main__][INFO] - Average time per step: 0.095 s
[2025-07-29 15:31:28,553][__main__][INFO] - End of training
[2025-07-29 15:31:29,798][__main__][INFO] - Plotted losses
[2025-07-29 15:31:29,798][__main__][INFO] - Computing test metrics
[2025-07-29 15:31:30,897][__main__][INFO] - Evaluation done in 0.018 min
[2025-07-29 15:31:32,149][__main__][INFO] - Evaluation done in 0.014 min
[2025-07-29 15:31:35,973][__main__][INFO] - Saved plots
[2025-07-29 15:31:35,973][__main__][INFO] - End of script

[2025-07-29 15:31:44,462][__main__][INFO] - =====Running main script=====
[2025-07-29 15:31:44,469][__main__][INFO] - Fetched main configs, save directory : ../outputs/benchmark_min_1/seed_5/PatchTST_revin/
[2025-07-29 15:31:44,469][__main__][INFO] - Model PatchTST, normalization revin, criterion MSE, kwargs {}
[2025-07-29 15:31:44,518][__main__][INFO] - Fetched dataloaders
[2025-07-29 15:31:44,521][__main__][INFO] - Training data shape : (70, 1, 1000)
[2025-07-29 15:31:44,522][__main__][INFO] - Batch sizes : X=torch.Size([10, 1, 100]), y=torch.Size([10, 1, 20])
[2025-07-29 15:31:47,954][__main__][INFO] - batch_size=10, learning_rate=0.0001, steps per epoch=7, epochs=300
[2025-07-29 15:31:47,955][__main__][INFO] - Starting training...
[2025-07-29 15:31:47,955][__main__][INFO] - Using device: cuda
[2025-07-29 15:31:47,955][__main__][INFO] - Training 300 epochs of 7 batches (2100 steps): , eval_freq: 100, print_freq: 100
[2025-07-29 15:31:56,528][__main__][INFO] - Step 1 | valid1 MSE : 0.8423 | valid1 MAE : 0.7363 | valid1 NMSE : 1.4204 | valid1 RMSE : 0.0016
[2025-07-29 15:32:05,971][__main__][INFO] - Step 100 | valid1 MSE : 0.0056 | valid1 MAE : 0.0597 | valid1 NMSE : 0.0095 | valid1 RMSE : 0.0000
[2025-07-29 15:32:15,187][__main__][INFO] - Step 200 | valid1 MSE : 0.0055 | valid1 MAE : 0.0594 | valid1 NMSE : 0.0094 | valid1 RMSE : 0.0000
[2025-07-29 15:32:24,366][__main__][INFO] - Step 300 | valid1 MSE : 0.0048 | valid1 MAE : 0.0550 | valid1 NMSE : 0.0081 | valid1 RMSE : 0.0000
[2025-07-29 15:32:33,522][__main__][INFO] - Step 400 | valid1 MSE : 0.0048 | valid1 MAE : 0.0555 | valid1 NMSE : 0.0082 | valid1 RMSE : 0.0000
[2025-07-29 15:32:42,664][__main__][INFO] - Step 500 | valid1 MSE : 0.0051 | valid1 MAE : 0.0569 | valid1 NMSE : 0.0086 | valid1 RMSE : 0.0000
[2025-07-29 15:32:51,797][__main__][INFO] - Step 600 | valid1 MSE : 0.0052 | valid1 MAE : 0.0574 | valid1 NMSE : 0.0088 | valid1 RMSE : 0.0000
[2025-07-29 15:33:01,186][__main__][INFO] - Step 700 | valid1 MSE : 0.0046 | valid1 MAE : 0.0540 | valid1 NMSE : 0.0078 | valid1 RMSE : 0.0000
[2025-07-29 15:33:10,312][__main__][INFO] - Step 800 | valid1 MSE : 0.0045 | valid1 MAE : 0.0534 | valid1 NMSE : 0.0077 | valid1 RMSE : 0.0000
[2025-07-29 15:33:19,506][__main__][INFO] - Step 900 | valid1 MSE : 0.0044 | valid1 MAE : 0.0529 | valid1 NMSE : 0.0074 | valid1 RMSE : 0.0000
[2025-07-29 15:33:28,700][__main__][INFO] - Step 1000 | valid1 MSE : 0.0047 | valid1 MAE : 0.0541 | valid1 NMSE : 0.0079 | valid1 RMSE : 0.0000
[2025-07-29 15:33:38,003][__main__][INFO] - Step 1100 | valid1 MSE : 0.0044 | valid1 MAE : 0.0530 | valid1 NMSE : 0.0075 | valid1 RMSE : 0.0000
[2025-07-29 15:33:47,150][__main__][INFO] - Step 1200 | valid1 MSE : 0.0046 | valid1 MAE : 0.0544 | valid1 NMSE : 0.0079 | valid1 RMSE : 0.0000
[2025-07-29 15:33:56,296][__main__][INFO] - Step 1300 | valid1 MSE : 0.0047 | valid1 MAE : 0.0553 | valid1 NMSE : 0.0080 | valid1 RMSE : 0.0000
[2025-07-29 15:34:05,513][__main__][INFO] - Step 1400 | valid1 MSE : 0.0043 | valid1 MAE : 0.0522 | valid1 NMSE : 0.0072 | valid1 RMSE : 0.0000
[2025-07-29 15:34:14,624][__main__][INFO] - Step 1500 | valid1 MSE : 0.0044 | valid1 MAE : 0.0528 | valid1 NMSE : 0.0075 | valid1 RMSE : 0.0000
[2025-07-29 15:34:23,906][__main__][INFO] - Step 1600 | valid1 MSE : 0.0048 | valid1 MAE : 0.0553 | valid1 NMSE : 0.0081 | valid1 RMSE : 0.0000
[2025-07-29 15:34:33,065][__main__][INFO] - Step 1700 | valid1 MSE : 0.0050 | valid1 MAE : 0.0568 | valid1 NMSE : 0.0085 | valid1 RMSE : 0.0000
[2025-07-29 15:34:42,204][__main__][INFO] - Step 1800 | valid1 MSE : 0.0044 | valid1 MAE : 0.0530 | valid1 NMSE : 0.0075 | valid1 RMSE : 0.0000
[2025-07-29 15:34:51,364][__main__][INFO] - Step 1900 | valid1 MSE : 0.0046 | valid1 MAE : 0.0544 | valid1 NMSE : 0.0078 | valid1 RMSE : 0.0000
[2025-07-29 15:35:00,543][__main__][INFO] - Step 2000 | valid1 MSE : 0.0045 | valid1 MAE : 0.0538 | valid1 NMSE : 0.0077 | valid1 RMSE : 0.0000
[2025-07-29 15:35:09,960][__main__][INFO] - Step 2100 | valid1 MSE : 0.0045 | valid1 MAE : 0.0533 | valid1 NMSE : 0.0076 | valid1 RMSE : 0.0000
[2025-07-29 15:35:09,960][__main__][INFO] - Training done in 3.367 min
[2025-07-29 15:35:09,960][__main__][INFO] - Average time per step: 0.096 s
[2025-07-29 15:35:09,990][__main__][INFO] - End of training
[2025-07-29 15:35:11,474][__main__][INFO] - Plotted losses
[2025-07-29 15:35:11,474][__main__][INFO] - Computing test metrics
[2025-07-29 15:35:12,590][__main__][INFO] - Evaluation done in 0.019 min
[2025-07-29 15:35:14,036][__main__][INFO] - Evaluation done in 0.018 min
[2025-07-29 15:35:17,623][__main__][INFO] - Saved plots
[2025-07-29 15:35:17,624][__main__][INFO] - Final mIN parameters: {'beta': np.float32(-0.00886376), 'alpha': np.float32(1.0881454)}
[2025-07-29 15:35:17,624][__main__][INFO] - End of script

[2025-07-29 15:35:26,249][__main__][INFO] - =====Running main script=====
[2025-07-29 15:35:26,257][__main__][INFO] - Fetched main configs, save directory : ../outputs/benchmark_min_1/seed_5/default/
[2025-07-29 15:35:26,257][__main__][INFO] - Model PatchTST, normalization mIN, criterion MSE, kwargs {}
[2025-07-29 15:35:26,308][__main__][INFO] - Fetched dataloaders
[2025-07-29 15:35:26,311][__main__][INFO] - Training data shape : (70, 1, 1000)
[2025-07-29 15:35:26,311][__main__][INFO] - Batch sizes : X=torch.Size([10, 1, 100]), y=torch.Size([10, 1, 20])
[2025-07-29 15:35:29,693][__main__][INFO] - batch_size=10, learning_rate=0.0001, steps per epoch=7, epochs=300
[2025-07-29 15:35:29,694][__main__][INFO] - Starting training...
[2025-07-29 15:35:29,694][__main__][INFO] - Using device: cuda
[2025-07-29 15:35:29,694][__main__][INFO] - Training 300 epochs of 7 batches (2100 steps): , eval_freq: 100, print_freq: 100
[2025-07-29 15:35:38,214][__main__][INFO] - Step 1 | valid1 MSE : 0.8423 | valid1 MAE : 0.7363 | valid1 NMSE : 1.4204 | valid1 RMSE : 0.0016
[2025-07-29 15:35:47,520][__main__][INFO] - Step 100 | valid1 MSE : 0.0056 | valid1 MAE : 0.0597 | valid1 NMSE : 0.0095 | valid1 RMSE : 0.0000
[2025-07-29 15:35:56,660][__main__][INFO] - Step 200 | valid1 MSE : 0.0056 | valid1 MAE : 0.0594 | valid1 NMSE : 0.0094 | valid1 RMSE : 0.0000
[2025-07-29 15:36:05,776][__main__][INFO] - Step 300 | valid1 MSE : 0.0048 | valid1 MAE : 0.0550 | valid1 NMSE : 0.0081 | valid1 RMSE : 0.0000
[2025-07-29 15:36:15,015][__main__][INFO] - Step 400 | valid1 MSE : 0.0049 | valid1 MAE : 0.0557 | valid1 NMSE : 0.0083 | valid1 RMSE : 0.0000
[2025-07-29 15:36:24,089][__main__][INFO] - Step 500 | valid1 MSE : 0.0051 | valid1 MAE : 0.0570 | valid1 NMSE : 0.0086 | valid1 RMSE : 0.0000
[2025-07-29 15:36:33,122][__main__][INFO] - Step 600 | valid1 MSE : 0.0052 | valid1 MAE : 0.0576 | valid1 NMSE : 0.0089 | valid1 RMSE : 0.0000
[2025-07-29 15:36:42,173][__main__][INFO] - Step 700 | valid1 MSE : 0.0046 | valid1 MAE : 0.0541 | valid1 NMSE : 0.0079 | valid1 RMSE : 0.0000
[2025-07-29 15:36:51,372][__main__][INFO] - Step 800 | valid1 MSE : 0.0045 | valid1 MAE : 0.0535 | valid1 NMSE : 0.0077 | valid1 RMSE : 0.0000
[2025-07-29 15:37:00,456][__main__][INFO] - Step 900 | valid1 MSE : 0.0044 | valid1 MAE : 0.0530 | valid1 NMSE : 0.0075 | valid1 RMSE : 0.0000
[2025-07-29 15:37:09,503][__main__][INFO] - Step 1000 | valid1 MSE : 0.0047 | valid1 MAE : 0.0542 | valid1 NMSE : 0.0079 | valid1 RMSE : 0.0000
[2025-07-29 15:37:18,683][__main__][INFO] - Step 1100 | valid1 MSE : 0.0045 | valid1 MAE : 0.0531 | valid1 NMSE : 0.0075 | valid1 RMSE : 0.0000
[2025-07-29 15:37:27,741][__main__][INFO] - Step 1200 | valid1 MSE : 0.0046 | valid1 MAE : 0.0544 | valid1 NMSE : 0.0079 | valid1 RMSE : 0.0000
[2025-07-29 15:37:36,933][__main__][INFO] - Step 1300 | valid1 MSE : 0.0047 | valid1 MAE : 0.0553 | valid1 NMSE : 0.0080 | valid1 RMSE : 0.0000
[2025-07-29 15:37:45,985][__main__][INFO] - Step 1400 | valid1 MSE : 0.0043 | valid1 MAE : 0.0523 | valid1 NMSE : 0.0073 | valid1 RMSE : 0.0000
[2025-07-29 15:37:55,073][__main__][INFO] - Step 1500 | valid1 MSE : 0.0044 | valid1 MAE : 0.0528 | valid1 NMSE : 0.0075 | valid1 RMSE : 0.0000
[2025-07-29 15:38:04,115][__main__][INFO] - Step 1600 | valid1 MSE : 0.0048 | valid1 MAE : 0.0555 | valid1 NMSE : 0.0082 | valid1 RMSE : 0.0000
[2025-07-29 15:38:13,099][__main__][INFO] - Step 1700 | valid1 MSE : 0.0050 | valid1 MAE : 0.0568 | valid1 NMSE : 0.0085 | valid1 RMSE : 0.0000
[2025-07-29 15:38:22,297][__main__][INFO] - Step 1800 | valid1 MSE : 0.0044 | valid1 MAE : 0.0532 | valid1 NMSE : 0.0075 | valid1 RMSE : 0.0000
[2025-07-29 15:38:31,333][__main__][INFO] - Step 1900 | valid1 MSE : 0.0046 | valid1 MAE : 0.0543 | valid1 NMSE : 0.0078 | valid1 RMSE : 0.0000
[2025-07-29 15:38:40,408][__main__][INFO] - Step 2000 | valid1 MSE : 0.0045 | valid1 MAE : 0.0535 | valid1 NMSE : 0.0076 | valid1 RMSE : 0.0000
[2025-07-29 15:38:49,467][__main__][INFO] - Step 2100 | valid1 MSE : 0.0044 | valid1 MAE : 0.0530 | valid1 NMSE : 0.0075 | valid1 RMSE : 0.0000
[2025-07-29 15:38:49,468][__main__][INFO] - Training done in 3.330 min
[2025-07-29 15:38:49,468][__main__][INFO] - Average time per step: 0.095 s
[2025-07-29 15:38:49,502][__main__][INFO] - End of training
[2025-07-29 15:38:50,969][__main__][INFO] - Plotted losses
[2025-07-29 15:38:50,969][__main__][INFO] - Computing test metrics
[2025-07-29 15:38:52,209][__main__][INFO] - Evaluation done in 0.021 min
[2025-07-29 15:38:53,465][__main__][INFO] - Evaluation done in 0.015 min
[2025-07-29 15:38:56,942][__main__][INFO] - Saved plots
[2025-07-29 15:38:56,943][__main__][INFO] - Final mIN parameters: {'beta': np.float32(0.008549525), 'alpha': np.float32(0.90752375)}
[2025-07-29 15:38:56,943][__main__][INFO] - End of script

[2025-07-29 15:39:05,541][__main__][INFO] - =====Running main script=====
[2025-07-29 15:39:05,548][__main__][INFO] - Fetched main configs, save directory : ../outputs/benchmark_min_1/seed_5/init/
[2025-07-29 15:39:05,548][__main__][INFO] - Model PatchTST, normalization mIN, criterion MSE, kwargs {}
[2025-07-29 15:39:05,595][__main__][INFO] - Fetched dataloaders
[2025-07-29 15:39:05,599][__main__][INFO] - Training data shape : (70, 1, 1000)
[2025-07-29 15:39:05,599][__main__][INFO] - Batch sizes : X=torch.Size([10, 1, 100]), y=torch.Size([10, 1, 20])
[2025-07-29 15:39:09,438][__main__][INFO] - batch_size=10, learning_rate=0.0001, steps per epoch=7, epochs=300
[2025-07-29 15:39:09,438][__main__][INFO] - Starting training...
[2025-07-29 15:39:09,439][__main__][INFO] - Using device: cuda
[2025-07-29 15:39:09,439][__main__][INFO] - Training 300 epochs of 7 batches (2100 steps): , eval_freq: 100, print_freq: 100
[2025-07-29 15:39:17,868][__main__][INFO] - Step 1 | valid1 MSE : 0.4577 | valid1 MAE : 0.5907 | valid1 NMSE : 0.7718 | valid1 RMSE : 0.0009
[2025-07-29 15:39:27,115][__main__][INFO] - Step 100 | valid1 MSE : 0.0054 | valid1 MAE : 0.0585 | valid1 NMSE : 0.0091 | valid1 RMSE : 0.0000
[2025-07-29 15:39:36,200][__main__][INFO] - Step 200 | valid1 MSE : 0.0054 | valid1 MAE : 0.0584 | valid1 NMSE : 0.0091 | valid1 RMSE : 0.0000
[2025-07-29 15:39:45,467][__main__][INFO] - Step 300 | valid1 MSE : 0.0045 | valid1 MAE : 0.0539 | valid1 NMSE : 0.0077 | valid1 RMSE : 0.0000
[2025-07-29 15:39:54,557][__main__][INFO] - Step 400 | valid1 MSE : 0.0045 | valid1 MAE : 0.0536 | valid1 NMSE : 0.0076 | valid1 RMSE : 0.0000
[2025-07-29 15:40:03,756][__main__][INFO] - Step 500 | valid1 MSE : 0.0047 | valid1 MAE : 0.0552 | valid1 NMSE : 0.0081 | valid1 RMSE : 0.0000
[2025-07-29 15:40:12,854][__main__][INFO] - Step 600 | valid1 MSE : 0.0047 | valid1 MAE : 0.0545 | valid1 NMSE : 0.0079 | valid1 RMSE : 0.0000
[2025-07-29 15:40:21,937][__main__][INFO] - Step 700 | valid1 MSE : 0.0042 | valid1 MAE : 0.0514 | valid1 NMSE : 0.0071 | valid1 RMSE : 0.0000
[2025-07-29 15:40:30,967][__main__][INFO] - Step 800 | valid1 MSE : 0.0040 | valid1 MAE : 0.0505 | valid1 NMSE : 0.0069 | valid1 RMSE : 0.0000
[2025-07-29 15:40:40,157][__main__][INFO] - Step 900 | valid1 MSE : 0.0037 | valid1 MAE : 0.0487 | valid1 NMSE : 0.0063 | valid1 RMSE : 0.0000
[2025-07-29 15:40:49,210][__main__][INFO] - Step 1000 | valid1 MSE : 0.0042 | valid1 MAE : 0.0517 | valid1 NMSE : 0.0071 | valid1 RMSE : 0.0000
[2025-07-29 15:40:58,338][__main__][INFO] - Step 1100 | valid1 MSE : 0.0038 | valid1 MAE : 0.0489 | valid1 NMSE : 0.0064 | valid1 RMSE : 0.0000
[2025-07-29 15:41:07,514][__main__][INFO] - Step 1200 | valid1 MSE : 0.0041 | valid1 MAE : 0.0511 | valid1 NMSE : 0.0070 | valid1 RMSE : 0.0000
[2025-07-29 15:41:16,545][__main__][INFO] - Step 1300 | valid1 MSE : 0.0047 | valid1 MAE : 0.0549 | valid1 NMSE : 0.0080 | valid1 RMSE : 0.0000
[2025-07-29 15:41:25,791][__main__][INFO] - Step 1400 | valid1 MSE : 0.0038 | valid1 MAE : 0.0493 | valid1 NMSE : 0.0065 | valid1 RMSE : 0.0000
[2025-07-29 15:41:34,948][__main__][INFO] - Step 1500 | valid1 MSE : 0.0038 | valid1 MAE : 0.0489 | valid1 NMSE : 0.0064 | valid1 RMSE : 0.0000
[2025-07-29 15:41:43,966][__main__][INFO] - Step 1600 | valid1 MSE : 0.0042 | valid1 MAE : 0.0519 | valid1 NMSE : 0.0072 | valid1 RMSE : 0.0000
[2025-07-29 15:41:53,106][__main__][INFO] - Step 1700 | valid1 MSE : 0.0045 | valid1 MAE : 0.0539 | valid1 NMSE : 0.0077 | valid1 RMSE : 0.0000
[2025-07-29 15:42:02,190][__main__][INFO] - Step 1800 | valid1 MSE : 0.0038 | valid1 MAE : 0.0490 | valid1 NMSE : 0.0064 | valid1 RMSE : 0.0000
[2025-07-29 15:42:11,330][__main__][INFO] - Step 1900 | valid1 MSE : 0.0041 | valid1 MAE : 0.0510 | valid1 NMSE : 0.0069 | valid1 RMSE : 0.0000
[2025-07-29 15:42:20,514][__main__][INFO] - Step 2000 | valid1 MSE : 0.0046 | valid1 MAE : 0.0542 | valid1 NMSE : 0.0078 | valid1 RMSE : 0.0000
[2025-07-29 15:42:29,536][__main__][INFO] - Step 2100 | valid1 MSE : 0.0039 | valid1 MAE : 0.0500 | valid1 NMSE : 0.0067 | valid1 RMSE : 0.0000
[2025-07-29 15:42:29,536][__main__][INFO] - Training done in 3.335 min
[2025-07-29 15:42:29,536][__main__][INFO] - Average time per step: 0.095 s
[2025-07-29 15:42:29,567][__main__][INFO] - End of training
[2025-07-29 15:42:30,971][__main__][INFO] - Plotted losses
[2025-07-29 15:42:30,971][__main__][INFO] - Computing test metrics
[2025-07-29 15:42:32,260][__main__][INFO] - Evaluation done in 0.021 min
[2025-07-29 15:42:33,530][__main__][INFO] - Evaluation done in 0.015 min
[2025-07-29 15:42:37,139][__main__][INFO] - Saved plots
[2025-07-29 15:42:37,140][__main__][INFO] - Final mIN parameters: {'beta': np.float32(0.77260274), 'alpha': np.float32(0.86053747)}
[2025-07-29 15:42:37,140][__main__][INFO] - End of script

[2025-07-29 15:42:45,585][__main__][INFO] - =====Running main script=====
[2025-07-29 15:42:45,591][__main__][INFO] - Fetched main configs, save directory : ../outputs/benchmark_min_1/seed_5/fixed/
[2025-07-29 15:42:45,591][__main__][INFO] - Model PatchTST, normalization mIN, criterion MSE, kwargs {}
[2025-07-29 15:42:45,635][__main__][INFO] - Fetched dataloaders
[2025-07-29 15:42:45,639][__main__][INFO] - Training data shape : (70, 1, 1000)
[2025-07-29 15:42:45,639][__main__][INFO] - Batch sizes : X=torch.Size([10, 1, 100]), y=torch.Size([10, 1, 20])
[2025-07-29 15:42:49,019][__main__][INFO] - batch_size=10, learning_rate=0.0001, steps per epoch=7, epochs=300
[2025-07-29 15:42:49,019][__main__][INFO] - Starting training...
[2025-07-29 15:42:49,019][__main__][INFO] - Using device: cuda
[2025-07-29 15:42:49,019][__main__][INFO] - Training 300 epochs of 7 batches (2100 steps): , eval_freq: 100, print_freq: 100
[2025-07-29 15:42:57,493][__main__][INFO] - Step 1 | valid1 MSE : 0.4577 | valid1 MAE : 0.5907 | valid1 NMSE : 0.7718 | valid1 RMSE : 0.0009
[2025-07-29 15:43:06,769][__main__][INFO] - Step 100 | valid1 MSE : 0.0054 | valid1 MAE : 0.0589 | valid1 NMSE : 0.0092 | valid1 RMSE : 0.0000
[2025-07-29 15:43:15,780][__main__][INFO] - Step 200 | valid1 MSE : 0.0055 | valid1 MAE : 0.0589 | valid1 NMSE : 0.0092 | valid1 RMSE : 0.0000
[2025-07-29 15:43:24,992][__main__][INFO] - Step 300 | valid1 MSE : 0.0046 | valid1 MAE : 0.0544 | valid1 NMSE : 0.0079 | valid1 RMSE : 0.0000
[2025-07-29 15:43:34,201][__main__][INFO] - Step 400 | valid1 MSE : 0.0046 | valid1 MAE : 0.0541 | valid1 NMSE : 0.0078 | valid1 RMSE : 0.0000
[2025-07-29 15:43:43,409][__main__][INFO] - Step 500 | valid1 MSE : 0.0049 | valid1 MAE : 0.0562 | valid1 NMSE : 0.0083 | valid1 RMSE : 0.0000
[2025-07-29 15:43:52,496][__main__][INFO] - Step 600 | valid1 MSE : 0.0049 | valid1 MAE : 0.0554 | valid1 NMSE : 0.0082 | valid1 RMSE : 0.0000
[2025-07-29 15:44:01,647][__main__][INFO] - Step 700 | valid1 MSE : 0.0043 | valid1 MAE : 0.0523 | valid1 NMSE : 0.0073 | valid1 RMSE : 0.0000
[2025-07-29 15:44:10,655][__main__][INFO] - Step 800 | valid1 MSE : 0.0042 | valid1 MAE : 0.0513 | valid1 NMSE : 0.0071 | valid1 RMSE : 0.0000
[2025-07-29 15:44:19,910][__main__][INFO] - Step 900 | valid1 MSE : 0.0039 | valid1 MAE : 0.0495 | valid1 NMSE : 0.0065 | valid1 RMSE : 0.0000
[2025-07-29 15:44:28,995][__main__][INFO] - Step 1000 | valid1 MSE : 0.0043 | valid1 MAE : 0.0523 | valid1 NMSE : 0.0073 | valid1 RMSE : 0.0000
[2025-07-29 15:44:38,032][__main__][INFO] - Step 1100 | valid1 MSE : 0.0038 | valid1 MAE : 0.0494 | valid1 NMSE : 0.0065 | valid1 RMSE : 0.0000
[2025-07-29 15:44:47,166][__main__][INFO] - Step 1200 | valid1 MSE : 0.0043 | valid1 MAE : 0.0521 | valid1 NMSE : 0.0073 | valid1 RMSE : 0.0000
[2025-07-29 15:44:56,215][__main__][INFO] - Step 1300 | valid1 MSE : 0.0049 | valid1 MAE : 0.0563 | valid1 NMSE : 0.0083 | valid1 RMSE : 0.0000
[2025-07-29 15:45:05,445][__main__][INFO] - Step 1400 | valid1 MSE : 0.0040 | valid1 MAE : 0.0503 | valid1 NMSE : 0.0067 | valid1 RMSE : 0.0000
[2025-07-29 15:45:14,561][__main__][INFO] - Step 1500 | valid1 MSE : 0.0039 | valid1 MAE : 0.0494 | valid1 NMSE : 0.0065 | valid1 RMSE : 0.0000
[2025-07-29 15:45:23,579][__main__][INFO] - Step 1600 | valid1 MSE : 0.0044 | valid1 MAE : 0.0529 | valid1 NMSE : 0.0074 | valid1 RMSE : 0.0000
[2025-07-29 15:45:32,639][__main__][INFO] - Step 1700 | valid1 MSE : 0.0045 | valid1 MAE : 0.0538 | valid1 NMSE : 0.0077 | valid1 RMSE : 0.0000
[2025-07-29 15:45:41,643][__main__][INFO] - Step 1800 | valid1 MSE : 0.0040 | valid1 MAE : 0.0504 | valid1 NMSE : 0.0068 | valid1 RMSE : 0.0000
[2025-07-29 15:45:50,871][__main__][INFO] - Step 1900 | valid1 MSE : 0.0043 | valid1 MAE : 0.0522 | valid1 NMSE : 0.0073 | valid1 RMSE : 0.0000
[2025-07-29 15:46:00,004][__main__][INFO] - Step 2000 | valid1 MSE : 0.0047 | valid1 MAE : 0.0549 | valid1 NMSE : 0.0080 | valid1 RMSE : 0.0000
[2025-07-29 15:46:09,023][__main__][INFO] - Step 2100 | valid1 MSE : 0.0042 | valid1 MAE : 0.0518 | valid1 NMSE : 0.0071 | valid1 RMSE : 0.0000
[2025-07-29 15:46:09,023][__main__][INFO] - Training done in 3.333 min
[2025-07-29 15:46:09,023][__main__][INFO] - Average time per step: 0.095 s
[2025-07-29 15:46:09,052][__main__][INFO] - End of training
[2025-07-29 15:46:10,516][__main__][INFO] - Plotted losses
[2025-07-29 15:46:10,516][__main__][INFO] - Computing test metrics
[2025-07-29 15:46:11,781][__main__][INFO] - Evaluation done in 0.021 min
[2025-07-29 15:46:13,050][__main__][INFO] - Evaluation done in 0.015 min
[2025-07-29 15:46:16,685][__main__][INFO] - Saved plots
[2025-07-29 15:46:16,686][__main__][INFO] - Final mIN parameters: {'beta': np.float32(0.77), 'alpha': np.float32(0.95)}
[2025-07-29 15:46:16,686][__main__][INFO] - End of script

[2025-07-29 15:46:24,990][__main__][INFO] - =====Running main script=====
[2025-07-29 15:46:24,997][__main__][INFO] - Fetched main configs, save directory : ../outputs/benchmark_min_1/seed_5/default_gamma/
[2025-07-29 15:46:24,997][__main__][INFO] - Model PatchTST, normalization mIN, criterion MSE, kwargs {}
[2025-07-29 15:46:25,043][__main__][INFO] - Fetched dataloaders
[2025-07-29 15:46:25,047][__main__][INFO] - Training data shape : (70, 1, 1000)
[2025-07-29 15:46:25,047][__main__][INFO] - Batch sizes : X=torch.Size([10, 1, 100]), y=torch.Size([10, 1, 20])
[2025-07-29 15:46:28,388][__main__][INFO] - batch_size=10, learning_rate=0.0001, steps per epoch=7, epochs=300
[2025-07-29 15:46:28,388][__main__][INFO] - Starting training...
[2025-07-29 15:46:28,388][__main__][INFO] - Using device: cuda
[2025-07-29 15:46:28,388][__main__][INFO] - Training 300 epochs of 7 batches (2100 steps): , eval_freq: 100, print_freq: 100
[2025-07-29 15:46:37,037][__main__][INFO] - Step 1 | valid1 MSE : 0.8422 | valid1 MAE : 0.7363 | valid1 NMSE : 1.4202 | valid1 RMSE : 0.0016
[2025-07-29 15:46:46,510][__main__][INFO] - Step 100 | valid1 MSE : 0.0056 | valid1 MAE : 0.0595 | valid1 NMSE : 0.0094 | valid1 RMSE : 0.0000
[2025-07-29 15:46:55,759][__main__][INFO] - Step 200 | valid1 MSE : 0.0054 | valid1 MAE : 0.0589 | valid1 NMSE : 0.0092 | valid1 RMSE : 0.0000
[2025-07-29 15:47:05,043][__main__][INFO] - Step 300 | valid1 MSE : 0.0047 | valid1 MAE : 0.0544 | valid1 NMSE : 0.0079 | valid1 RMSE : 0.0000
[2025-07-29 15:47:14,395][__main__][INFO] - Step 400 | valid1 MSE : 0.0048 | valid1 MAE : 0.0551 | valid1 NMSE : 0.0081 | valid1 RMSE : 0.0000
[2025-07-29 15:47:23,614][__main__][INFO] - Step 500 | valid1 MSE : 0.0049 | valid1 MAE : 0.0561 | valid1 NMSE : 0.0083 | valid1 RMSE : 0.0000
[2025-07-29 15:47:32,813][__main__][INFO] - Step 600 | valid1 MSE : 0.0051 | valid1 MAE : 0.0566 | valid1 NMSE : 0.0086 | valid1 RMSE : 0.0000
[2025-07-29 15:47:42,098][__main__][INFO] - Step 700 | valid1 MSE : 0.0045 | valid1 MAE : 0.0535 | valid1 NMSE : 0.0077 | valid1 RMSE : 0.0000
[2025-07-29 15:47:51,477][__main__][INFO] - Step 800 | valid1 MSE : 0.0044 | valid1 MAE : 0.0528 | valid1 NMSE : 0.0075 | valid1 RMSE : 0.0000
[2025-07-29 15:48:00,641][__main__][INFO] - Step 900 | valid1 MSE : 0.0043 | valid1 MAE : 0.0524 | valid1 NMSE : 0.0073 | valid1 RMSE : 0.0000
[2025-07-29 15:48:09,804][__main__][INFO] - Step 1000 | valid1 MSE : 0.0045 | valid1 MAE : 0.0531 | valid1 NMSE : 0.0076 | valid1 RMSE : 0.0000
[2025-07-29 15:48:18,698][__main__][INFO] - Step 1100 | valid1 MSE : 0.0043 | valid1 MAE : 0.0524 | valid1 NMSE : 0.0074 | valid1 RMSE : 0.0000
[2025-07-29 15:48:27,483][__main__][INFO] - Step 1200 | valid1 MSE : 0.0045 | valid1 MAE : 0.0533 | valid1 NMSE : 0.0076 | valid1 RMSE : 0.0000
[2025-07-29 15:48:36,443][__main__][INFO] - Step 1300 | valid1 MSE : 0.0046 | valid1 MAE : 0.0541 | valid1 NMSE : 0.0077 | valid1 RMSE : 0.0000
[2025-07-29 15:48:45,295][__main__][INFO] - Step 1400 | valid1 MSE : 0.0042 | valid1 MAE : 0.0516 | valid1 NMSE : 0.0071 | valid1 RMSE : 0.0000
[2025-07-29 15:48:54,141][__main__][INFO] - Step 1500 | valid1 MSE : 0.0043 | valid1 MAE : 0.0520 | valid1 NMSE : 0.0073 | valid1 RMSE : 0.0000
[2025-07-29 15:49:02,945][__main__][INFO] - Step 1600 | valid1 MSE : 0.0047 | valid1 MAE : 0.0548 | valid1 NMSE : 0.0080 | valid1 RMSE : 0.0000
[2025-07-29 15:49:11,820][__main__][INFO] - Step 1700 | valid1 MSE : 0.0047 | valid1 MAE : 0.0552 | valid1 NMSE : 0.0080 | valid1 RMSE : 0.0000
[2025-07-29 15:49:20,845][__main__][INFO] - Step 1800 | valid1 MSE : 0.0044 | valid1 MAE : 0.0529 | valid1 NMSE : 0.0074 | valid1 RMSE : 0.0000
[2025-07-29 15:49:29,669][__main__][INFO] - Step 1900 | valid1 MSE : 0.0044 | valid1 MAE : 0.0532 | valid1 NMSE : 0.0075 | valid1 RMSE : 0.0000
[2025-07-29 15:49:38,558][__main__][INFO] - Step 2000 | valid1 MSE : 0.0042 | valid1 MAE : 0.0520 | valid1 NMSE : 0.0072 | valid1 RMSE : 0.0000
[2025-07-29 15:49:47,383][__main__][INFO] - Step 2100 | valid1 MSE : 0.0042 | valid1 MAE : 0.0518 | valid1 NMSE : 0.0071 | valid1 RMSE : 0.0000
[2025-07-29 15:49:47,383][__main__][INFO] - Training done in 3.317 min
[2025-07-29 15:49:47,383][__main__][INFO] - Average time per step: 0.095 s
[2025-07-29 15:49:47,423][__main__][INFO] - End of training
[2025-07-29 15:49:48,937][__main__][INFO] - Plotted losses
[2025-07-29 15:49:48,937][__main__][INFO] - Computing test metrics
[2025-07-29 15:49:50,211][__main__][INFO] - Evaluation done in 0.021 min
[2025-07-29 15:49:51,442][__main__][INFO] - Evaluation done in 0.014 min
[2025-07-29 15:49:54,939][__main__][INFO] - Saved plots
[2025-07-29 15:49:54,940][__main__][INFO] - Final mIN parameters: {'beta': np.float32(0.00864076), 'alpha': np.float32(0.9122721)}
[2025-07-29 15:49:54,940][__main__][INFO] - End of script

[2025-07-29 15:50:03,801][__main__][INFO] - =====Running main script=====
[2025-07-29 15:50:03,808][__main__][INFO] - Fetched main configs, save directory : ../outputs/benchmark_min_1/seed_5/init_gamma/
[2025-07-29 15:50:03,808][__main__][INFO] - Model PatchTST, normalization mIN, criterion MSE, kwargs {}
[2025-07-29 15:50:03,862][__main__][INFO] - Fetched dataloaders
[2025-07-29 15:50:03,866][__main__][INFO] - Training data shape : (70, 1, 1000)
[2025-07-29 15:50:03,866][__main__][INFO] - Batch sizes : X=torch.Size([10, 1, 100]), y=torch.Size([10, 1, 20])
[2025-07-29 15:50:07,407][__main__][INFO] - batch_size=10, learning_rate=0.0001, steps per epoch=7, epochs=300
[2025-07-29 15:50:07,408][__main__][INFO] - Starting training...
[2025-07-29 15:50:07,408][__main__][INFO] - Using device: cuda
[2025-07-29 15:50:07,408][__main__][INFO] - Training 300 epochs of 7 batches (2100 steps): , eval_freq: 100, print_freq: 100
[2025-07-29 15:50:15,811][__main__][INFO] - Step 1 | valid1 MSE : 0.4577 | valid1 MAE : 0.5907 | valid1 NMSE : 0.7718 | valid1 RMSE : 0.0009
[2025-07-29 15:50:24,923][__main__][INFO] - Step 100 | valid1 MSE : 0.0053 | valid1 MAE : 0.0583 | valid1 NMSE : 0.0090 | valid1 RMSE : 0.0000
[2025-07-29 15:50:33,646][__main__][INFO] - Step 200 | valid1 MSE : 0.0053 | valid1 MAE : 0.0579 | valid1 NMSE : 0.0089 | valid1 RMSE : 0.0000
[2025-07-29 15:50:42,642][__main__][INFO] - Step 300 | valid1 MSE : 0.0045 | valid1 MAE : 0.0534 | valid1 NMSE : 0.0076 | valid1 RMSE : 0.0000
[2025-07-29 15:50:51,541][__main__][INFO] - Step 400 | valid1 MSE : 0.0044 | valid1 MAE : 0.0530 | valid1 NMSE : 0.0075 | valid1 RMSE : 0.0000
[2025-07-29 15:51:00,597][__main__][INFO] - Step 500 | valid1 MSE : 0.0046 | valid1 MAE : 0.0543 | valid1 NMSE : 0.0078 | valid1 RMSE : 0.0000
[2025-07-29 15:51:09,462][__main__][INFO] - Step 600 | valid1 MSE : 0.0046 | valid1 MAE : 0.0536 | valid1 NMSE : 0.0077 | valid1 RMSE : 0.0000
[2025-07-29 15:51:18,375][__main__][INFO] - Step 700 | valid1 MSE : 0.0041 | valid1 MAE : 0.0507 | valid1 NMSE : 0.0069 | valid1 RMSE : 0.0000
[2025-07-29 15:51:27,197][__main__][INFO] - Step 800 | valid1 MSE : 0.0039 | valid1 MAE : 0.0499 | valid1 NMSE : 0.0067 | valid1 RMSE : 0.0000
[2025-07-29 15:51:36,193][__main__][INFO] - Step 900 | valid1 MSE : 0.0037 | valid1 MAE : 0.0482 | valid1 NMSE : 0.0062 | valid1 RMSE : 0.0000
[2025-07-29 15:51:45,088][__main__][INFO] - Step 1000 | valid1 MSE : 0.0041 | valid1 MAE : 0.0512 | valid1 NMSE : 0.0070 | valid1 RMSE : 0.0000
[2025-07-29 15:51:53,889][__main__][INFO] - Step 1100 | valid1 MSE : 0.0037 | valid1 MAE : 0.0485 | valid1 NMSE : 0.0063 | valid1 RMSE : 0.0000
[2025-07-29 15:52:02,781][__main__][INFO] - Step 1200 | valid1 MSE : 0.0040 | valid1 MAE : 0.0502 | valid1 NMSE : 0.0067 | valid1 RMSE : 0.0000
[2025-07-29 15:52:11,614][__main__][INFO] - Step 1300 | valid1 MSE : 0.0045 | valid1 MAE : 0.0537 | valid1 NMSE : 0.0076 | valid1 RMSE : 0.0000
[2025-07-29 15:52:20,646][__main__][INFO] - Step 1400 | valid1 MSE : 0.0037 | valid1 MAE : 0.0487 | valid1 NMSE : 0.0063 | valid1 RMSE : 0.0000
[2025-07-29 15:52:29,569][__main__][INFO] - Step 1500 | valid1 MSE : 0.0037 | valid1 MAE : 0.0486 | valid1 NMSE : 0.0063 | valid1 RMSE : 0.0000
[2025-07-29 15:52:38,359][__main__][INFO] - Step 1600 | valid1 MSE : 0.0041 | valid1 MAE : 0.0513 | valid1 NMSE : 0.0070 | valid1 RMSE : 0.0000
[2025-07-29 15:52:47,231][__main__][INFO] - Step 1700 | valid1 MSE : 0.0044 | valid1 MAE : 0.0533 | valid1 NMSE : 0.0075 | valid1 RMSE : 0.0000
[2025-07-29 15:52:56,058][__main__][INFO] - Step 1800 | valid1 MSE : 0.0037 | valid1 MAE : 0.0482 | valid1 NMSE : 0.0062 | valid1 RMSE : 0.0000
[2025-07-29 15:53:05,021][__main__][INFO] - Step 1900 | valid1 MSE : 0.0039 | valid1 MAE : 0.0500 | valid1 NMSE : 0.0067 | valid1 RMSE : 0.0000
[2025-07-29 15:53:13,915][__main__][INFO] - Step 2000 | valid1 MSE : 0.0044 | valid1 MAE : 0.0533 | valid1 NMSE : 0.0075 | valid1 RMSE : 0.0000
[2025-07-29 15:53:22,759][__main__][INFO] - Step 2100 | valid1 MSE : 0.0038 | valid1 MAE : 0.0491 | valid1 NMSE : 0.0064 | valid1 RMSE : 0.0000
[2025-07-29 15:53:22,759][__main__][INFO] - Training done in 3.256 min
[2025-07-29 15:53:22,759][__main__][INFO] - Average time per step: 0.093 s
[2025-07-29 15:53:22,789][__main__][INFO] - End of training
[2025-07-29 15:53:24,210][__main__][INFO] - Plotted losses
[2025-07-29 15:53:24,210][__main__][INFO] - Computing test metrics
[2025-07-29 15:53:25,310][__main__][INFO] - Evaluation done in 0.018 min
[2025-07-29 15:53:26,757][__main__][INFO] - Evaluation done in 0.018 min
[2025-07-29 15:53:30,315][__main__][INFO] - Saved plots
[2025-07-29 15:53:30,316][__main__][INFO] - Final mIN parameters: {'beta': np.float32(0.77230227), 'alpha': np.float32(0.8649772)}
[2025-07-29 15:53:30,316][__main__][INFO] - End of script

[2025-07-29 15:53:38,860][__main__][INFO] - =====Running main script=====
[2025-07-29 15:53:38,866][__main__][INFO] - Fetched main configs, save directory : ../outputs/benchmark_min_1/seed_5/fixed_gamma/
[2025-07-29 15:53:38,866][__main__][INFO] - Model PatchTST, normalization mIN, criterion MSE, kwargs {}
[2025-07-29 15:53:38,913][__main__][INFO] - Fetched dataloaders
[2025-07-29 15:53:38,917][__main__][INFO] - Training data shape : (70, 1, 1000)
[2025-07-29 15:53:38,917][__main__][INFO] - Batch sizes : X=torch.Size([10, 1, 100]), y=torch.Size([10, 1, 20])
[2025-07-29 15:53:42,244][__main__][INFO] - batch_size=10, learning_rate=0.0001, steps per epoch=7, epochs=300
[2025-07-29 15:53:42,245][__main__][INFO] - Starting training...
[2025-07-29 15:53:42,245][__main__][INFO] - Using device: cuda
[2025-07-29 15:53:42,245][__main__][INFO] - Training 300 epochs of 7 batches (2100 steps): , eval_freq: 100, print_freq: 100
[2025-07-29 15:53:50,858][__main__][INFO] - Step 1 | valid1 MSE : 0.4577 | valid1 MAE : 0.5907 | valid1 NMSE : 0.7718 | valid1 RMSE : 0.0009
[2025-07-29 15:54:00,234][__main__][INFO] - Step 100 | valid1 MSE : 0.0054 | valid1 MAE : 0.0586 | valid1 NMSE : 0.0091 | valid1 RMSE : 0.0000
[2025-07-29 15:54:09,377][__main__][INFO] - Step 200 | valid1 MSE : 0.0054 | valid1 MAE : 0.0584 | valid1 NMSE : 0.0091 | valid1 RMSE : 0.0000
[2025-07-29 15:54:18,810][__main__][INFO] - Step 300 | valid1 MSE : 0.0045 | valid1 MAE : 0.0539 | valid1 NMSE : 0.0077 | valid1 RMSE : 0.0000
[2025-07-29 15:54:28,044][__main__][INFO] - Step 400 | valid1 MSE : 0.0045 | valid1 MAE : 0.0535 | valid1 NMSE : 0.0076 | valid1 RMSE : 0.0000
[2025-07-29 15:54:37,536][__main__][INFO] - Step 500 | valid1 MSE : 0.0047 | valid1 MAE : 0.0552 | valid1 NMSE : 0.0081 | valid1 RMSE : 0.0000
[2025-07-29 15:54:46,705][__main__][INFO] - Step 600 | valid1 MSE : 0.0047 | valid1 MAE : 0.0545 | valid1 NMSE : 0.0079 | valid1 RMSE : 0.0000
[2025-07-29 15:54:55,946][__main__][INFO] - Step 700 | valid1 MSE : 0.0042 | valid1 MAE : 0.0515 | valid1 NMSE : 0.0071 | valid1 RMSE : 0.0000
[2025-07-29 15:55:05,159][__main__][INFO] - Step 800 | valid1 MSE : 0.0040 | valid1 MAE : 0.0505 | valid1 NMSE : 0.0069 | valid1 RMSE : 0.0000
[2025-07-29 15:55:14,473][__main__][INFO] - Step 900 | valid1 MSE : 0.0037 | valid1 MAE : 0.0487 | valid1 NMSE : 0.0063 | valid1 RMSE : 0.0000
[2025-07-29 15:55:23,772][__main__][INFO] - Step 1000 | valid1 MSE : 0.0042 | valid1 MAE : 0.0517 | valid1 NMSE : 0.0071 | valid1 RMSE : 0.0000
[2025-07-29 15:55:32,906][__main__][INFO] - Step 1100 | valid1 MSE : 0.0038 | valid1 MAE : 0.0489 | valid1 NMSE : 0.0064 | valid1 RMSE : 0.0000
[2025-07-29 15:55:42,155][__main__][INFO] - Step 1200 | valid1 MSE : 0.0041 | valid1 MAE : 0.0511 | valid1 NMSE : 0.0070 | valid1 RMSE : 0.0000
[2025-07-29 15:55:51,349][__main__][INFO] - Step 1300 | valid1 MSE : 0.0047 | valid1 MAE : 0.0550 | valid1 NMSE : 0.0080 | valid1 RMSE : 0.0000
[2025-07-29 15:56:00,491][__main__][INFO] - Step 1400 | valid1 MSE : 0.0038 | valid1 MAE : 0.0493 | valid1 NMSE : 0.0065 | valid1 RMSE : 0.0000
[2025-07-29 15:56:10,042][__main__][INFO] - Step 1500 | valid1 MSE : 0.0038 | valid1 MAE : 0.0489 | valid1 NMSE : 0.0064 | valid1 RMSE : 0.0000
[2025-07-29 15:56:19,229][__main__][INFO] - Step 1600 | valid1 MSE : 0.0042 | valid1 MAE : 0.0519 | valid1 NMSE : 0.0071 | valid1 RMSE : 0.0000
[2025-07-29 15:56:28,543][__main__][INFO] - Step 1700 | valid1 MSE : 0.0045 | valid1 MAE : 0.0536 | valid1 NMSE : 0.0076 | valid1 RMSE : 0.0000
[2025-07-29 15:56:37,772][__main__][INFO] - Step 1800 | valid1 MSE : 0.0038 | valid1 MAE : 0.0491 | valid1 NMSE : 0.0064 | valid1 RMSE : 0.0000
[2025-07-29 15:56:47,122][__main__][INFO] - Step 1900 | valid1 MSE : 0.0041 | valid1 MAE : 0.0511 | valid1 NMSE : 0.0070 | valid1 RMSE : 0.0000
[2025-07-29 15:56:56,402][__main__][INFO] - Step 2000 | valid1 MSE : 0.0046 | valid1 MAE : 0.0542 | valid1 NMSE : 0.0078 | valid1 RMSE : 0.0000
[2025-07-29 15:57:05,625][__main__][INFO] - Step 2100 | valid1 MSE : 0.0040 | valid1 MAE : 0.0502 | valid1 NMSE : 0.0067 | valid1 RMSE : 0.0000
[2025-07-29 15:57:05,626][__main__][INFO] - Training done in 3.390 min
[2025-07-29 15:57:05,626][__main__][INFO] - Average time per step: 0.097 s
[2025-07-29 15:57:05,654][__main__][INFO] - End of training
[2025-07-29 15:57:07,062][__main__][INFO] - Plotted losses
[2025-07-29 15:57:07,062][__main__][INFO] - Computing test metrics
[2025-07-29 15:57:08,322][__main__][INFO] - Evaluation done in 0.021 min
[2025-07-29 15:57:09,599][__main__][INFO] - Evaluation done in 0.015 min
[2025-07-29 15:57:13,167][__main__][INFO] - Saved plots
[2025-07-29 15:57:13,167][__main__][INFO] - Final mIN parameters: {'beta': np.float32(0.77), 'alpha': np.float32(0.95)}
[2025-07-29 15:57:13,167][__main__][INFO] - End of script

Table of test1_mean_results.json
+-----------------+---------------------+------------------+------------------+------------------+------------------+------------------+------------------+------------------+
|                 | PatchTST_instance   | PatchTST_revin   | default          | init             | fixed            | default_gamma    | init_gamma       | fixed_gamma      |
+=================+=====================+==================+==================+==================+==================+==================+==================+==================+
| Test MAE * 1e3  | 1.3682 ± 0.6607     | 0.0000 ± 0.0000  | -0.0652 ± 0.1510 | -2.2851 ± 0.8837 | -1.0631 ± 1.2663 | -1.0719 ± 0.5026 | -3.0975 ± 0.8939 | -2.1385 ± 0.9557 |
+-----------------+---------------------+------------------+------------------+------------------+------------------+------------------+------------------+------------------+
| Test MSE * 1e3  | 0.2294 ± 0.1118     | 0.0000 ± 0.0000  | -0.0113 ± 0.0241 | -0.3612 ± 0.1665 | -0.1651 ± 0.2410 | -0.1729 ± 0.0812 | -0.4908 ± 0.1633 | -0.3370 ± 0.1800 |
+-----------------+---------------------+------------------+------------------+------------------+------------------+------------------+------------------+------------------+
| Test NMSE * 1e4 | 3.8944 ± 1.9127     | 0.0000 ± 0.0000  | -0.1971 ± 0.4122 | -6.1240 ± 2.8354 | -2.7941 ± 4.1236 | -2.9345 ± 1.4008 | -8.3243 ± 2.7656 | -5.7135 ± 3.0711 |
+-----------------+---------------------+------------------+------------------+------------------+------------------+------------------+------------------+------------------+
| Test RMSE * 1e6 | 0.2944 ± 0.1439     | 0.0000 ± 0.0000  | -0.0145 ± 0.0310 | -0.4621 ± 0.2140 | -0.2103 ± 0.3093 | -0.2220 ± 0.1046 | -0.6285 ± 0.2105 | -0.4310 ± 0.2312 |
+-----------------+---------------------+------------------+------------------+------------------+------------------+------------------+------------------+------------------+
Table of test2_mean_results.json
+-----------------+---------------------+------------------+------------------+------------------+------------------+------------------+------------------+------------------+
|                 | PatchTST_instance   | PatchTST_revin   | default          | init             | fixed            | default_gamma    | init_gamma       | fixed_gamma      |
+=================+=====================+==================+==================+==================+==================+==================+==================+==================+
| Test MAE * 1e3  | 1.3749 ± 0.6583     | 0.0000 ± 0.0000  | -0.0683 ± 0.1485 | -2.2755 ± 0.8768 | -1.0508 ± 1.2596 | -1.0738 ± 0.5018 | -3.0905 ± 0.8826 | -2.1264 ± 0.9518 |
+-----------------+---------------------+------------------+------------------+------------------+------------------+------------------+------------------+------------------+
| Test MSE * 1e3  | 0.2293 ± 0.1115     | 0.0000 ± 0.0000  | -0.0118 ± 0.0241 | -0.3545 ± 0.1635 | -0.1569 ± 0.2405 | -0.1729 ± 0.0809 | -0.4844 ± 0.1589 | -0.3297 ± 0.1777 |
+-----------------+---------------------+------------------+------------------+------------------+------------------+------------------+------------------+------------------+
| Test NMSE * 1e4 | 3.8916 ± 1.9051     | 0.0000 ± 0.0000  | -0.2050 ± 0.4106 | -6.0053 ± 2.7900 | -2.6530 ± 4.1221 | -2.9328 ± 1.3934 | -8.2114 ± 2.6916 | -5.5859 ± 3.0381 |
+-----------------+---------------------+------------------+------------------+------------------+------------------+------------------+------------------+------------------+
| Test RMSE * 1e6 | 0.2912 ± 0.1409     | 0.0000 ± 0.0000  | -0.0149 ± 0.0305 | -0.4498 ± 0.2069 | -0.1989 ± 0.3057 | -0.2196 ± 0.1021 | -0.6150 ± 0.1998 | -0.4184 ± 0.2252 |
+-----------------+---------------------+------------------+------------------+------------------+------------------+------------------+------------------+------------------+
