[2025-08-11 09:09:34,642][__main__][INFO] - =====Running main script=====
[2025-08-11 09:09:34,650][__main__][INFO] - Fetched main configs, save directory : ../outputs/benchmark_min_1/seed_1/PatchTST_instance_NMSE/
[2025-08-11 09:09:34,650][__main__][INFO] - Model PatchTST, normalization instance, criterion NMSE, kwargs {}
[2025-08-11 09:09:34,692][__main__][INFO] - Fetched dataloaders
[2025-08-11 09:09:34,880][__main__][INFO] - Training data shape : (70, 1, 1000)
[2025-08-11 09:09:34,880][__main__][INFO] - Batch sizes : X=torch.Size([10, 1, 100]), y=torch.Size([10, 1, 20])
[2025-08-11 09:09:39,497][__main__][INFO] - batch_size=10, learning_rate=0.0001, steps per epoch=7, epochs=300
[2025-08-11 09:09:39,497][__main__][INFO] - Starting training...
[2025-08-11 09:09:39,497][__main__][INFO] - Using device: cuda
[2025-08-11 09:09:39,497][__main__][INFO] - Training 300 epochs of 7 batches (2100 steps): , eval_freq: 100, print_freq: 100
[2025-08-11 09:09:42,875][__main__][INFO] - Step 1 | valid1 MSE : 0.9482 | valid1 NMSE : 1.6042
[2025-08-11 09:09:44,915][__main__][INFO] - Step 100 | valid1 MSE : 0.0051 | valid1 NMSE : 0.0086
[2025-08-11 09:09:46,735][__main__][INFO] - Step 200 | valid1 MSE : 0.0051 | valid1 NMSE : 0.0087
[2025-08-11 09:09:48,760][__main__][INFO] - Step 300 | valid1 MSE : 0.0052 | valid1 NMSE : 0.0089
[2025-08-11 09:09:50,756][__main__][INFO] - Step 400 | valid1 MSE : 0.0051 | valid1 NMSE : 0.0087
[2025-08-11 09:09:52,740][__main__][INFO] - Step 500 | valid1 MSE : 0.0047 | valid1 NMSE : 0.0079
[2025-08-11 09:09:54,508][__main__][INFO] - Step 600 | valid1 MSE : 0.0051 | valid1 NMSE : 0.0086
[2025-08-11 09:09:56,441][__main__][INFO] - Step 700 | valid1 MSE : 0.0047 | valid1 NMSE : 0.0079
[2025-08-11 09:09:58,416][__main__][INFO] - Step 800 | valid1 MSE : 0.0050 | valid1 NMSE : 0.0085
[2025-08-11 09:10:00,381][__main__][INFO] - Step 900 | valid1 MSE : 0.0047 | valid1 NMSE : 0.0080
[2025-08-11 09:10:02,212][__main__][INFO] - Step 1000 | valid1 MSE : 0.0045 | valid1 NMSE : 0.0076
[2025-08-11 09:10:04,222][__main__][INFO] - Step 1100 | valid1 MSE : 0.0050 | valid1 NMSE : 0.0085
[2025-08-11 09:10:06,278][__main__][INFO] - Step 1200 | valid1 MSE : 0.0052 | valid1 NMSE : 0.0087
[2025-08-11 09:10:08,302][__main__][INFO] - Step 1300 | valid1 MSE : 0.0050 | valid1 NMSE : 0.0084
[2025-08-11 09:10:10,107][__main__][INFO] - Step 1400 | valid1 MSE : 0.0045 | valid1 NMSE : 0.0076
[2025-08-11 09:10:12,131][__main__][INFO] - Step 1500 | valid1 MSE : 0.0042 | valid1 NMSE : 0.0071
[2025-08-11 09:10:14,167][__main__][INFO] - Step 1600 | valid1 MSE : 0.0045 | valid1 NMSE : 0.0076
[2025-08-11 09:10:16,194][__main__][INFO] - Step 1700 | valid1 MSE : 0.0043 | valid1 NMSE : 0.0072
[2025-08-11 09:10:18,039][__main__][INFO] - Step 1800 | valid1 MSE : 0.0049 | valid1 NMSE : 0.0084
[2025-08-11 09:10:20,037][__main__][INFO] - Step 1900 | valid1 MSE : 0.0045 | valid1 NMSE : 0.0075
[2025-08-11 09:10:22,075][__main__][INFO] - Step 2000 | valid1 MSE : 0.0052 | valid1 NMSE : 0.0089
[2025-08-11 09:10:24,083][__main__][INFO] - Step 2100 | valid1 MSE : 0.0046 | valid1 NMSE : 0.0077
[2025-08-11 09:10:24,083][__main__][INFO] - Training done in 0.743 min
[2025-08-11 09:10:24,083][__main__][INFO] - Average time per step: 0.021 s
[2025-08-11 09:10:24,110][__main__][INFO] - End of training
[2025-08-11 09:10:25,531][__main__][INFO] - Plotted losses
[2025-08-11 09:10:25,531][__main__][INFO] - Computing test metrics
[2025-08-11 09:10:25,842][__main__][INFO] - Evaluation done in 0.005 min
[2025-08-11 09:10:26,033][__main__][INFO] - Evaluation done in 0.001 min
[2025-08-11 09:10:26,395][__main__][INFO] - Saved plots
[2025-08-11 09:10:26,395][__main__][INFO] - End of script

[2025-08-11 09:10:34,205][__main__][INFO] - =====Running main script=====
[2025-08-11 09:10:34,212][__main__][INFO] - Fetched main configs, save directory : ../outputs/benchmark_min_1/seed_1/PatchTST_revin_NMSE/
[2025-08-11 09:10:34,212][__main__][INFO] - Model PatchTST, normalization revin, criterion NMSE, kwargs {}
[2025-08-11 09:10:34,251][__main__][INFO] - Fetched dataloaders
[2025-08-11 09:10:34,254][__main__][INFO] - Training data shape : (70, 1, 1000)
[2025-08-11 09:10:34,254][__main__][INFO] - Batch sizes : X=torch.Size([10, 1, 100]), y=torch.Size([10, 1, 20])
[2025-08-11 09:10:36,956][__main__][INFO] - batch_size=10, learning_rate=0.0001, steps per epoch=7, epochs=300
[2025-08-11 09:10:36,956][__main__][INFO] - Starting training...
[2025-08-11 09:10:36,956][__main__][INFO] - Using device: cuda
[2025-08-11 09:10:36,956][__main__][INFO] - Training 300 epochs of 7 batches (2100 steps): , eval_freq: 100, print_freq: 100
[2025-08-11 09:10:38,876][__main__][INFO] - Step 1 | valid1 MSE : 0.9481 | valid1 NMSE : 1.6041
[2025-08-11 09:10:40,938][__main__][INFO] - Step 100 | valid1 MSE : 0.0050 | valid1 NMSE : 0.0085
[2025-08-11 09:10:42,810][__main__][INFO] - Step 200 | valid1 MSE : 0.0051 | valid1 NMSE : 0.0086
[2025-08-11 09:10:44,860][__main__][INFO] - Step 300 | valid1 MSE : 0.0051 | valid1 NMSE : 0.0087
[2025-08-11 09:10:46,950][__main__][INFO] - Step 400 | valid1 MSE : 0.0050 | valid1 NMSE : 0.0084
[2025-08-11 09:10:49,033][__main__][INFO] - Step 500 | valid1 MSE : 0.0046 | valid1 NMSE : 0.0078
[2025-08-11 09:10:50,942][__main__][INFO] - Step 600 | valid1 MSE : 0.0049 | valid1 NMSE : 0.0083
[2025-08-11 09:10:53,005][__main__][INFO] - Step 700 | valid1 MSE : 0.0045 | valid1 NMSE : 0.0077
[2025-08-11 09:10:55,080][__main__][INFO] - Step 800 | valid1 MSE : 0.0049 | valid1 NMSE : 0.0082
[2025-08-11 09:10:57,159][__main__][INFO] - Step 900 | valid1 MSE : 0.0046 | valid1 NMSE : 0.0078
[2025-08-11 09:10:58,993][__main__][INFO] - Step 1000 | valid1 MSE : 0.0043 | valid1 NMSE : 0.0073
[2025-08-11 09:11:00,948][__main__][INFO] - Step 1100 | valid1 MSE : 0.0048 | valid1 NMSE : 0.0082
[2025-08-11 09:11:02,930][__main__][INFO] - Step 1200 | valid1 MSE : 0.0048 | valid1 NMSE : 0.0081
[2025-08-11 09:11:04,907][__main__][INFO] - Step 1300 | valid1 MSE : 0.0047 | valid1 NMSE : 0.0080
[2025-08-11 09:11:06,695][__main__][INFO] - Step 1400 | valid1 MSE : 0.0044 | valid1 NMSE : 0.0075
[2025-08-11 09:11:08,702][__main__][INFO] - Step 1500 | valid1 MSE : 0.0039 | valid1 NMSE : 0.0067
[2025-08-11 09:11:10,805][__main__][INFO] - Step 1600 | valid1 MSE : 0.0043 | valid1 NMSE : 0.0073
[2025-08-11 09:11:12,894][__main__][INFO] - Step 1700 | valid1 MSE : 0.0042 | valid1 NMSE : 0.0071
[2025-08-11 09:11:14,798][__main__][INFO] - Step 1800 | valid1 MSE : 0.0047 | valid1 NMSE : 0.0080
[2025-08-11 09:11:16,794][__main__][INFO] - Step 1900 | valid1 MSE : 0.0042 | valid1 NMSE : 0.0071
[2025-08-11 09:11:18,627][__main__][INFO] - Step 2000 | valid1 MSE : 0.0049 | valid1 NMSE : 0.0083
[2025-08-11 09:11:20,578][__main__][INFO] - Step 2100 | valid1 MSE : 0.0043 | valid1 NMSE : 0.0072
[2025-08-11 09:11:20,578][__main__][INFO] - Training done in 0.727 min
[2025-08-11 09:11:20,578][__main__][INFO] - Average time per step: 0.021 s
[2025-08-11 09:11:20,602][__main__][INFO] - End of training
[2025-08-11 09:11:21,373][__main__][INFO] - Plotted losses
[2025-08-11 09:11:21,373][__main__][INFO] - Computing test metrics
[2025-08-11 09:11:21,689][__main__][INFO] - Evaluation done in 0.005 min
[2025-08-11 09:11:21,882][__main__][INFO] - Evaluation done in 0.002 min
[2025-08-11 09:11:22,085][__main__][INFO] - Saved plots
[2025-08-11 09:11:22,085][__main__][INFO] - Final mIN parameters: {'beta': np.float32(-0.007893871), 'alpha': np.float32(1.0854962)}
[2025-08-11 09:11:22,086][__main__][INFO] - End of script

[2025-08-11 09:11:28,879][__main__][INFO] - =====Running main script=====
[2025-08-11 09:11:28,887][__main__][INFO] - Fetched main configs, save directory : ../outputs/benchmark_min_1/seed_1/default/
[2025-08-11 09:11:28,887][__main__][INFO] - Model PatchTST, normalization mIN, criterion NMSE, kwargs {}
[2025-08-11 09:11:28,925][__main__][INFO] - Fetched dataloaders
[2025-08-11 09:11:28,928][__main__][INFO] - Training data shape : (70, 1, 1000)
[2025-08-11 09:11:28,928][__main__][INFO] - Batch sizes : X=torch.Size([10, 1, 100]), y=torch.Size([10, 1, 20])
[2025-08-11 09:11:32,023][__main__][INFO] - batch_size=10, learning_rate=0.0001, steps per epoch=7, epochs=300
[2025-08-11 09:11:32,024][__main__][INFO] - Starting training...
[2025-08-11 09:11:32,024][__main__][INFO] - Using device: cuda
[2025-08-11 09:11:32,024][__main__][INFO] - Training 300 epochs of 7 batches (2100 steps): , eval_freq: 100, print_freq: 100
[2025-08-11 09:11:33,791][__main__][INFO] - Step 1 | valid1 MSE : 0.9480 | valid1 NMSE : 1.6040
[2025-08-11 09:11:35,858][__main__][INFO] - Step 100 | valid1 MSE : 0.0051 | valid1 NMSE : 0.0085
[2025-08-11 09:11:37,720][__main__][INFO] - Step 200 | valid1 MSE : 0.0051 | valid1 NMSE : 0.0086
[2025-08-11 09:11:39,804][__main__][INFO] - Step 300 | valid1 MSE : 0.0051 | valid1 NMSE : 0.0087
[2025-08-11 09:11:41,861][__main__][INFO] - Step 400 | valid1 MSE : 0.0050 | valid1 NMSE : 0.0084
[2025-08-11 09:11:43,894][__main__][INFO] - Step 500 | valid1 MSE : 0.0046 | valid1 NMSE : 0.0078
[2025-08-11 09:11:45,762][__main__][INFO] - Step 600 | valid1 MSE : 0.0049 | valid1 NMSE : 0.0084
[2025-08-11 09:11:47,813][__main__][INFO] - Step 700 | valid1 MSE : 0.0046 | valid1 NMSE : 0.0077
[2025-08-11 09:11:49,853][__main__][INFO] - Step 800 | valid1 MSE : 0.0049 | valid1 NMSE : 0.0083
[2025-08-11 09:11:51,907][__main__][INFO] - Step 900 | valid1 MSE : 0.0046 | valid1 NMSE : 0.0078
[2025-08-11 09:11:53,751][__main__][INFO] - Step 1000 | valid1 MSE : 0.0043 | valid1 NMSE : 0.0073
[2025-08-11 09:11:55,772][__main__][INFO] - Step 1100 | valid1 MSE : 0.0048 | valid1 NMSE : 0.0082
[2025-08-11 09:11:57,777][__main__][INFO] - Step 1200 | valid1 MSE : 0.0048 | valid1 NMSE : 0.0081
[2025-08-11 09:11:59,839][__main__][INFO] - Step 1300 | valid1 MSE : 0.0047 | valid1 NMSE : 0.0080
[2025-08-11 09:12:01,709][__main__][INFO] - Step 1400 | valid1 MSE : 0.0044 | valid1 NMSE : 0.0075
[2025-08-11 09:12:03,732][__main__][INFO] - Step 1500 | valid1 MSE : 0.0039 | valid1 NMSE : 0.0066
[2025-08-11 09:12:05,747][__main__][INFO] - Step 1600 | valid1 MSE : 0.0043 | valid1 NMSE : 0.0073
[2025-08-11 09:12:07,704][__main__][INFO] - Step 1700 | valid1 MSE : 0.0042 | valid1 NMSE : 0.0071
[2025-08-11 09:12:09,466][__main__][INFO] - Step 1800 | valid1 MSE : 0.0047 | valid1 NMSE : 0.0080
[2025-08-11 09:12:11,443][__main__][INFO] - Step 1900 | valid1 MSE : 0.0042 | valid1 NMSE : 0.0071
[2025-08-11 09:12:13,417][__main__][INFO] - Step 2000 | valid1 MSE : 0.0049 | valid1 NMSE : 0.0083
[2025-08-11 09:12:15,459][__main__][INFO] - Step 2100 | valid1 MSE : 0.0042 | valid1 NMSE : 0.0072
[2025-08-11 09:12:15,459][__main__][INFO] - Training done in 0.724 min
[2025-08-11 09:12:15,459][__main__][INFO] - Average time per step: 0.021 s
[2025-08-11 09:12:15,483][__main__][INFO] - End of training
[2025-08-11 09:12:16,272][__main__][INFO] - Plotted losses
[2025-08-11 09:12:16,272][__main__][INFO] - Computing test metrics
[2025-08-11 09:12:16,383][__main__][INFO] - Evaluation done in 0.002 min
[2025-08-11 09:12:16,783][__main__][INFO] - Evaluation done in 0.005 min
[2025-08-11 09:12:16,983][__main__][INFO] - Saved plots
[2025-08-11 09:12:16,984][__main__][INFO] - Final mIN parameters: {'beta': np.float32(0.0083458405), 'alpha': np.float32(0.9106509)}
[2025-08-11 09:12:16,984][__main__][INFO] - End of script

[2025-08-11 09:12:24,128][__main__][INFO] - =====Running main script=====
[2025-08-11 09:12:24,135][__main__][INFO] - Fetched main configs, save directory : ../outputs/benchmark_min_1/seed_1/init/
[2025-08-11 09:12:24,135][__main__][INFO] - Model PatchTST, normalization mIN, criterion NMSE, kwargs {}
[2025-08-11 09:12:24,171][__main__][INFO] - Fetched dataloaders
[2025-08-11 09:12:24,173][__main__][INFO] - Training data shape : (70, 1, 1000)
[2025-08-11 09:12:24,173][__main__][INFO] - Batch sizes : X=torch.Size([10, 1, 100]), y=torch.Size([10, 1, 20])
[2025-08-11 09:12:26,714][__main__][INFO] - batch_size=10, learning_rate=0.0001, steps per epoch=7, epochs=300
[2025-08-11 09:12:26,714][__main__][INFO] - Starting training...
[2025-08-11 09:12:26,714][__main__][INFO] - Using device: cuda
[2025-08-11 09:12:26,714][__main__][INFO] - Training 300 epochs of 7 batches (2100 steps): , eval_freq: 100, print_freq: 100
[2025-08-11 09:12:28,486][__main__][INFO] - Step 1 | valid1 MSE : 0.5570 | valid1 NMSE : 0.9400
[2025-08-11 09:12:30,550][__main__][INFO] - Step 100 | valid1 MSE : 0.0050 | valid1 NMSE : 0.0085
[2025-08-11 09:12:32,419][__main__][INFO] - Step 200 | valid1 MSE : 0.0045 | valid1 NMSE : 0.0077
[2025-08-11 09:12:34,528][__main__][INFO] - Step 300 | valid1 MSE : 0.0047 | valid1 NMSE : 0.0080
[2025-08-11 09:12:36,614][__main__][INFO] - Step 400 | valid1 MSE : 0.0046 | valid1 NMSE : 0.0078
[2025-08-11 09:12:38,677][__main__][INFO] - Step 500 | valid1 MSE : 0.0041 | valid1 NMSE : 0.0070
[2025-08-11 09:12:40,527][__main__][INFO] - Step 600 | valid1 MSE : 0.0044 | valid1 NMSE : 0.0075
[2025-08-11 09:12:42,570][__main__][INFO] - Step 700 | valid1 MSE : 0.0042 | valid1 NMSE : 0.0070
[2025-08-11 09:12:44,608][__main__][INFO] - Step 800 | valid1 MSE : 0.0046 | valid1 NMSE : 0.0079
[2025-08-11 09:12:46,653][__main__][INFO] - Step 900 | valid1 MSE : 0.0041 | valid1 NMSE : 0.0069
[2025-08-11 09:12:48,510][__main__][INFO] - Step 1000 | valid1 MSE : 0.0038 | valid1 NMSE : 0.0065
[2025-08-11 09:12:50,542][__main__][INFO] - Step 1100 | valid1 MSE : 0.0040 | valid1 NMSE : 0.0068
[2025-08-11 09:12:52,577][__main__][INFO] - Step 1200 | valid1 MSE : 0.0046 | valid1 NMSE : 0.0078
[2025-08-11 09:12:54,624][__main__][INFO] - Step 1300 | valid1 MSE : 0.0045 | valid1 NMSE : 0.0075
[2025-08-11 09:12:56,465][__main__][INFO] - Step 1400 | valid1 MSE : 0.0037 | valid1 NMSE : 0.0063
[2025-08-11 09:12:58,529][__main__][INFO] - Step 1500 | valid1 MSE : 0.0040 | valid1 NMSE : 0.0067
[2025-08-11 09:13:00,569][__main__][INFO] - Step 1600 | valid1 MSE : 0.0035 | valid1 NMSE : 0.0060
[2025-08-11 09:13:02,616][__main__][INFO] - Step 1700 | valid1 MSE : 0.0036 | valid1 NMSE : 0.0061
[2025-08-11 09:13:04,457][__main__][INFO] - Step 1800 | valid1 MSE : 0.0042 | valid1 NMSE : 0.0071
[2025-08-11 09:13:06,509][__main__][INFO] - Step 1900 | valid1 MSE : 0.0037 | valid1 NMSE : 0.0063
[2025-08-11 09:13:08,590][__main__][INFO] - Step 2000 | valid1 MSE : 0.0045 | valid1 NMSE : 0.0076
[2025-08-11 09:13:10,556][__main__][INFO] - Step 2100 | valid1 MSE : 0.0042 | valid1 NMSE : 0.0071
[2025-08-11 09:13:10,557][__main__][INFO] - Training done in 0.731 min
[2025-08-11 09:13:10,557][__main__][INFO] - Average time per step: 0.021 s
[2025-08-11 09:13:10,580][__main__][INFO] - End of training
[2025-08-11 09:13:11,247][__main__][INFO] - Plotted losses
[2025-08-11 09:13:11,247][__main__][INFO] - Computing test metrics
[2025-08-11 09:13:11,345][__main__][INFO] - Evaluation done in 0.002 min
[2025-08-11 09:13:11,690][__main__][INFO] - Evaluation done in 0.004 min
[2025-08-11 09:13:11,914][__main__][INFO] - Saved plots
[2025-08-11 09:13:11,914][__main__][INFO] - Final mIN parameters: {'beta': np.float32(0.7726285), 'alpha': np.float32(0.8610421)}
[2025-08-11 09:13:11,914][__main__][INFO] - End of script

[2025-08-11 09:13:18,081][__main__][INFO] - =====Running main script=====
[2025-08-11 09:13:18,088][__main__][INFO] - Fetched main configs, save directory : ../outputs/benchmark_min_1/seed_1/fixed/
[2025-08-11 09:13:18,088][__main__][INFO] - Model PatchTST, normalization mIN, criterion NMSE, kwargs {}
[2025-08-11 09:13:18,125][__main__][INFO] - Fetched dataloaders
[2025-08-11 09:13:18,128][__main__][INFO] - Training data shape : (70, 1, 1000)
[2025-08-11 09:13:18,128][__main__][INFO] - Batch sizes : X=torch.Size([10, 1, 100]), y=torch.Size([10, 1, 20])
[2025-08-11 09:13:21,022][__main__][INFO] - batch_size=10, learning_rate=0.0001, steps per epoch=7, epochs=300
[2025-08-11 09:13:21,022][__main__][INFO] - Starting training...
[2025-08-11 09:13:21,022][__main__][INFO] - Using device: cuda
[2025-08-11 09:13:21,022][__main__][INFO] - Training 300 epochs of 7 batches (2100 steps): , eval_freq: 100, print_freq: 100
[2025-08-11 09:13:22,726][__main__][INFO] - Step 1 | valid1 MSE : 0.5570 | valid1 NMSE : 0.9401
[2025-08-11 09:13:24,784][__main__][INFO] - Step 100 | valid1 MSE : 0.0051 | valid1 NMSE : 0.0086
[2025-08-11 09:13:26,648][__main__][INFO] - Step 200 | valid1 MSE : 0.0046 | valid1 NMSE : 0.0078
[2025-08-11 09:13:28,723][__main__][INFO] - Step 300 | valid1 MSE : 0.0048 | valid1 NMSE : 0.0082
[2025-08-11 09:13:30,749][__main__][INFO] - Step 400 | valid1 MSE : 0.0047 | valid1 NMSE : 0.0080
[2025-08-11 09:13:32,776][__main__][INFO] - Step 500 | valid1 MSE : 0.0042 | valid1 NMSE : 0.0071
[2025-08-11 09:13:34,579][__main__][INFO] - Step 600 | valid1 MSE : 0.0046 | valid1 NMSE : 0.0078
[2025-08-11 09:13:36,560][__main__][INFO] - Step 700 | valid1 MSE : 0.0043 | valid1 NMSE : 0.0073
[2025-08-11 09:13:38,522][__main__][INFO] - Step 800 | valid1 MSE : 0.0048 | valid1 NMSE : 0.0082
[2025-08-11 09:13:40,538][__main__][INFO] - Step 900 | valid1 MSE : 0.0041 | valid1 NMSE : 0.0070
[2025-08-11 09:13:42,386][__main__][INFO] - Step 1000 | valid1 MSE : 0.0039 | valid1 NMSE : 0.0066
[2025-08-11 09:13:44,346][__main__][INFO] - Step 1100 | valid1 MSE : 0.0041 | valid1 NMSE : 0.0070
[2025-08-11 09:13:46,282][__main__][INFO] - Step 1200 | valid1 MSE : 0.0049 | valid1 NMSE : 0.0083
[2025-08-11 09:13:48,074][__main__][INFO] - Step 1300 | valid1 MSE : 0.0046 | valid1 NMSE : 0.0078
[2025-08-11 09:13:50,015][__main__][INFO] - Step 1400 | valid1 MSE : 0.0040 | valid1 NMSE : 0.0067
[2025-08-11 09:13:51,998][__main__][INFO] - Step 1500 | valid1 MSE : 0.0043 | valid1 NMSE : 0.0072
[2025-08-11 09:13:54,064][__main__][INFO] - Step 1600 | valid1 MSE : 0.0038 | valid1 NMSE : 0.0063
[2025-08-11 09:13:55,902][__main__][INFO] - Step 1700 | valid1 MSE : 0.0038 | valid1 NMSE : 0.0064
[2025-08-11 09:13:57,947][__main__][INFO] - Step 1800 | valid1 MSE : 0.0044 | valid1 NMSE : 0.0075
[2025-08-11 09:13:59,944][__main__][INFO] - Step 1900 | valid1 MSE : 0.0040 | valid1 NMSE : 0.0067
[2025-08-11 09:14:01,907][__main__][INFO] - Step 2000 | valid1 MSE : 0.0046 | valid1 NMSE : 0.0078
[2025-08-11 09:14:03,715][__main__][INFO] - Step 2100 | valid1 MSE : 0.0044 | valid1 NMSE : 0.0075
[2025-08-11 09:14:03,715][__main__][INFO] - Training done in 0.712 min
[2025-08-11 09:14:03,715][__main__][INFO] - Average time per step: 0.020 s
[2025-08-11 09:14:03,739][__main__][INFO] - End of training
[2025-08-11 09:14:04,690][__main__][INFO] - Plotted losses
[2025-08-11 09:14:04,690][__main__][INFO] - Computing test metrics
[2025-08-11 09:14:04,802][__main__][INFO] - Evaluation done in 0.002 min
[2025-08-11 09:14:05,162][__main__][INFO] - Evaluation done in 0.004 min
[2025-08-11 09:14:05,357][__main__][INFO] - Saved plots
[2025-08-11 09:14:05,357][__main__][INFO] - Final mIN parameters: {'beta': np.float32(0.77), 'alpha': np.float32(0.95)}
[2025-08-11 09:14:05,357][__main__][INFO] - End of script

[2025-08-11 09:14:12,625][__main__][INFO] - =====Running main script=====
[2025-08-11 09:14:12,632][__main__][INFO] - Fetched main configs, save directory : ../outputs/benchmark_min_1/seed_1/default_gamma/
[2025-08-11 09:14:12,632][__main__][INFO] - Model PatchTST, normalization mIN, criterion NMSE, kwargs {}
[2025-08-11 09:14:12,672][__main__][INFO] - Fetched dataloaders
[2025-08-11 09:14:12,674][__main__][INFO] - Training data shape : (70, 1, 1000)
[2025-08-11 09:14:12,675][__main__][INFO] - Batch sizes : X=torch.Size([10, 1, 100]), y=torch.Size([10, 1, 20])
[2025-08-11 09:14:15,407][__main__][INFO] - batch_size=10, learning_rate=0.0001, steps per epoch=7, epochs=300
[2025-08-11 09:14:15,407][__main__][INFO] - Starting training...
[2025-08-11 09:14:15,407][__main__][INFO] - Using device: cuda
[2025-08-11 09:14:15,407][__main__][INFO] - Training 300 epochs of 7 batches (2100 steps): , eval_freq: 100, print_freq: 100
[2025-08-11 09:14:17,195][__main__][INFO] - Step 1 | valid1 MSE : 0.9480 | valid1 NMSE : 1.6039
[2025-08-11 09:14:19,284][__main__][INFO] - Step 100 | valid1 MSE : 0.0050 | valid1 NMSE : 0.0085
[2025-08-11 09:14:21,149][__main__][INFO] - Step 200 | valid1 MSE : 0.0050 | valid1 NMSE : 0.0085
[2025-08-11 09:14:23,031][__main__][INFO] - Step 300 | valid1 MSE : 0.0050 | valid1 NMSE : 0.0085
[2025-08-11 09:14:24,968][__main__][INFO] - Step 400 | valid1 MSE : 0.0048 | valid1 NMSE : 0.0082
[2025-08-11 09:14:26,947][__main__][INFO] - Step 500 | valid1 MSE : 0.0046 | valid1 NMSE : 0.0077
[2025-08-11 09:14:28,675][__main__][INFO] - Step 600 | valid1 MSE : 0.0048 | valid1 NMSE : 0.0081
[2025-08-11 09:14:30,594][__main__][INFO] - Step 700 | valid1 MSE : 0.0044 | valid1 NMSE : 0.0075
[2025-08-11 09:14:32,453][__main__][INFO] - Step 800 | valid1 MSE : 0.0048 | valid1 NMSE : 0.0081
[2025-08-11 09:14:34,388][__main__][INFO] - Step 900 | valid1 MSE : 0.0045 | valid1 NMSE : 0.0076
[2025-08-11 09:14:36,137][__main__][INFO] - Step 1000 | valid1 MSE : 0.0042 | valid1 NMSE : 0.0071
[2025-08-11 09:14:38,111][__main__][INFO] - Step 1100 | valid1 MSE : 0.0047 | valid1 NMSE : 0.0079
[2025-08-11 09:14:40,110][__main__][INFO] - Step 1200 | valid1 MSE : 0.0045 | valid1 NMSE : 0.0076
[2025-08-11 09:14:42,078][__main__][INFO] - Step 1300 | valid1 MSE : 0.0046 | valid1 NMSE : 0.0077
[2025-08-11 09:14:43,900][__main__][INFO] - Step 1400 | valid1 MSE : 0.0043 | valid1 NMSE : 0.0073
[2025-08-11 09:14:45,971][__main__][INFO] - Step 1500 | valid1 MSE : 0.0037 | valid1 NMSE : 0.0064
[2025-08-11 09:14:48,053][__main__][INFO] - Step 1600 | valid1 MSE : 0.0042 | valid1 NMSE : 0.0071
[2025-08-11 09:14:50,150][__main__][INFO] - Step 1700 | valid1 MSE : 0.0041 | valid1 NMSE : 0.0069
[2025-08-11 09:14:51,967][__main__][INFO] - Step 1800 | valid1 MSE : 0.0046 | valid1 NMSE : 0.0077
[2025-08-11 09:14:53,972][__main__][INFO] - Step 1900 | valid1 MSE : 0.0040 | valid1 NMSE : 0.0067
[2025-08-11 09:14:55,948][__main__][INFO] - Step 2000 | valid1 MSE : 0.0046 | valid1 NMSE : 0.0078
[2025-08-11 09:14:57,985][__main__][INFO] - Step 2100 | valid1 MSE : 0.0040 | valid1 NMSE : 0.0068
[2025-08-11 09:14:57,985][__main__][INFO] - Training done in 0.710 min
[2025-08-11 09:14:57,985][__main__][INFO] - Average time per step: 0.020 s
[2025-08-11 09:14:58,009][__main__][INFO] - End of training
[2025-08-11 09:14:58,771][__main__][INFO] - Plotted losses
[2025-08-11 09:14:58,771][__main__][INFO] - Computing test metrics
[2025-08-11 09:14:58,881][__main__][INFO] - Evaluation done in 0.002 min
[2025-08-11 09:14:59,244][__main__][INFO] - Evaluation done in 0.004 min
[2025-08-11 09:14:59,442][__main__][INFO] - Saved plots
[2025-08-11 09:14:59,443][__main__][INFO] - Final mIN parameters: {'beta': np.float32(0.008443216), 'alpha': np.float32(0.9153041)}
[2025-08-11 09:14:59,443][__main__][INFO] - End of script

[2025-08-11 09:15:05,896][__main__][INFO] - =====Running main script=====
[2025-08-11 09:15:05,904][__main__][INFO] - Fetched main configs, save directory : ../outputs/benchmark_min_1/seed_1/init_gamma/
[2025-08-11 09:15:05,904][__main__][INFO] - Model PatchTST, normalization mIN, criterion NMSE, kwargs {}
[2025-08-11 09:15:05,946][__main__][INFO] - Fetched dataloaders
[2025-08-11 09:15:05,949][__main__][INFO] - Training data shape : (70, 1, 1000)
[2025-08-11 09:15:05,949][__main__][INFO] - Batch sizes : X=torch.Size([10, 1, 100]), y=torch.Size([10, 1, 20])
[2025-08-11 09:15:09,031][__main__][INFO] - batch_size=10, learning_rate=0.0001, steps per epoch=7, epochs=300
[2025-08-11 09:15:09,031][__main__][INFO] - Starting training...
[2025-08-11 09:15:09,031][__main__][INFO] - Using device: cuda
[2025-08-11 09:15:09,031][__main__][INFO] - Training 300 epochs of 7 batches (2100 steps): , eval_freq: 100, print_freq: 100
[2025-08-11 09:15:10,788][__main__][INFO] - Step 1 | valid1 MSE : 0.5570 | valid1 NMSE : 0.9400
[2025-08-11 09:15:12,860][__main__][INFO] - Step 100 | valid1 MSE : 0.0050 | valid1 NMSE : 0.0084
[2025-08-11 09:15:14,733][__main__][INFO] - Step 200 | valid1 MSE : 0.0045 | valid1 NMSE : 0.0076
[2025-08-11 09:15:16,771][__main__][INFO] - Step 300 | valid1 MSE : 0.0047 | valid1 NMSE : 0.0079
[2025-08-11 09:15:18,805][__main__][INFO] - Step 400 | valid1 MSE : 0.0045 | valid1 NMSE : 0.0076
[2025-08-11 09:15:20,846][__main__][INFO] - Step 500 | valid1 MSE : 0.0040 | valid1 NMSE : 0.0068
[2025-08-11 09:15:22,735][__main__][INFO] - Step 600 | valid1 MSE : 0.0043 | valid1 NMSE : 0.0073
[2025-08-11 09:15:24,764][__main__][INFO] - Step 700 | valid1 MSE : 0.0040 | valid1 NMSE : 0.0068
[2025-08-11 09:15:26,765][__main__][INFO] - Step 800 | valid1 MSE : 0.0045 | valid1 NMSE : 0.0076
[2025-08-11 09:15:28,780][__main__][INFO] - Step 900 | valid1 MSE : 0.0040 | valid1 NMSE : 0.0068
[2025-08-11 09:15:30,612][__main__][INFO] - Step 1000 | valid1 MSE : 0.0037 | valid1 NMSE : 0.0063
[2025-08-11 09:15:32,614][__main__][INFO] - Step 1100 | valid1 MSE : 0.0039 | valid1 NMSE : 0.0066
[2025-08-11 09:15:34,616][__main__][INFO] - Step 1200 | valid1 MSE : 0.0044 | valid1 NMSE : 0.0074
[2025-08-11 09:15:36,644][__main__][INFO] - Step 1300 | valid1 MSE : 0.0043 | valid1 NMSE : 0.0073
[2025-08-11 09:15:38,484][__main__][INFO] - Step 1400 | valid1 MSE : 0.0036 | valid1 NMSE : 0.0061
[2025-08-11 09:15:40,476][__main__][INFO] - Step 1500 | valid1 MSE : 0.0038 | valid1 NMSE : 0.0064
[2025-08-11 09:15:42,448][__main__][INFO] - Step 1600 | valid1 MSE : 0.0035 | valid1 NMSE : 0.0059
[2025-08-11 09:15:44,453][__main__][INFO] - Step 1700 | valid1 MSE : 0.0035 | valid1 NMSE : 0.0059
[2025-08-11 09:15:46,147][__main__][INFO] - Step 1800 | valid1 MSE : 0.0040 | valid1 NMSE : 0.0068
[2025-08-11 09:15:48,083][__main__][INFO] - Step 1900 | valid1 MSE : 0.0035 | valid1 NMSE : 0.0060
[2025-08-11 09:15:50,030][__main__][INFO] - Step 2000 | valid1 MSE : 0.0044 | valid1 NMSE : 0.0074
[2025-08-11 09:15:52,013][__main__][INFO] - Step 2100 | valid1 MSE : 0.0040 | valid1 NMSE : 0.0067
[2025-08-11 09:15:52,014][__main__][INFO] - Training done in 0.716 min
[2025-08-11 09:15:52,014][__main__][INFO] - Average time per step: 0.020 s
[2025-08-11 09:15:52,037][__main__][INFO] - End of training
[2025-08-11 09:15:52,782][__main__][INFO] - Plotted losses
[2025-08-11 09:15:52,782][__main__][INFO] - Computing test metrics
[2025-08-11 09:15:52,890][__main__][INFO] - Evaluation done in 0.002 min
[2025-08-11 09:15:53,224][__main__][INFO] - Evaluation done in 0.004 min
[2025-08-11 09:15:53,424][__main__][INFO] - Saved plots
[2025-08-11 09:15:53,424][__main__][INFO] - Final mIN parameters: {'beta': np.float32(0.7725323), 'alpha': np.float32(0.8654639)}
[2025-08-11 09:15:53,424][__main__][INFO] - End of script

[2025-08-11 09:16:00,743][__main__][INFO] - =====Running main script=====
[2025-08-11 09:16:00,751][__main__][INFO] - Fetched main configs, save directory : ../outputs/benchmark_min_1/seed_1/fixed_gamma/
[2025-08-11 09:16:00,751][__main__][INFO] - Model PatchTST, normalization mIN, criterion NMSE, kwargs {}
[2025-08-11 09:16:00,791][__main__][INFO] - Fetched dataloaders
[2025-08-11 09:16:00,793][__main__][INFO] - Training data shape : (70, 1, 1000)
[2025-08-11 09:16:00,793][__main__][INFO] - Batch sizes : X=torch.Size([10, 1, 100]), y=torch.Size([10, 1, 20])
[2025-08-11 09:16:03,501][__main__][INFO] - batch_size=10, learning_rate=0.0001, steps per epoch=7, epochs=300
[2025-08-11 09:16:03,501][__main__][INFO] - Starting training...
[2025-08-11 09:16:03,501][__main__][INFO] - Using device: cuda
[2025-08-11 09:16:03,501][__main__][INFO] - Training 300 epochs of 7 batches (2100 steps): , eval_freq: 100, print_freq: 100
[2025-08-11 09:16:05,274][__main__][INFO] - Step 1 | valid1 MSE : 0.5570 | valid1 NMSE : 0.9401
[2025-08-11 09:16:07,308][__main__][INFO] - Step 100 | valid1 MSE : 0.0050 | valid1 NMSE : 0.0085
[2025-08-11 09:16:09,156][__main__][INFO] - Step 200 | valid1 MSE : 0.0045 | valid1 NMSE : 0.0077
[2025-08-11 09:16:11,142][__main__][INFO] - Step 300 | valid1 MSE : 0.0047 | valid1 NMSE : 0.0080
[2025-08-11 09:16:13,189][__main__][INFO] - Step 400 | valid1 MSE : 0.0046 | valid1 NMSE : 0.0078
[2025-08-11 09:16:15,211][__main__][INFO] - Step 500 | valid1 MSE : 0.0041 | valid1 NMSE : 0.0069
[2025-08-11 09:16:17,061][__main__][INFO] - Step 600 | valid1 MSE : 0.0044 | valid1 NMSE : 0.0075
[2025-08-11 09:16:19,047][__main__][INFO] - Step 700 | valid1 MSE : 0.0042 | valid1 NMSE : 0.0071
[2025-08-11 09:16:21,048][__main__][INFO] - Step 800 | valid1 MSE : 0.0046 | valid1 NMSE : 0.0079
[2025-08-11 09:16:23,082][__main__][INFO] - Step 900 | valid1 MSE : 0.0041 | valid1 NMSE : 0.0069
[2025-08-11 09:16:24,921][__main__][INFO] - Step 1000 | valid1 MSE : 0.0038 | valid1 NMSE : 0.0065
[2025-08-11 09:16:26,959][__main__][INFO] - Step 1100 | valid1 MSE : 0.0040 | valid1 NMSE : 0.0068
[2025-08-11 09:16:28,978][__main__][INFO] - Step 1200 | valid1 MSE : 0.0047 | valid1 NMSE : 0.0079
[2025-08-11 09:16:30,863][__main__][INFO] - Step 1300 | valid1 MSE : 0.0045 | valid1 NMSE : 0.0076
[2025-08-11 09:16:32,861][__main__][INFO] - Step 1400 | valid1 MSE : 0.0037 | valid1 NMSE : 0.0063
[2025-08-11 09:16:34,891][__main__][INFO] - Step 1500 | valid1 MSE : 0.0040 | valid1 NMSE : 0.0068
[2025-08-11 09:16:36,922][__main__][INFO] - Step 1600 | valid1 MSE : 0.0036 | valid1 NMSE : 0.0060
[2025-08-11 09:16:38,729][__main__][INFO] - Step 1700 | valid1 MSE : 0.0036 | valid1 NMSE : 0.0061
[2025-08-11 09:16:40,755][__main__][INFO] - Step 1800 | valid1 MSE : 0.0042 | valid1 NMSE : 0.0071
[2025-08-11 09:16:42,793][__main__][INFO] - Step 1900 | valid1 MSE : 0.0037 | valid1 NMSE : 0.0063
[2025-08-11 09:16:44,818][__main__][INFO] - Step 2000 | valid1 MSE : 0.0045 | valid1 NMSE : 0.0075
[2025-08-11 09:16:46,641][__main__][INFO] - Step 2100 | valid1 MSE : 0.0042 | valid1 NMSE : 0.0071
[2025-08-11 09:16:46,642][__main__][INFO] - Training done in 0.719 min
[2025-08-11 09:16:46,642][__main__][INFO] - Average time per step: 0.021 s
[2025-08-11 09:16:46,664][__main__][INFO] - End of training
[2025-08-11 09:16:47,541][__main__][INFO] - Plotted losses
[2025-08-11 09:16:47,541][__main__][INFO] - Computing test metrics
[2025-08-11 09:16:47,655][__main__][INFO] - Evaluation done in 0.002 min
[2025-08-11 09:16:48,044][__main__][INFO] - Evaluation done in 0.005 min
[2025-08-11 09:16:48,245][__main__][INFO] - Saved plots
[2025-08-11 09:16:48,245][__main__][INFO] - Final mIN parameters: {'beta': np.float32(0.77), 'alpha': np.float32(0.95)}
[2025-08-11 09:16:48,245][__main__][INFO] - End of script

[2025-08-11 09:17:01,668][__main__][INFO] - =====Running main script=====
[2025-08-11 09:17:01,675][__main__][INFO] - Fetched main configs, save directory : ../outputs/benchmark_min_1/seed_2/PatchTST_instance_NMSE/
[2025-08-11 09:17:01,675][__main__][INFO] - Model PatchTST, normalization instance, criterion NMSE, kwargs {}
[2025-08-11 09:17:01,712][__main__][INFO] - Fetched dataloaders
[2025-08-11 09:17:01,714][__main__][INFO] - Training data shape : (70, 1, 1000)
[2025-08-11 09:17:01,714][__main__][INFO] - Batch sizes : X=torch.Size([10, 1, 100]), y=torch.Size([10, 1, 20])
[2025-08-11 09:17:04,670][__main__][INFO] - batch_size=10, learning_rate=0.0001, steps per epoch=7, epochs=300
[2025-08-11 09:17:04,670][__main__][INFO] - Starting training...
[2025-08-11 09:17:04,670][__main__][INFO] - Using device: cuda
[2025-08-11 09:17:04,670][__main__][INFO] - Training 300 epochs of 7 batches (2100 steps): , eval_freq: 100, print_freq: 100
[2025-08-11 09:17:06,442][__main__][INFO] - Step 1 | valid1 MSE : 1.0169 | valid1 NMSE : 1.7171
[2025-08-11 09:17:08,452][__main__][INFO] - Step 100 | valid1 MSE : 0.0058 | valid1 NMSE : 0.0097
[2025-08-11 09:17:10,271][__main__][INFO] - Step 200 | valid1 MSE : 0.0056 | valid1 NMSE : 0.0095
[2025-08-11 09:17:12,221][__main__][INFO] - Step 300 | valid1 MSE : 0.0056 | valid1 NMSE : 0.0095
[2025-08-11 09:17:14,228][__main__][INFO] - Step 400 | valid1 MSE : 0.0046 | valid1 NMSE : 0.0077
[2025-08-11 09:17:16,233][__main__][INFO] - Step 500 | valid1 MSE : 0.0052 | valid1 NMSE : 0.0088
[2025-08-11 09:17:17,998][__main__][INFO] - Step 600 | valid1 MSE : 0.0046 | valid1 NMSE : 0.0079
[2025-08-11 09:17:19,928][__main__][INFO] - Step 700 | valid1 MSE : 0.0044 | valid1 NMSE : 0.0074
[2025-08-11 09:17:21,931][__main__][INFO] - Step 800 | valid1 MSE : 0.0047 | valid1 NMSE : 0.0079
[2025-08-11 09:17:23,905][__main__][INFO] - Step 900 | valid1 MSE : 0.0041 | valid1 NMSE : 0.0069
[2025-08-11 09:17:25,692][__main__][INFO] - Step 1000 | valid1 MSE : 0.0045 | valid1 NMSE : 0.0077
[2025-08-11 09:17:27,639][__main__][INFO] - Step 1100 | valid1 MSE : 0.0052 | valid1 NMSE : 0.0089
[2025-08-11 09:17:29,613][__main__][INFO] - Step 1200 | valid1 MSE : 0.0048 | valid1 NMSE : 0.0082
[2025-08-11 09:17:31,609][__main__][INFO] - Step 1300 | valid1 MSE : 0.0041 | valid1 NMSE : 0.0069
[2025-08-11 09:17:33,385][__main__][INFO] - Step 1400 | valid1 MSE : 0.0049 | valid1 NMSE : 0.0084
[2025-08-11 09:17:35,378][__main__][INFO] - Step 1500 | valid1 MSE : 0.0047 | valid1 NMSE : 0.0080
[2025-08-11 09:17:37,398][__main__][INFO] - Step 1600 | valid1 MSE : 0.0042 | valid1 NMSE : 0.0071
[2025-08-11 09:17:39,390][__main__][INFO] - Step 1700 | valid1 MSE : 0.0044 | valid1 NMSE : 0.0074
[2025-08-11 09:17:41,201][__main__][INFO] - Step 1800 | valid1 MSE : 0.0045 | valid1 NMSE : 0.0075
[2025-08-11 09:17:43,206][__main__][INFO] - Step 1900 | valid1 MSE : 0.0059 | valid1 NMSE : 0.0099
[2025-08-11 09:17:45,223][__main__][INFO] - Step 2000 | valid1 MSE : 0.0042 | valid1 NMSE : 0.0070
[2025-08-11 09:17:47,204][__main__][INFO] - Step 2100 | valid1 MSE : 0.0044 | valid1 NMSE : 0.0075
[2025-08-11 09:17:47,204][__main__][INFO] - Training done in 0.709 min
[2025-08-11 09:17:47,204][__main__][INFO] - Average time per step: 0.020 s
[2025-08-11 09:17:47,229][__main__][INFO] - End of training
[2025-08-11 09:17:47,833][__main__][INFO] - Plotted losses
[2025-08-11 09:17:47,833][__main__][INFO] - Computing test metrics
[2025-08-11 09:17:48,133][__main__][INFO] - Evaluation done in 0.005 min
[2025-08-11 09:17:48,325][__main__][INFO] - Evaluation done in 0.001 min
[2025-08-11 09:17:48,521][__main__][INFO] - Saved plots
[2025-08-11 09:17:48,521][__main__][INFO] - End of script

[2025-08-11 09:17:54,788][__main__][INFO] - =====Running main script=====
[2025-08-11 09:17:54,794][__main__][INFO] - Fetched main configs, save directory : ../outputs/benchmark_min_1/seed_2/PatchTST_revin_NMSE/
[2025-08-11 09:17:54,794][__main__][INFO] - Model PatchTST, normalization revin, criterion NMSE, kwargs {}
[2025-08-11 09:17:54,831][__main__][INFO] - Fetched dataloaders
[2025-08-11 09:17:54,834][__main__][INFO] - Training data shape : (70, 1, 1000)
[2025-08-11 09:17:54,834][__main__][INFO] - Batch sizes : X=torch.Size([10, 1, 100]), y=torch.Size([10, 1, 20])
[2025-08-11 09:17:57,367][__main__][INFO] - batch_size=10, learning_rate=0.0001, steps per epoch=7, epochs=300
[2025-08-11 09:17:57,367][__main__][INFO] - Starting training...
[2025-08-11 09:17:57,367][__main__][INFO] - Using device: cuda
[2025-08-11 09:17:57,367][__main__][INFO] - Training 300 epochs of 7 batches (2100 steps): , eval_freq: 100, print_freq: 100
[2025-08-11 09:17:59,106][__main__][INFO] - Step 1 | valid1 MSE : 1.0168 | valid1 NMSE : 1.7169
[2025-08-11 09:18:01,102][__main__][INFO] - Step 100 | valid1 MSE : 0.0057 | valid1 NMSE : 0.0096
[2025-08-11 09:18:02,859][__main__][INFO] - Step 200 | valid1 MSE : 0.0055 | valid1 NMSE : 0.0094
[2025-08-11 09:18:04,726][__main__][INFO] - Step 300 | valid1 MSE : 0.0055 | valid1 NMSE : 0.0092
[2025-08-11 09:18:06,653][__main__][INFO] - Step 400 | valid1 MSE : 0.0045 | valid1 NMSE : 0.0076
[2025-08-11 09:18:08,540][__main__][INFO] - Step 500 | valid1 MSE : 0.0051 | valid1 NMSE : 0.0086
[2025-08-11 09:18:10,285][__main__][INFO] - Step 600 | valid1 MSE : 0.0045 | valid1 NMSE : 0.0077
[2025-08-11 09:18:12,330][__main__][INFO] - Step 700 | valid1 MSE : 0.0042 | valid1 NMSE : 0.0072
[2025-08-11 09:18:14,396][__main__][INFO] - Step 800 | valid1 MSE : 0.0045 | valid1 NMSE : 0.0077
[2025-08-11 09:18:16,454][__main__][INFO] - Step 900 | valid1 MSE : 0.0040 | valid1 NMSE : 0.0067
[2025-08-11 09:18:18,285][__main__][INFO] - Step 1000 | valid1 MSE : 0.0044 | valid1 NMSE : 0.0075
[2025-08-11 09:18:20,251][__main__][INFO] - Step 1100 | valid1 MSE : 0.0049 | valid1 NMSE : 0.0083
[2025-08-11 09:18:22,264][__main__][INFO] - Step 1200 | valid1 MSE : 0.0046 | valid1 NMSE : 0.0078
[2025-08-11 09:18:24,277][__main__][INFO] - Step 1300 | valid1 MSE : 0.0040 | valid1 NMSE : 0.0067
[2025-08-11 09:18:26,114][__main__][INFO] - Step 1400 | valid1 MSE : 0.0047 | valid1 NMSE : 0.0080
[2025-08-11 09:18:28,148][__main__][INFO] - Step 1500 | valid1 MSE : 0.0045 | valid1 NMSE : 0.0075
[2025-08-11 09:18:30,156][__main__][INFO] - Step 1600 | valid1 MSE : 0.0041 | valid1 NMSE : 0.0070
[2025-08-11 09:18:32,193][__main__][INFO] - Step 1700 | valid1 MSE : 0.0042 | valid1 NMSE : 0.0070
[2025-08-11 09:18:34,029][__main__][INFO] - Step 1800 | valid1 MSE : 0.0043 | valid1 NMSE : 0.0072
[2025-08-11 09:18:36,043][__main__][INFO] - Step 1900 | valid1 MSE : 0.0052 | valid1 NMSE : 0.0089
[2025-08-11 09:18:38,074][__main__][INFO] - Step 2000 | valid1 MSE : 0.0039 | valid1 NMSE : 0.0067
[2025-08-11 09:18:40,101][__main__][INFO] - Step 2100 | valid1 MSE : 0.0043 | valid1 NMSE : 0.0073
[2025-08-11 09:18:40,102][__main__][INFO] - Training done in 0.712 min
[2025-08-11 09:18:40,102][__main__][INFO] - Average time per step: 0.020 s
[2025-08-11 09:18:40,125][__main__][INFO] - End of training
[2025-08-11 09:18:40,919][__main__][INFO] - Plotted losses
[2025-08-11 09:18:40,920][__main__][INFO] - Computing test metrics
[2025-08-11 09:18:41,214][__main__][INFO] - Evaluation done in 0.005 min
[2025-08-11 09:18:41,406][__main__][INFO] - Evaluation done in 0.001 min
[2025-08-11 09:18:41,611][__main__][INFO] - Saved plots
[2025-08-11 09:18:41,611][__main__][INFO] - Final mIN parameters: {'beta': np.float32(-0.009232575), 'alpha': np.float32(1.0867043)}
[2025-08-11 09:18:41,611][__main__][INFO] - End of script

[2025-08-11 09:18:48,673][__main__][INFO] - =====Running main script=====
[2025-08-11 09:18:48,680][__main__][INFO] - Fetched main configs, save directory : ../outputs/benchmark_min_1/seed_2/default/
[2025-08-11 09:18:48,680][__main__][INFO] - Model PatchTST, normalization mIN, criterion NMSE, kwargs {}
[2025-08-11 09:18:48,718][__main__][INFO] - Fetched dataloaders
[2025-08-11 09:18:48,721][__main__][INFO] - Training data shape : (70, 1, 1000)
[2025-08-11 09:18:48,721][__main__][INFO] - Batch sizes : X=torch.Size([10, 1, 100]), y=torch.Size([10, 1, 20])
[2025-08-11 09:18:51,764][__main__][INFO] - batch_size=10, learning_rate=0.0001, steps per epoch=7, epochs=300
[2025-08-11 09:18:51,765][__main__][INFO] - Starting training...
[2025-08-11 09:18:51,765][__main__][INFO] - Using device: cuda
[2025-08-11 09:18:51,765][__main__][INFO] - Training 300 epochs of 7 batches (2100 steps): , eval_freq: 100, print_freq: 100
[2025-08-11 09:18:53,504][__main__][INFO] - Step 1 | valid1 MSE : 1.0168 | valid1 NMSE : 1.7169
[2025-08-11 09:18:55,488][__main__][INFO] - Step 100 | valid1 MSE : 0.0057 | valid1 NMSE : 0.0097
[2025-08-11 09:18:57,286][__main__][INFO] - Step 200 | valid1 MSE : 0.0055 | valid1 NMSE : 0.0094
[2025-08-11 09:18:59,252][__main__][INFO] - Step 300 | valid1 MSE : 0.0055 | valid1 NMSE : 0.0093
[2025-08-11 09:19:01,239][__main__][INFO] - Step 400 | valid1 MSE : 0.0045 | valid1 NMSE : 0.0076
[2025-08-11 09:19:03,202][__main__][INFO] - Step 500 | valid1 MSE : 0.0051 | valid1 NMSE : 0.0087
[2025-08-11 09:19:04,991][__main__][INFO] - Step 600 | valid1 MSE : 0.0045 | valid1 NMSE : 0.0077
[2025-08-11 09:19:06,930][__main__][INFO] - Step 700 | valid1 MSE : 0.0043 | valid1 NMSE : 0.0072
[2025-08-11 09:19:08,870][__main__][INFO] - Step 800 | valid1 MSE : 0.0045 | valid1 NMSE : 0.0077
[2025-08-11 09:19:10,757][__main__][INFO] - Step 900 | valid1 MSE : 0.0040 | valid1 NMSE : 0.0067
[2025-08-11 09:19:12,489][__main__][INFO] - Step 1000 | valid1 MSE : 0.0044 | valid1 NMSE : 0.0075
[2025-08-11 09:19:14,393][__main__][INFO] - Step 1100 | valid1 MSE : 0.0049 | valid1 NMSE : 0.0083
[2025-08-11 09:19:16,242][__main__][INFO] - Step 1200 | valid1 MSE : 0.0046 | valid1 NMSE : 0.0078
[2025-08-11 09:19:18,177][__main__][INFO] - Step 1300 | valid1 MSE : 0.0040 | valid1 NMSE : 0.0068
[2025-08-11 09:19:20,059][__main__][INFO] - Step 1400 | valid1 MSE : 0.0047 | valid1 NMSE : 0.0079
[2025-08-11 09:19:22,107][__main__][INFO] - Step 1500 | valid1 MSE : 0.0045 | valid1 NMSE : 0.0075
[2025-08-11 09:19:24,127][__main__][INFO] - Step 1600 | valid1 MSE : 0.0041 | valid1 NMSE : 0.0070
[2025-08-11 09:19:26,165][__main__][INFO] - Step 1700 | valid1 MSE : 0.0041 | valid1 NMSE : 0.0070
[2025-08-11 09:19:27,947][__main__][INFO] - Step 1800 | valid1 MSE : 0.0043 | valid1 NMSE : 0.0073
[2025-08-11 09:19:29,960][__main__][INFO] - Step 1900 | valid1 MSE : 0.0052 | valid1 NMSE : 0.0088
[2025-08-11 09:19:31,957][__main__][INFO] - Step 2000 | valid1 MSE : 0.0039 | valid1 NMSE : 0.0066
[2025-08-11 09:19:33,954][__main__][INFO] - Step 2100 | valid1 MSE : 0.0043 | valid1 NMSE : 0.0072
[2025-08-11 09:19:33,954][__main__][INFO] - Training done in 0.703 min
[2025-08-11 09:19:33,954][__main__][INFO] - Average time per step: 0.020 s
[2025-08-11 09:19:33,981][__main__][INFO] - End of training
[2025-08-11 09:19:34,725][__main__][INFO] - Plotted losses
[2025-08-11 09:19:34,725][__main__][INFO] - Computing test metrics
[2025-08-11 09:19:34,831][__main__][INFO] - Evaluation done in 0.002 min
[2025-08-11 09:19:35,193][__main__][INFO] - Evaluation done in 0.004 min
[2025-08-11 09:19:35,398][__main__][INFO] - Saved plots
[2025-08-11 09:19:35,398][__main__][INFO] - Final mIN parameters: {'beta': np.float32(0.009608152), 'alpha': np.float32(0.90894616)}
[2025-08-11 09:19:35,398][__main__][INFO] - End of script

[2025-08-11 09:19:41,883][__main__][INFO] - =====Running main script=====
[2025-08-11 09:19:41,891][__main__][INFO] - Fetched main configs, save directory : ../outputs/benchmark_min_1/seed_2/init/
[2025-08-11 09:19:41,891][__main__][INFO] - Model PatchTST, normalization mIN, criterion NMSE, kwargs {}
[2025-08-11 09:19:41,930][__main__][INFO] - Fetched dataloaders
[2025-08-11 09:19:41,933][__main__][INFO] - Training data shape : (70, 1, 1000)
[2025-08-11 09:19:41,933][__main__][INFO] - Batch sizes : X=torch.Size([10, 1, 100]), y=torch.Size([10, 1, 20])
[2025-08-11 09:19:44,567][__main__][INFO] - batch_size=10, learning_rate=0.0001, steps per epoch=7, epochs=300
[2025-08-11 09:19:44,567][__main__][INFO] - Starting training...
[2025-08-11 09:19:44,567][__main__][INFO] - Using device: cuda
[2025-08-11 09:19:44,567][__main__][INFO] - Training 300 epochs of 7 batches (2100 steps): , eval_freq: 100, print_freq: 100
[2025-08-11 09:19:46,304][__main__][INFO] - Step 1 | valid1 MSE : 0.6123 | valid1 NMSE : 1.0331
[2025-08-11 09:19:48,296][__main__][INFO] - Step 100 | valid1 MSE : 0.0055 | valid1 NMSE : 0.0093
[2025-08-11 09:19:50,110][__main__][INFO] - Step 200 | valid1 MSE : 0.0051 | valid1 NMSE : 0.0086
[2025-08-11 09:19:52,097][__main__][INFO] - Step 300 | valid1 MSE : 0.0052 | valid1 NMSE : 0.0087
[2025-08-11 09:19:54,081][__main__][INFO] - Step 400 | valid1 MSE : 0.0039 | valid1 NMSE : 0.0066
[2025-08-11 09:19:56,122][__main__][INFO] - Step 500 | valid1 MSE : 0.0042 | valid1 NMSE : 0.0071
[2025-08-11 09:19:57,936][__main__][INFO] - Step 600 | valid1 MSE : 0.0041 | valid1 NMSE : 0.0069
[2025-08-11 09:19:59,903][__main__][INFO] - Step 700 | valid1 MSE : 0.0038 | valid1 NMSE : 0.0065
[2025-08-11 09:20:01,870][__main__][INFO] - Step 800 | valid1 MSE : 0.0037 | valid1 NMSE : 0.0063
[2025-08-11 09:20:03,858][__main__][INFO] - Step 900 | valid1 MSE : 0.0038 | valid1 NMSE : 0.0064
[2025-08-11 09:20:05,676][__main__][INFO] - Step 1000 | valid1 MSE : 0.0041 | valid1 NMSE : 0.0070
[2025-08-11 09:20:07,650][__main__][INFO] - Step 1100 | valid1 MSE : 0.0048 | valid1 NMSE : 0.0082
[2025-08-11 09:20:09,607][__main__][INFO] - Step 1200 | valid1 MSE : 0.0044 | valid1 NMSE : 0.0074
[2025-08-11 09:20:11,617][__main__][INFO] - Step 1300 | valid1 MSE : 0.0036 | valid1 NMSE : 0.0060
[2025-08-11 09:20:13,422][__main__][INFO] - Step 1400 | valid1 MSE : 0.0045 | valid1 NMSE : 0.0077
[2025-08-11 09:20:15,388][__main__][INFO] - Step 1500 | valid1 MSE : 0.0036 | valid1 NMSE : 0.0061
[2025-08-11 09:20:17,310][__main__][INFO] - Step 1600 | valid1 MSE : 0.0036 | valid1 NMSE : 0.0060
[2025-08-11 09:20:19,213][__main__][INFO] - Step 1700 | valid1 MSE : 0.0043 | valid1 NMSE : 0.0072
[2025-08-11 09:20:20,896][__main__][INFO] - Step 1800 | valid1 MSE : 0.0039 | valid1 NMSE : 0.0066
[2025-08-11 09:20:22,753][__main__][INFO] - Step 1900 | valid1 MSE : 0.0045 | valid1 NMSE : 0.0076
[2025-08-11 09:20:24,587][__main__][INFO] - Step 2000 | valid1 MSE : 0.0037 | valid1 NMSE : 0.0062
[2025-08-11 09:20:26,568][__main__][INFO] - Step 2100 | valid1 MSE : 0.0036 | valid1 NMSE : 0.0061
[2025-08-11 09:20:26,568][__main__][INFO] - Training done in 0.700 min
[2025-08-11 09:20:26,568][__main__][INFO] - Average time per step: 0.020 s
[2025-08-11 09:20:26,591][__main__][INFO] - End of training
[2025-08-11 09:20:27,328][__main__][INFO] - Plotted losses
[2025-08-11 09:20:27,328][__main__][INFO] - Computing test metrics
[2025-08-11 09:20:27,432][__main__][INFO] - Evaluation done in 0.002 min
[2025-08-11 09:20:27,794][__main__][INFO] - Evaluation done in 0.004 min
[2025-08-11 09:20:27,985][__main__][INFO] - Saved plots
[2025-08-11 09:20:27,985][__main__][INFO] - Final mIN parameters: {'beta': np.float32(0.7722739), 'alpha': np.float32(0.86355174)}
[2025-08-11 09:20:27,985][__main__][INFO] - End of script

[2025-08-11 09:20:34,343][__main__][INFO] - =====Running main script=====
[2025-08-11 09:20:34,349][__main__][INFO] - Fetched main configs, save directory : ../outputs/benchmark_min_1/seed_2/fixed/
[2025-08-11 09:20:34,349][__main__][INFO] - Model PatchTST, normalization mIN, criterion NMSE, kwargs {}
[2025-08-11 09:20:34,390][__main__][INFO] - Fetched dataloaders
[2025-08-11 09:20:34,392][__main__][INFO] - Training data shape : (70, 1, 1000)
[2025-08-11 09:20:34,392][__main__][INFO] - Batch sizes : X=torch.Size([10, 1, 100]), y=torch.Size([10, 1, 20])
[2025-08-11 09:20:37,199][__main__][INFO] - batch_size=10, learning_rate=0.0001, steps per epoch=7, epochs=300
[2025-08-11 09:20:37,199][__main__][INFO] - Starting training...
[2025-08-11 09:20:37,199][__main__][INFO] - Using device: cuda
[2025-08-11 09:20:37,199][__main__][INFO] - Training 300 epochs of 7 batches (2100 steps): , eval_freq: 100, print_freq: 100
[2025-08-11 09:20:39,308][__main__][INFO] - Step 1 | valid1 MSE : 0.6124 | valid1 NMSE : 1.0332
[2025-08-11 09:20:41,304][__main__][INFO] - Step 100 | valid1 MSE : 0.0055 | valid1 NMSE : 0.0094
[2025-08-11 09:20:43,132][__main__][INFO] - Step 200 | valid1 MSE : 0.0052 | valid1 NMSE : 0.0087
[2025-08-11 09:20:45,114][__main__][INFO] - Step 300 | valid1 MSE : 0.0053 | valid1 NMSE : 0.0089
[2025-08-11 09:20:47,117][__main__][INFO] - Step 400 | valid1 MSE : 0.0040 | valid1 NMSE : 0.0067
[2025-08-11 09:20:49,126][__main__][INFO] - Step 500 | valid1 MSE : 0.0043 | valid1 NMSE : 0.0073
[2025-08-11 09:20:50,912][__main__][INFO] - Step 600 | valid1 MSE : 0.0042 | valid1 NMSE : 0.0071
[2025-08-11 09:20:52,891][__main__][INFO] - Step 700 | valid1 MSE : 0.0039 | valid1 NMSE : 0.0067
[2025-08-11 09:20:54,844][__main__][INFO] - Step 800 | valid1 MSE : 0.0038 | valid1 NMSE : 0.0064
[2025-08-11 09:20:56,836][__main__][INFO] - Step 900 | valid1 MSE : 0.0039 | valid1 NMSE : 0.0066
[2025-08-11 09:20:58,622][__main__][INFO] - Step 1000 | valid1 MSE : 0.0042 | valid1 NMSE : 0.0072
[2025-08-11 09:21:00,599][__main__][INFO] - Step 1100 | valid1 MSE : 0.0050 | valid1 NMSE : 0.0085
[2025-08-11 09:21:02,579][__main__][INFO] - Step 1200 | valid1 MSE : 0.0046 | valid1 NMSE : 0.0079
[2025-08-11 09:21:04,410][__main__][INFO] - Step 1300 | valid1 MSE : 0.0037 | valid1 NMSE : 0.0063
[2025-08-11 09:21:06,449][__main__][INFO] - Step 1400 | valid1 MSE : 0.0047 | valid1 NMSE : 0.0079
[2025-08-11 09:21:08,478][__main__][INFO] - Step 1500 | valid1 MSE : 0.0037 | valid1 NMSE : 0.0062
[2025-08-11 09:21:10,497][__main__][INFO] - Step 1600 | valid1 MSE : 0.0037 | valid1 NMSE : 0.0063
[2025-08-11 09:21:12,306][__main__][INFO] - Step 1700 | valid1 MSE : 0.0046 | valid1 NMSE : 0.0078
[2025-08-11 09:21:14,251][__main__][INFO] - Step 1800 | valid1 MSE : 0.0041 | valid1 NMSE : 0.0070
[2025-08-11 09:21:16,238][__main__][INFO] - Step 1900 | valid1 MSE : 0.0051 | valid1 NMSE : 0.0086
[2025-08-11 09:21:18,240][__main__][INFO] - Step 2000 | valid1 MSE : 0.0039 | valid1 NMSE : 0.0066
[2025-08-11 09:21:20,032][__main__][INFO] - Step 2100 | valid1 MSE : 0.0036 | valid1 NMSE : 0.0062
[2025-08-11 09:21:20,032][__main__][INFO] - Training done in 0.714 min
[2025-08-11 09:21:20,033][__main__][INFO] - Average time per step: 0.020 s
[2025-08-11 09:21:20,055][__main__][INFO] - End of training
[2025-08-11 09:21:20,953][__main__][INFO] - Plotted losses
[2025-08-11 09:21:20,953][__main__][INFO] - Computing test metrics
[2025-08-11 09:21:21,063][__main__][INFO] - Evaluation done in 0.002 min
[2025-08-11 09:21:21,431][__main__][INFO] - Evaluation done in 0.004 min
[2025-08-11 09:21:21,632][__main__][INFO] - Saved plots
[2025-08-11 09:21:21,632][__main__][INFO] - Final mIN parameters: {'beta': np.float32(0.77), 'alpha': np.float32(0.95)}
[2025-08-11 09:21:21,632][__main__][INFO] - End of script

[2025-08-11 09:21:27,672][__main__][INFO] - =====Running main script=====
[2025-08-11 09:21:27,679][__main__][INFO] - Fetched main configs, save directory : ../outputs/benchmark_min_1/seed_2/default_gamma/
[2025-08-11 09:21:27,679][__main__][INFO] - Model PatchTST, normalization mIN, criterion NMSE, kwargs {}
[2025-08-11 09:21:27,725][__main__][INFO] - Fetched dataloaders
[2025-08-11 09:21:27,728][__main__][INFO] - Training data shape : (70, 1, 1000)
[2025-08-11 09:21:27,728][__main__][INFO] - Batch sizes : X=torch.Size([10, 1, 100]), y=torch.Size([10, 1, 20])
[2025-08-11 09:21:30,241][__main__][INFO] - batch_size=10, learning_rate=0.0001, steps per epoch=7, epochs=300
[2025-08-11 09:21:30,241][__main__][INFO] - Starting training...
[2025-08-11 09:21:30,241][__main__][INFO] - Using device: cuda
[2025-08-11 09:21:30,241][__main__][INFO] - Training 300 epochs of 7 batches (2100 steps): , eval_freq: 100, print_freq: 100
[2025-08-11 09:21:31,988][__main__][INFO] - Step 1 | valid1 MSE : 1.0167 | valid1 NMSE : 1.7167
[2025-08-11 09:21:34,054][__main__][INFO] - Step 100 | valid1 MSE : 0.0057 | valid1 NMSE : 0.0096
[2025-08-11 09:21:35,880][__main__][INFO] - Step 200 | valid1 MSE : 0.0055 | valid1 NMSE : 0.0092
[2025-08-11 09:21:37,871][__main__][INFO] - Step 300 | valid1 MSE : 0.0053 | valid1 NMSE : 0.0090
[2025-08-11 09:21:39,965][__main__][INFO] - Step 400 | valid1 MSE : 0.0044 | valid1 NMSE : 0.0075
[2025-08-11 09:21:42,005][__main__][INFO] - Step 500 | valid1 MSE : 0.0050 | valid1 NMSE : 0.0085
[2025-08-11 09:21:43,768][__main__][INFO] - Step 600 | valid1 MSE : 0.0044 | valid1 NMSE : 0.0075
[2025-08-11 09:21:45,691][__main__][INFO] - Step 700 | valid1 MSE : 0.0042 | valid1 NMSE : 0.0071
[2025-08-11 09:21:47,596][__main__][INFO] - Step 800 | valid1 MSE : 0.0044 | valid1 NMSE : 0.0075
[2025-08-11 09:21:49,488][__main__][INFO] - Step 900 | valid1 MSE : 0.0039 | valid1 NMSE : 0.0065
[2025-08-11 09:21:51,250][__main__][INFO] - Step 1000 | valid1 MSE : 0.0043 | valid1 NMSE : 0.0073
[2025-08-11 09:21:53,219][__main__][INFO] - Step 1100 | valid1 MSE : 0.0046 | valid1 NMSE : 0.0078
[2025-08-11 09:21:55,234][__main__][INFO] - Step 1200 | valid1 MSE : 0.0044 | valid1 NMSE : 0.0075
[2025-08-11 09:21:57,230][__main__][INFO] - Step 1300 | valid1 MSE : 0.0039 | valid1 NMSE : 0.0066
[2025-08-11 09:21:59,085][__main__][INFO] - Step 1400 | valid1 MSE : 0.0045 | valid1 NMSE : 0.0076
[2025-08-11 09:22:01,089][__main__][INFO] - Step 1500 | valid1 MSE : 0.0043 | valid1 NMSE : 0.0072
[2025-08-11 09:22:03,133][__main__][INFO] - Step 1600 | valid1 MSE : 0.0040 | valid1 NMSE : 0.0068
[2025-08-11 09:22:05,195][__main__][INFO] - Step 1700 | valid1 MSE : 0.0040 | valid1 NMSE : 0.0068
[2025-08-11 09:22:07,068][__main__][INFO] - Step 1800 | valid1 MSE : 0.0042 | valid1 NMSE : 0.0071
[2025-08-11 09:22:09,141][__main__][INFO] - Step 1900 | valid1 MSE : 0.0048 | valid1 NMSE : 0.0081
[2025-08-11 09:22:11,234][__main__][INFO] - Step 2000 | valid1 MSE : 0.0037 | valid1 NMSE : 0.0063
[2025-08-11 09:22:13,332][__main__][INFO] - Step 2100 | valid1 MSE : 0.0041 | valid1 NMSE : 0.0070
[2025-08-11 09:22:13,332][__main__][INFO] - Training done in 0.718 min
[2025-08-11 09:22:13,332][__main__][INFO] - Average time per step: 0.021 s
[2025-08-11 09:22:13,355][__main__][INFO] - End of training
[2025-08-11 09:22:14,182][__main__][INFO] - Plotted losses
[2025-08-11 09:22:14,182][__main__][INFO] - Computing test metrics
[2025-08-11 09:22:14,296][__main__][INFO] - Evaluation done in 0.002 min
[2025-08-11 09:22:14,668][__main__][INFO] - Evaluation done in 0.004 min
[2025-08-11 09:22:14,871][__main__][INFO] - Saved plots
[2025-08-11 09:22:14,872][__main__][INFO] - Final mIN parameters: {'beta': np.float32(0.009691667), 'alpha': np.float32(0.9137419)}
[2025-08-11 09:22:14,872][__main__][INFO] - End of script

[2025-08-11 09:22:22,110][__main__][INFO] - =====Running main script=====
[2025-08-11 09:22:22,117][__main__][INFO] - Fetched main configs, save directory : ../outputs/benchmark_min_1/seed_2/init_gamma/
[2025-08-11 09:22:22,117][__main__][INFO] - Model PatchTST, normalization mIN, criterion NMSE, kwargs {}
[2025-08-11 09:22:22,157][__main__][INFO] - Fetched dataloaders
[2025-08-11 09:22:22,159][__main__][INFO] - Training data shape : (70, 1, 1000)
[2025-08-11 09:22:22,160][__main__][INFO] - Batch sizes : X=torch.Size([10, 1, 100]), y=torch.Size([10, 1, 20])
[2025-08-11 09:22:25,085][__main__][INFO] - batch_size=10, learning_rate=0.0001, steps per epoch=7, epochs=300
[2025-08-11 09:22:25,085][__main__][INFO] - Starting training...
[2025-08-11 09:22:25,085][__main__][INFO] - Using device: cuda
[2025-08-11 09:22:25,085][__main__][INFO] - Training 300 epochs of 7 batches (2100 steps): , eval_freq: 100, print_freq: 100
[2025-08-11 09:22:26,677][__main__][INFO] - Step 1 | valid1 MSE : 0.6123 | valid1 NMSE : 1.0331
[2025-08-11 09:22:28,537][__main__][INFO] - Step 100 | valid1 MSE : 0.0054 | valid1 NMSE : 0.0091
[2025-08-11 09:22:30,365][__main__][INFO] - Step 200 | valid1 MSE : 0.0050 | valid1 NMSE : 0.0085
[2025-08-11 09:22:32,364][__main__][INFO] - Step 300 | valid1 MSE : 0.0051 | valid1 NMSE : 0.0085
[2025-08-11 09:22:34,359][__main__][INFO] - Step 400 | valid1 MSE : 0.0039 | valid1 NMSE : 0.0065
[2025-08-11 09:22:36,397][__main__][INFO] - Step 500 | valid1 MSE : 0.0041 | valid1 NMSE : 0.0070
[2025-08-11 09:22:38,214][__main__][INFO] - Step 600 | valid1 MSE : 0.0040 | valid1 NMSE : 0.0068
[2025-08-11 09:22:40,211][__main__][INFO] - Step 700 | valid1 MSE : 0.0037 | valid1 NMSE : 0.0063
[2025-08-11 09:22:42,188][__main__][INFO] - Step 800 | valid1 MSE : 0.0036 | valid1 NMSE : 0.0062
[2025-08-11 09:22:44,220][__main__][INFO] - Step 900 | valid1 MSE : 0.0036 | valid1 NMSE : 0.0061
[2025-08-11 09:22:46,080][__main__][INFO] - Step 1000 | valid1 MSE : 0.0040 | valid1 NMSE : 0.0068
[2025-08-11 09:22:48,109][__main__][INFO] - Step 1100 | valid1 MSE : 0.0046 | valid1 NMSE : 0.0079
[2025-08-11 09:22:50,145][__main__][INFO] - Step 1200 | valid1 MSE : 0.0042 | valid1 NMSE : 0.0071
[2025-08-11 09:22:52,076][__main__][INFO] - Step 1300 | valid1 MSE : 0.0035 | valid1 NMSE : 0.0059
[2025-08-11 09:22:53,870][__main__][INFO] - Step 1400 | valid1 MSE : 0.0044 | valid1 NMSE : 0.0075
[2025-08-11 09:22:55,816][__main__][INFO] - Step 1500 | valid1 MSE : 0.0035 | valid1 NMSE : 0.0060
[2025-08-11 09:22:57,759][__main__][INFO] - Step 1600 | valid1 MSE : 0.0035 | valid1 NMSE : 0.0059
[2025-08-11 09:22:59,680][__main__][INFO] - Step 1700 | valid1 MSE : 0.0041 | valid1 NMSE : 0.0069
[2025-08-11 09:23:01,548][__main__][INFO] - Step 1800 | valid1 MSE : 0.0038 | valid1 NMSE : 0.0064
[2025-08-11 09:23:03,627][__main__][INFO] - Step 1900 | valid1 MSE : 0.0041 | valid1 NMSE : 0.0070
[2025-08-11 09:23:05,676][__main__][INFO] - Step 2000 | valid1 MSE : 0.0035 | valid1 NMSE : 0.0060
[2025-08-11 09:23:07,721][__main__][INFO] - Step 2100 | valid1 MSE : 0.0036 | valid1 NMSE : 0.0061
[2025-08-11 09:23:07,721][__main__][INFO] - Training done in 0.711 min
[2025-08-11 09:23:07,721][__main__][INFO] - Average time per step: 0.020 s
[2025-08-11 09:23:07,745][__main__][INFO] - End of training
[2025-08-11 09:23:08,484][__main__][INFO] - Plotted losses
[2025-08-11 09:23:08,484][__main__][INFO] - Computing test metrics
[2025-08-11 09:23:08,592][__main__][INFO] - Evaluation done in 0.002 min
[2025-08-11 09:23:08,961][__main__][INFO] - Evaluation done in 0.004 min
[2025-08-11 09:23:09,162][__main__][INFO] - Saved plots
[2025-08-11 09:23:09,162][__main__][INFO] - Final mIN parameters: {'beta': np.float32(0.77192616), 'alpha': np.float32(0.8678302)}
[2025-08-11 09:23:09,162][__main__][INFO] - End of script

[2025-08-11 09:23:15,586][__main__][INFO] - =====Running main script=====
[2025-08-11 09:23:15,593][__main__][INFO] - Fetched main configs, save directory : ../outputs/benchmark_min_1/seed_2/fixed_gamma/
[2025-08-11 09:23:15,593][__main__][INFO] - Model PatchTST, normalization mIN, criterion NMSE, kwargs {}
[2025-08-11 09:23:15,632][__main__][INFO] - Fetched dataloaders
[2025-08-11 09:23:15,635][__main__][INFO] - Training data shape : (70, 1, 1000)
[2025-08-11 09:23:15,635][__main__][INFO] - Batch sizes : X=torch.Size([10, 1, 100]), y=torch.Size([10, 1, 20])
[2025-08-11 09:23:18,306][__main__][INFO] - batch_size=10, learning_rate=0.0001, steps per epoch=7, epochs=300
[2025-08-11 09:23:18,306][__main__][INFO] - Starting training...
[2025-08-11 09:23:18,306][__main__][INFO] - Using device: cuda
[2025-08-11 09:23:18,306][__main__][INFO] - Training 300 epochs of 7 batches (2100 steps): , eval_freq: 100, print_freq: 100
[2025-08-11 09:23:20,072][__main__][INFO] - Step 1 | valid1 MSE : 0.6124 | valid1 NMSE : 1.0331
[2025-08-11 09:23:22,163][__main__][INFO] - Step 100 | valid1 MSE : 0.0055 | valid1 NMSE : 0.0092
[2025-08-11 09:23:23,943][__main__][INFO] - Step 200 | valid1 MSE : 0.0051 | valid1 NMSE : 0.0086
[2025-08-11 09:23:25,941][__main__][INFO] - Step 300 | valid1 MSE : 0.0052 | valid1 NMSE : 0.0087
[2025-08-11 09:23:27,958][__main__][INFO] - Step 400 | valid1 MSE : 0.0039 | valid1 NMSE : 0.0066
[2025-08-11 09:23:29,955][__main__][INFO] - Step 500 | valid1 MSE : 0.0042 | valid1 NMSE : 0.0071
[2025-08-11 09:23:31,743][__main__][INFO] - Step 600 | valid1 MSE : 0.0041 | valid1 NMSE : 0.0069
[2025-08-11 09:23:33,709][__main__][INFO] - Step 700 | valid1 MSE : 0.0038 | valid1 NMSE : 0.0065
[2025-08-11 09:23:35,701][__main__][INFO] - Step 800 | valid1 MSE : 0.0037 | valid1 NMSE : 0.0063
[2025-08-11 09:23:37,750][__main__][INFO] - Step 900 | valid1 MSE : 0.0038 | valid1 NMSE : 0.0064
[2025-08-11 09:23:39,567][__main__][INFO] - Step 1000 | valid1 MSE : 0.0041 | valid1 NMSE : 0.0070
[2025-08-11 09:23:41,590][__main__][INFO] - Step 1100 | valid1 MSE : 0.0048 | valid1 NMSE : 0.0082
[2025-08-11 09:23:43,600][__main__][INFO] - Step 1200 | valid1 MSE : 0.0044 | valid1 NMSE : 0.0075
[2025-08-11 09:23:45,454][__main__][INFO] - Step 1300 | valid1 MSE : 0.0036 | valid1 NMSE : 0.0060
[2025-08-11 09:23:47,450][__main__][INFO] - Step 1400 | valid1 MSE : 0.0045 | valid1 NMSE : 0.0077
[2025-08-11 09:23:49,473][__main__][INFO] - Step 1500 | valid1 MSE : 0.0036 | valid1 NMSE : 0.0061
[2025-08-11 09:23:51,504][__main__][INFO] - Step 1600 | valid1 MSE : 0.0036 | valid1 NMSE : 0.0061
[2025-08-11 09:23:53,324][__main__][INFO] - Step 1700 | valid1 MSE : 0.0043 | valid1 NMSE : 0.0073
[2025-08-11 09:23:55,365][__main__][INFO] - Step 1800 | valid1 MSE : 0.0039 | valid1 NMSE : 0.0067
[2025-08-11 09:23:57,419][__main__][INFO] - Step 1900 | valid1 MSE : 0.0046 | valid1 NMSE : 0.0077
[2025-08-11 09:23:59,385][__main__][INFO] - Step 2000 | valid1 MSE : 0.0037 | valid1 NMSE : 0.0063
[2025-08-11 09:24:01,158][__main__][INFO] - Step 2100 | valid1 MSE : 0.0036 | valid1 NMSE : 0.0061
[2025-08-11 09:24:01,158][__main__][INFO] - Training done in 0.714 min
[2025-08-11 09:24:01,158][__main__][INFO] - Average time per step: 0.020 s
[2025-08-11 09:24:01,183][__main__][INFO] - End of training
[2025-08-11 09:24:02,074][__main__][INFO] - Plotted losses
[2025-08-11 09:24:02,074][__main__][INFO] - Computing test metrics
[2025-08-11 09:24:02,179][__main__][INFO] - Evaluation done in 0.002 min
[2025-08-11 09:24:02,491][__main__][INFO] - Evaluation done in 0.004 min
[2025-08-11 09:24:02,892][__main__][INFO] - Saved plots
[2025-08-11 09:24:02,893][__main__][INFO] - Final mIN parameters: {'beta': np.float32(0.77), 'alpha': np.float32(0.95)}
[2025-08-11 09:24:02,893][__main__][INFO] - End of script

[2025-08-11 09:24:17,370][__main__][INFO] - =====Running main script=====
[2025-08-11 09:24:17,378][__main__][INFO] - Fetched main configs, save directory : ../outputs/benchmark_min_1/seed_3/PatchTST_instance_NMSE/
[2025-08-11 09:24:17,378][__main__][INFO] - Model PatchTST, normalization instance, criterion NMSE, kwargs {}
[2025-08-11 09:24:17,418][__main__][INFO] - Fetched dataloaders
[2025-08-11 09:24:17,420][__main__][INFO] - Training data shape : (70, 1, 1000)
[2025-08-11 09:24:17,420][__main__][INFO] - Batch sizes : X=torch.Size([10, 1, 100]), y=torch.Size([10, 1, 20])
[2025-08-11 09:24:20,582][__main__][INFO] - batch_size=10, learning_rate=0.0001, steps per epoch=7, epochs=300
[2025-08-11 09:24:20,582][__main__][INFO] - Starting training...
[2025-08-11 09:24:20,582][__main__][INFO] - Using device: cuda
[2025-08-11 09:24:20,582][__main__][INFO] - Training 300 epochs of 7 batches (2100 steps): , eval_freq: 100, print_freq: 100
[2025-08-11 09:24:22,286][__main__][INFO] - Step 1 | valid1 MSE : 0.8849 | valid1 NMSE : 1.5025
[2025-08-11 09:24:24,248][__main__][INFO] - Step 100 | valid1 MSE : 0.0056 | valid1 NMSE : 0.0096
[2025-08-11 09:24:26,024][__main__][INFO] - Step 200 | valid1 MSE : 0.0053 | valid1 NMSE : 0.0089
[2025-08-11 09:24:28,015][__main__][INFO] - Step 300 | valid1 MSE : 0.0047 | valid1 NMSE : 0.0080
[2025-08-11 09:24:30,025][__main__][INFO] - Step 400 | valid1 MSE : 0.0055 | valid1 NMSE : 0.0093
[2025-08-11 09:24:32,034][__main__][INFO] - Step 500 | valid1 MSE : 0.0049 | valid1 NMSE : 0.0083
[2025-08-11 09:24:33,779][__main__][INFO] - Step 600 | valid1 MSE : 0.0046 | valid1 NMSE : 0.0078
[2025-08-11 09:24:35,761][__main__][INFO] - Step 700 | valid1 MSE : 0.0042 | valid1 NMSE : 0.0071
[2025-08-11 09:24:37,727][__main__][INFO] - Step 800 | valid1 MSE : 0.0057 | valid1 NMSE : 0.0095
[2025-08-11 09:24:39,748][__main__][INFO] - Step 900 | valid1 MSE : 0.0047 | valid1 NMSE : 0.0079
[2025-08-11 09:24:41,553][__main__][INFO] - Step 1000 | valid1 MSE : 0.0053 | valid1 NMSE : 0.0090
[2025-08-11 09:24:43,502][__main__][INFO] - Step 1100 | valid1 MSE : 0.0046 | valid1 NMSE : 0.0078
[2025-08-11 09:24:45,478][__main__][INFO] - Step 1200 | valid1 MSE : 0.0050 | valid1 NMSE : 0.0085
[2025-08-11 09:24:47,450][__main__][INFO] - Step 1300 | valid1 MSE : 0.0048 | valid1 NMSE : 0.0081
[2025-08-11 09:24:49,261][__main__][INFO] - Step 1400 | valid1 MSE : 0.0049 | valid1 NMSE : 0.0083
[2025-08-11 09:24:51,219][__main__][INFO] - Step 1500 | valid1 MSE : 0.0056 | valid1 NMSE : 0.0094
[2025-08-11 09:24:53,179][__main__][INFO] - Step 1600 | valid1 MSE : 0.0045 | valid1 NMSE : 0.0076
[2025-08-11 09:24:55,153][__main__][INFO] - Step 1700 | valid1 MSE : 0.0049 | valid1 NMSE : 0.0083
[2025-08-11 09:24:56,927][__main__][INFO] - Step 1800 | valid1 MSE : 0.0041 | valid1 NMSE : 0.0070
[2025-08-11 09:24:58,870][__main__][INFO] - Step 1900 | valid1 MSE : 0.0045 | valid1 NMSE : 0.0075
[2025-08-11 09:25:00,849][__main__][INFO] - Step 2000 | valid1 MSE : 0.0042 | valid1 NMSE : 0.0072
[2025-08-11 09:25:02,821][__main__][INFO] - Step 2100 | valid1 MSE : 0.0043 | valid1 NMSE : 0.0072
[2025-08-11 09:25:02,821][__main__][INFO] - Training done in 0.704 min
[2025-08-11 09:25:02,821][__main__][INFO] - Average time per step: 0.020 s
[2025-08-11 09:25:02,844][__main__][INFO] - End of training
[2025-08-11 09:25:03,467][__main__][INFO] - Plotted losses
[2025-08-11 09:25:03,467][__main__][INFO] - Computing test metrics
[2025-08-11 09:25:03,762][__main__][INFO] - Evaluation done in 0.005 min
[2025-08-11 09:25:03,956][__main__][INFO] - Evaluation done in 0.001 min
[2025-08-11 09:25:04,150][__main__][INFO] - Saved plots
[2025-08-11 09:25:04,150][__main__][INFO] - End of script

[2025-08-11 09:25:10,482][__main__][INFO] - =====Running main script=====
[2025-08-11 09:25:10,488][__main__][INFO] - Fetched main configs, save directory : ../outputs/benchmark_min_1/seed_3/PatchTST_revin_NMSE/
[2025-08-11 09:25:10,488][__main__][INFO] - Model PatchTST, normalization revin, criterion NMSE, kwargs {}
[2025-08-11 09:25:10,522][__main__][INFO] - Fetched dataloaders
[2025-08-11 09:25:10,524][__main__][INFO] - Training data shape : (70, 1, 1000)
[2025-08-11 09:25:10,524][__main__][INFO] - Batch sizes : X=torch.Size([10, 1, 100]), y=torch.Size([10, 1, 20])
[2025-08-11 09:25:12,911][__main__][INFO] - batch_size=10, learning_rate=0.0001, steps per epoch=7, epochs=300
[2025-08-11 09:25:12,911][__main__][INFO] - Starting training...
[2025-08-11 09:25:12,911][__main__][INFO] - Using device: cuda
[2025-08-11 09:25:12,911][__main__][INFO] - Training 300 epochs of 7 batches (2100 steps): , eval_freq: 100, print_freq: 100
[2025-08-11 09:25:14,557][__main__][INFO] - Step 1 | valid1 MSE : 0.8849 | valid1 NMSE : 1.5023
[2025-08-11 09:25:16,528][__main__][INFO] - Step 100 | valid1 MSE : 0.0056 | valid1 NMSE : 0.0095
[2025-08-11 09:25:18,396][__main__][INFO] - Step 200 | valid1 MSE : 0.0052 | valid1 NMSE : 0.0088
[2025-08-11 09:25:20,419][__main__][INFO] - Step 300 | valid1 MSE : 0.0046 | valid1 NMSE : 0.0078
[2025-08-11 09:25:22,449][__main__][INFO] - Step 400 | valid1 MSE : 0.0054 | valid1 NMSE : 0.0090
[2025-08-11 09:25:24,438][__main__][INFO] - Step 500 | valid1 MSE : 0.0048 | valid1 NMSE : 0.0080
[2025-08-11 09:25:26,222][__main__][INFO] - Step 600 | valid1 MSE : 0.0045 | valid1 NMSE : 0.0076
[2025-08-11 09:25:28,209][__main__][INFO] - Step 700 | valid1 MSE : 0.0041 | valid1 NMSE : 0.0070
[2025-08-11 09:25:30,190][__main__][INFO] - Step 800 | valid1 MSE : 0.0054 | valid1 NMSE : 0.0092
[2025-08-11 09:25:32,205][__main__][INFO] - Step 900 | valid1 MSE : 0.0045 | valid1 NMSE : 0.0075
[2025-08-11 09:25:34,006][__main__][INFO] - Step 1000 | valid1 MSE : 0.0050 | valid1 NMSE : 0.0085
[2025-08-11 09:25:36,008][__main__][INFO] - Step 1100 | valid1 MSE : 0.0044 | valid1 NMSE : 0.0074
[2025-08-11 09:25:38,065][__main__][INFO] - Step 1200 | valid1 MSE : 0.0048 | valid1 NMSE : 0.0082
[2025-08-11 09:25:40,103][__main__][INFO] - Step 1300 | valid1 MSE : 0.0046 | valid1 NMSE : 0.0078
[2025-08-11 09:25:42,005][__main__][INFO] - Step 1400 | valid1 MSE : 0.0047 | valid1 NMSE : 0.0079
[2025-08-11 09:25:44,018][__main__][INFO] - Step 1500 | valid1 MSE : 0.0053 | valid1 NMSE : 0.0089
[2025-08-11 09:25:46,030][__main__][INFO] - Step 1600 | valid1 MSE : 0.0044 | valid1 NMSE : 0.0074
[2025-08-11 09:25:48,029][__main__][INFO] - Step 1700 | valid1 MSE : 0.0046 | valid1 NMSE : 0.0077
[2025-08-11 09:25:49,873][__main__][INFO] - Step 1800 | valid1 MSE : 0.0040 | valid1 NMSE : 0.0067
[2025-08-11 09:25:51,859][__main__][INFO] - Step 1900 | valid1 MSE : 0.0043 | valid1 NMSE : 0.0072
[2025-08-11 09:25:53,883][__main__][INFO] - Step 2000 | valid1 MSE : 0.0040 | valid1 NMSE : 0.0068
[2025-08-11 09:25:55,893][__main__][INFO] - Step 2100 | valid1 MSE : 0.0040 | valid1 NMSE : 0.0067
[2025-08-11 09:25:55,893][__main__][INFO] - Training done in 0.716 min
[2025-08-11 09:25:55,893][__main__][INFO] - Average time per step: 0.020 s
[2025-08-11 09:25:55,916][__main__][INFO] - End of training
[2025-08-11 09:25:56,642][__main__][INFO] - Plotted losses
[2025-08-11 09:25:56,642][__main__][INFO] - Computing test metrics
[2025-08-11 09:25:56,941][__main__][INFO] - Evaluation done in 0.005 min
[2025-08-11 09:25:57,132][__main__][INFO] - Evaluation done in 0.001 min
[2025-08-11 09:25:57,331][__main__][INFO] - Saved plots
[2025-08-11 09:25:57,331][__main__][INFO] - Final mIN parameters: {'beta': np.float32(-0.00888757), 'alpha': np.float32(1.087159)}
[2025-08-11 09:25:57,331][__main__][INFO] - End of script

[2025-08-11 09:26:03,702][__main__][INFO] - =====Running main script=====
[2025-08-11 09:26:03,710][__main__][INFO] - Fetched main configs, save directory : ../outputs/benchmark_min_1/seed_3/default/
[2025-08-11 09:26:03,710][__main__][INFO] - Model PatchTST, normalization mIN, criterion NMSE, kwargs {}
[2025-08-11 09:26:03,746][__main__][INFO] - Fetched dataloaders
[2025-08-11 09:26:03,749][__main__][INFO] - Training data shape : (70, 1, 1000)
[2025-08-11 09:26:03,749][__main__][INFO] - Batch sizes : X=torch.Size([10, 1, 100]), y=torch.Size([10, 1, 20])
[2025-08-11 09:26:06,671][__main__][INFO] - batch_size=10, learning_rate=0.0001, steps per epoch=7, epochs=300
[2025-08-11 09:26:06,672][__main__][INFO] - Starting training...
[2025-08-11 09:26:06,672][__main__][INFO] - Using device: cuda
[2025-08-11 09:26:06,672][__main__][INFO] - Training 300 epochs of 7 batches (2100 steps): , eval_freq: 100, print_freq: 100
[2025-08-11 09:26:08,323][__main__][INFO] - Step 1 | valid1 MSE : 0.8848 | valid1 NMSE : 1.5023
[2025-08-11 09:26:10,117][__main__][INFO] - Step 100 | valid1 MSE : 0.0056 | valid1 NMSE : 0.0095
[2025-08-11 09:26:11,841][__main__][INFO] - Step 200 | valid1 MSE : 0.0052 | valid1 NMSE : 0.0088
[2025-08-11 09:26:13,779][__main__][INFO] - Step 300 | valid1 MSE : 0.0046 | valid1 NMSE : 0.0078
[2025-08-11 09:26:15,726][__main__][INFO] - Step 400 | valid1 MSE : 0.0054 | valid1 NMSE : 0.0091
[2025-08-11 09:26:17,603][__main__][INFO] - Step 500 | valid1 MSE : 0.0048 | valid1 NMSE : 0.0081
[2025-08-11 09:26:19,292][__main__][INFO] - Step 600 | valid1 MSE : 0.0045 | valid1 NMSE : 0.0076
[2025-08-11 09:26:21,153][__main__][INFO] - Step 700 | valid1 MSE : 0.0041 | valid1 NMSE : 0.0070
[2025-08-11 09:26:23,050][__main__][INFO] - Step 800 | valid1 MSE : 0.0055 | valid1 NMSE : 0.0092
[2025-08-11 09:26:24,920][__main__][INFO] - Step 900 | valid1 MSE : 0.0045 | valid1 NMSE : 0.0075
[2025-08-11 09:26:26,646][__main__][INFO] - Step 1000 | valid1 MSE : 0.0050 | valid1 NMSE : 0.0085
[2025-08-11 09:26:28,467][__main__][INFO] - Step 1100 | valid1 MSE : 0.0044 | valid1 NMSE : 0.0074
[2025-08-11 09:26:30,407][__main__][INFO] - Step 1200 | valid1 MSE : 0.0048 | valid1 NMSE : 0.0082
[2025-08-11 09:26:32,233][__main__][INFO] - Step 1300 | valid1 MSE : 0.0047 | valid1 NMSE : 0.0079
[2025-08-11 09:26:34,142][__main__][INFO] - Step 1400 | valid1 MSE : 0.0047 | valid1 NMSE : 0.0079
[2025-08-11 09:26:36,084][__main__][INFO] - Step 1500 | valid1 MSE : 0.0052 | valid1 NMSE : 0.0089
[2025-08-11 09:26:38,140][__main__][INFO] - Step 1600 | valid1 MSE : 0.0044 | valid1 NMSE : 0.0074
[2025-08-11 09:26:40,005][__main__][INFO] - Step 1700 | valid1 MSE : 0.0045 | valid1 NMSE : 0.0077
[2025-08-11 09:26:41,991][__main__][INFO] - Step 1800 | valid1 MSE : 0.0040 | valid1 NMSE : 0.0067
[2025-08-11 09:26:44,022][__main__][INFO] - Step 1900 | valid1 MSE : 0.0043 | valid1 NMSE : 0.0072
[2025-08-11 09:26:46,023][__main__][INFO] - Step 2000 | valid1 MSE : 0.0040 | valid1 NMSE : 0.0068
[2025-08-11 09:26:47,850][__main__][INFO] - Step 2100 | valid1 MSE : 0.0040 | valid1 NMSE : 0.0067
[2025-08-11 09:26:47,850][__main__][INFO] - Training done in 0.686 min
[2025-08-11 09:26:47,850][__main__][INFO] - Average time per step: 0.020 s
[2025-08-11 09:26:47,874][__main__][INFO] - End of training
[2025-08-11 09:26:48,827][__main__][INFO] - Plotted losses
[2025-08-11 09:26:48,827][__main__][INFO] - Computing test metrics
[2025-08-11 09:26:49,126][__main__][INFO] - Evaluation done in 0.005 min
[2025-08-11 09:26:49,325][__main__][INFO] - Evaluation done in 0.002 min
[2025-08-11 09:26:49,527][__main__][INFO] - Saved plots
[2025-08-11 09:26:49,528][__main__][INFO] - Final mIN parameters: {'beta': np.float32(0.009016931), 'alpha': np.float32(0.90914804)}
[2025-08-11 09:26:49,528][__main__][INFO] - End of script

[2025-08-11 09:26:56,308][__main__][INFO] - =====Running main script=====
[2025-08-11 09:26:56,315][__main__][INFO] - Fetched main configs, save directory : ../outputs/benchmark_min_1/seed_3/init/
[2025-08-11 09:26:56,315][__main__][INFO] - Model PatchTST, normalization mIN, criterion NMSE, kwargs {}
[2025-08-11 09:26:56,351][__main__][INFO] - Fetched dataloaders
[2025-08-11 09:26:56,354][__main__][INFO] - Training data shape : (70, 1, 1000)
[2025-08-11 09:26:56,354][__main__][INFO] - Batch sizes : X=torch.Size([10, 1, 100]), y=torch.Size([10, 1, 20])
[2025-08-11 09:26:58,889][__main__][INFO] - batch_size=10, learning_rate=0.0001, steps per epoch=7, epochs=300
[2025-08-11 09:26:58,890][__main__][INFO] - Starting training...
[2025-08-11 09:26:58,890][__main__][INFO] - Using device: cuda
[2025-08-11 09:26:58,890][__main__][INFO] - Training 300 epochs of 7 batches (2100 steps): , eval_freq: 100, print_freq: 100
[2025-08-11 09:27:00,593][__main__][INFO] - Step 1 | valid1 MSE : 0.5478 | valid1 NMSE : 0.9277
[2025-08-11 09:27:02,582][__main__][INFO] - Step 100 | valid1 MSE : 0.0054 | valid1 NMSE : 0.0092
[2025-08-11 09:27:04,363][__main__][INFO] - Step 200 | valid1 MSE : 0.0047 | valid1 NMSE : 0.0080
[2025-08-11 09:27:06,317][__main__][INFO] - Step 300 | valid1 MSE : 0.0047 | valid1 NMSE : 0.0079
[2025-08-11 09:27:08,319][__main__][INFO] - Step 400 | valid1 MSE : 0.0048 | valid1 NMSE : 0.0081
[2025-08-11 09:27:10,300][__main__][INFO] - Step 500 | valid1 MSE : 0.0043 | valid1 NMSE : 0.0073
[2025-08-11 09:27:12,089][__main__][INFO] - Step 600 | valid1 MSE : 0.0039 | valid1 NMSE : 0.0065
[2025-08-11 09:27:14,054][__main__][INFO] - Step 700 | valid1 MSE : 0.0039 | valid1 NMSE : 0.0065
[2025-08-11 09:27:16,011][__main__][INFO] - Step 800 | valid1 MSE : 0.0051 | valid1 NMSE : 0.0086
[2025-08-11 09:27:17,985][__main__][INFO] - Step 900 | valid1 MSE : 0.0042 | valid1 NMSE : 0.0071
[2025-08-11 09:27:19,754][__main__][INFO] - Step 1000 | valid1 MSE : 0.0048 | valid1 NMSE : 0.0080
[2025-08-11 09:27:21,743][__main__][INFO] - Step 1100 | valid1 MSE : 0.0039 | valid1 NMSE : 0.0066
[2025-08-11 09:27:23,773][__main__][INFO] - Step 1200 | valid1 MSE : 0.0041 | valid1 NMSE : 0.0070
[2025-08-11 09:27:25,786][__main__][INFO] - Step 1300 | valid1 MSE : 0.0043 | valid1 NMSE : 0.0073
[2025-08-11 09:27:27,585][__main__][INFO] - Step 1400 | valid1 MSE : 0.0043 | valid1 NMSE : 0.0073
[2025-08-11 09:27:29,571][__main__][INFO] - Step 1500 | valid1 MSE : 0.0047 | valid1 NMSE : 0.0079
[2025-08-11 09:27:31,522][__main__][INFO] - Step 1600 | valid1 MSE : 0.0042 | valid1 NMSE : 0.0070
[2025-08-11 09:27:33,520][__main__][INFO] - Step 1700 | valid1 MSE : 0.0045 | valid1 NMSE : 0.0076
[2025-08-11 09:27:35,323][__main__][INFO] - Step 1800 | valid1 MSE : 0.0035 | valid1 NMSE : 0.0059
[2025-08-11 09:27:37,305][__main__][INFO] - Step 1900 | valid1 MSE : 0.0038 | valid1 NMSE : 0.0064
[2025-08-11 09:27:39,296][__main__][INFO] - Step 2000 | valid1 MSE : 0.0037 | valid1 NMSE : 0.0062
[2025-08-11 09:27:41,190][__main__][INFO] - Step 2100 | valid1 MSE : 0.0038 | valid1 NMSE : 0.0064
[2025-08-11 09:27:41,191][__main__][INFO] - Training done in 0.705 min
[2025-08-11 09:27:41,191][__main__][INFO] - Average time per step: 0.020 s
[2025-08-11 09:27:41,214][__main__][INFO] - End of training
[2025-08-11 09:27:41,919][__main__][INFO] - Plotted losses
[2025-08-11 09:27:41,919][__main__][INFO] - Computing test metrics
[2025-08-11 09:27:42,026][__main__][INFO] - Evaluation done in 0.002 min
[2025-08-11 09:27:42,364][__main__][INFO] - Evaluation done in 0.004 min
[2025-08-11 09:27:42,562][__main__][INFO] - Saved plots
[2025-08-11 09:27:42,563][__main__][INFO] - Final mIN parameters: {'beta': np.float32(0.7708667), 'alpha': np.float32(0.859331)}
[2025-08-11 09:27:42,563][__main__][INFO] - End of script

[2025-08-11 09:27:48,463][__main__][INFO] - =====Running main script=====
[2025-08-11 09:27:48,470][__main__][INFO] - Fetched main configs, save directory : ../outputs/benchmark_min_1/seed_3/fixed/
[2025-08-11 09:27:48,470][__main__][INFO] - Model PatchTST, normalization mIN, criterion NMSE, kwargs {}
[2025-08-11 09:27:48,504][__main__][INFO] - Fetched dataloaders
[2025-08-11 09:27:48,506][__main__][INFO] - Training data shape : (70, 1, 1000)
[2025-08-11 09:27:48,506][__main__][INFO] - Batch sizes : X=torch.Size([10, 1, 100]), y=torch.Size([10, 1, 20])
[2025-08-11 09:27:51,365][__main__][INFO] - batch_size=10, learning_rate=0.0001, steps per epoch=7, epochs=300
[2025-08-11 09:27:51,365][__main__][INFO] - Starting training...
[2025-08-11 09:27:51,365][__main__][INFO] - Using device: cuda
[2025-08-11 09:27:51,365][__main__][INFO] - Training 300 epochs of 7 batches (2100 steps): , eval_freq: 100, print_freq: 100
[2025-08-11 09:27:53,138][__main__][INFO] - Step 1 | valid1 MSE : 0.5478 | valid1 NMSE : 0.9278
[2025-08-11 09:27:55,181][__main__][INFO] - Step 100 | valid1 MSE : 0.0055 | valid1 NMSE : 0.0093
[2025-08-11 09:27:57,085][__main__][INFO] - Step 200 | valid1 MSE : 0.0048 | valid1 NMSE : 0.0081
[2025-08-11 09:27:59,041][__main__][INFO] - Step 300 | valid1 MSE : 0.0048 | valid1 NMSE : 0.0081
[2025-08-11 09:28:01,023][__main__][INFO] - Step 400 | valid1 MSE : 0.0049 | valid1 NMSE : 0.0083
[2025-08-11 09:28:02,981][__main__][INFO] - Step 500 | valid1 MSE : 0.0045 | valid1 NMSE : 0.0076
[2025-08-11 09:28:04,619][__main__][INFO] - Step 600 | valid1 MSE : 0.0039 | valid1 NMSE : 0.0067
[2025-08-11 09:28:06,440][__main__][INFO] - Step 700 | valid1 MSE : 0.0040 | valid1 NMSE : 0.0067
[2025-08-11 09:28:08,371][__main__][INFO] - Step 800 | valid1 MSE : 0.0054 | valid1 NMSE : 0.0091
[2025-08-11 09:28:10,349][__main__][INFO] - Step 900 | valid1 MSE : 0.0044 | valid1 NMSE : 0.0074
[2025-08-11 09:28:12,125][__main__][INFO] - Step 1000 | valid1 MSE : 0.0049 | valid1 NMSE : 0.0083
[2025-08-11 09:28:14,098][__main__][INFO] - Step 1100 | valid1 MSE : 0.0040 | valid1 NMSE : 0.0067
[2025-08-11 09:28:16,079][__main__][INFO] - Step 1200 | valid1 MSE : 0.0042 | valid1 NMSE : 0.0072
[2025-08-11 09:28:17,870][__main__][INFO] - Step 1300 | valid1 MSE : 0.0045 | valid1 NMSE : 0.0076
[2025-08-11 09:28:19,858][__main__][INFO] - Step 1400 | valid1 MSE : 0.0046 | valid1 NMSE : 0.0078
[2025-08-11 09:28:21,837][__main__][INFO] - Step 1500 | valid1 MSE : 0.0050 | valid1 NMSE : 0.0084
[2025-08-11 09:28:23,849][__main__][INFO] - Step 1600 | valid1 MSE : 0.0044 | valid1 NMSE : 0.0074
[2025-08-11 09:28:25,668][__main__][INFO] - Step 1700 | valid1 MSE : 0.0050 | valid1 NMSE : 0.0084
[2025-08-11 09:28:27,591][__main__][INFO] - Step 1800 | valid1 MSE : 0.0036 | valid1 NMSE : 0.0061
[2025-08-11 09:28:29,604][__main__][INFO] - Step 1900 | valid1 MSE : 0.0039 | valid1 NMSE : 0.0065
[2025-08-11 09:28:31,636][__main__][INFO] - Step 2000 | valid1 MSE : 0.0038 | valid1 NMSE : 0.0065
[2025-08-11 09:28:33,463][__main__][INFO] - Step 2100 | valid1 MSE : 0.0041 | valid1 NMSE : 0.0069
[2025-08-11 09:28:33,464][__main__][INFO] - Training done in 0.702 min
[2025-08-11 09:28:33,464][__main__][INFO] - Average time per step: 0.020 s
[2025-08-11 09:28:33,487][__main__][INFO] - End of training
[2025-08-11 09:28:34,426][__main__][INFO] - Plotted losses
[2025-08-11 09:28:34,426][__main__][INFO] - Computing test metrics
[2025-08-11 09:28:34,532][__main__][INFO] - Evaluation done in 0.002 min
[2025-08-11 09:28:34,897][__main__][INFO] - Evaluation done in 0.004 min
[2025-08-11 09:28:35,094][__main__][INFO] - Saved plots
[2025-08-11 09:28:35,095][__main__][INFO] - Final mIN parameters: {'beta': np.float32(0.77), 'alpha': np.float32(0.95)}
[2025-08-11 09:28:35,095][__main__][INFO] - End of script

[2025-08-11 09:28:41,894][__main__][INFO] - =====Running main script=====
[2025-08-11 09:28:41,901][__main__][INFO] - Fetched main configs, save directory : ../outputs/benchmark_min_1/seed_3/default_gamma/
[2025-08-11 09:28:41,901][__main__][INFO] - Model PatchTST, normalization mIN, criterion NMSE, kwargs {}
[2025-08-11 09:28:41,937][__main__][INFO] - Fetched dataloaders
[2025-08-11 09:28:41,939][__main__][INFO] - Training data shape : (70, 1, 1000)
[2025-08-11 09:28:41,939][__main__][INFO] - Batch sizes : X=torch.Size([10, 1, 100]), y=torch.Size([10, 1, 20])
[2025-08-11 09:28:44,474][__main__][INFO] - batch_size=10, learning_rate=0.0001, steps per epoch=7, epochs=300
[2025-08-11 09:28:44,474][__main__][INFO] - Starting training...
[2025-08-11 09:28:44,474][__main__][INFO] - Using device: cuda
[2025-08-11 09:28:44,474][__main__][INFO] - Training 300 epochs of 7 batches (2100 steps): , eval_freq: 100, print_freq: 100
[2025-08-11 09:28:46,204][__main__][INFO] - Step 1 | valid1 MSE : 0.8848 | valid1 NMSE : 1.5022
[2025-08-11 09:28:48,232][__main__][INFO] - Step 100 | valid1 MSE : 0.0056 | valid1 NMSE : 0.0094
[2025-08-11 09:28:49,961][__main__][INFO] - Step 200 | valid1 MSE : 0.0051 | valid1 NMSE : 0.0087
[2025-08-11 09:28:51,906][__main__][INFO] - Step 300 | valid1 MSE : 0.0045 | valid1 NMSE : 0.0077
[2025-08-11 09:28:53,774][__main__][INFO] - Step 400 | valid1 MSE : 0.0052 | valid1 NMSE : 0.0088
[2025-08-11 09:28:55,675][__main__][INFO] - Step 500 | valid1 MSE : 0.0046 | valid1 NMSE : 0.0078
[2025-08-11 09:28:57,404][__main__][INFO] - Step 600 | valid1 MSE : 0.0044 | valid1 NMSE : 0.0074
[2025-08-11 09:28:59,431][__main__][INFO] - Step 700 | valid1 MSE : 0.0041 | valid1 NMSE : 0.0069
[2025-08-11 09:29:01,458][__main__][INFO] - Step 800 | valid1 MSE : 0.0053 | valid1 NMSE : 0.0089
[2025-08-11 09:29:03,479][__main__][INFO] - Step 900 | valid1 MSE : 0.0043 | valid1 NMSE : 0.0073
[2025-08-11 09:29:05,330][__main__][INFO] - Step 1000 | valid1 MSE : 0.0048 | valid1 NMSE : 0.0081
[2025-08-11 09:29:07,339][__main__][INFO] - Step 1100 | valid1 MSE : 0.0042 | valid1 NMSE : 0.0072
[2025-08-11 09:29:09,299][__main__][INFO] - Step 1200 | valid1 MSE : 0.0046 | valid1 NMSE : 0.0078
[2025-08-11 09:29:11,316][__main__][INFO] - Step 1300 | valid1 MSE : 0.0045 | valid1 NMSE : 0.0077
[2025-08-11 09:29:13,126][__main__][INFO] - Step 1400 | valid1 MSE : 0.0044 | valid1 NMSE : 0.0075
[2025-08-11 09:29:15,141][__main__][INFO] - Step 1500 | valid1 MSE : 0.0050 | valid1 NMSE : 0.0084
[2025-08-11 09:29:17,112][__main__][INFO] - Step 1600 | valid1 MSE : 0.0043 | valid1 NMSE : 0.0072
[2025-08-11 09:29:19,137][__main__][INFO] - Step 1700 | valid1 MSE : 0.0043 | valid1 NMSE : 0.0073
[2025-08-11 09:29:20,966][__main__][INFO] - Step 1800 | valid1 MSE : 0.0038 | valid1 NMSE : 0.0065
[2025-08-11 09:29:22,966][__main__][INFO] - Step 1900 | valid1 MSE : 0.0041 | valid1 NMSE : 0.0069
[2025-08-11 09:29:24,999][__main__][INFO] - Step 2000 | valid1 MSE : 0.0039 | valid1 NMSE : 0.0065
[2025-08-11 09:29:27,031][__main__][INFO] - Step 2100 | valid1 MSE : 0.0038 | valid1 NMSE : 0.0064
[2025-08-11 09:29:27,031][__main__][INFO] - Training done in 0.709 min
[2025-08-11 09:29:27,031][__main__][INFO] - Average time per step: 0.020 s
[2025-08-11 09:29:27,054][__main__][INFO] - End of training
[2025-08-11 09:29:27,774][__main__][INFO] - Plotted losses
[2025-08-11 09:29:27,774][__main__][INFO] - Computing test metrics
[2025-08-11 09:29:27,883][__main__][INFO] - Evaluation done in 0.002 min
[2025-08-11 09:29:28,248][__main__][INFO] - Evaluation done in 0.004 min
[2025-08-11 09:29:28,443][__main__][INFO] - Saved plots
[2025-08-11 09:29:28,443][__main__][INFO] - Final mIN parameters: {'beta': np.float32(0.009099207), 'alpha': np.float32(0.9139076)}
[2025-08-11 09:29:28,443][__main__][INFO] - End of script

[2025-08-11 09:29:34,568][__main__][INFO] - =====Running main script=====
[2025-08-11 09:29:34,574][__main__][INFO] - Fetched main configs, save directory : ../outputs/benchmark_min_1/seed_3/init_gamma/
[2025-08-11 09:29:34,574][__main__][INFO] - Model PatchTST, normalization mIN, criterion NMSE, kwargs {}
[2025-08-11 09:29:34,612][__main__][INFO] - Fetched dataloaders
[2025-08-11 09:29:34,615][__main__][INFO] - Training data shape : (70, 1, 1000)
[2025-08-11 09:29:34,615][__main__][INFO] - Batch sizes : X=torch.Size([10, 1, 100]), y=torch.Size([10, 1, 20])
[2025-08-11 09:29:37,459][__main__][INFO] - batch_size=10, learning_rate=0.0001, steps per epoch=7, epochs=300
[2025-08-11 09:29:37,459][__main__][INFO] - Starting training...
[2025-08-11 09:29:37,459][__main__][INFO] - Using device: cuda
[2025-08-11 09:29:37,459][__main__][INFO] - Training 300 epochs of 7 batches (2100 steps): , eval_freq: 100, print_freq: 100
[2025-08-11 09:29:39,220][__main__][INFO] - Step 1 | valid1 MSE : 0.5478 | valid1 NMSE : 0.9277
[2025-08-11 09:29:41,245][__main__][INFO] - Step 100 | valid1 MSE : 0.0054 | valid1 NMSE : 0.0091
[2025-08-11 09:29:43,078][__main__][INFO] - Step 200 | valid1 MSE : 0.0046 | valid1 NMSE : 0.0078
[2025-08-11 09:29:45,095][__main__][INFO] - Step 300 | valid1 MSE : 0.0046 | valid1 NMSE : 0.0078
[2025-08-11 09:29:47,055][__main__][INFO] - Step 400 | valid1 MSE : 0.0047 | valid1 NMSE : 0.0079
[2025-08-11 09:29:49,067][__main__][INFO] - Step 500 | valid1 MSE : 0.0042 | valid1 NMSE : 0.0072
[2025-08-11 09:29:50,875][__main__][INFO] - Step 600 | valid1 MSE : 0.0038 | valid1 NMSE : 0.0064
[2025-08-11 09:29:52,884][__main__][INFO] - Step 700 | valid1 MSE : 0.0038 | valid1 NMSE : 0.0064
[2025-08-11 09:29:54,809][__main__][INFO] - Step 800 | valid1 MSE : 0.0049 | valid1 NMSE : 0.0083
[2025-08-11 09:29:56,684][__main__][INFO] - Step 900 | valid1 MSE : 0.0040 | valid1 NMSE : 0.0068
[2025-08-11 09:29:58,324][__main__][INFO] - Step 1000 | valid1 MSE : 0.0046 | valid1 NMSE : 0.0078
[2025-08-11 09:30:00,087][__main__][INFO] - Step 1100 | valid1 MSE : 0.0038 | valid1 NMSE : 0.0064
[2025-08-11 09:30:01,975][__main__][INFO] - Step 1200 | valid1 MSE : 0.0040 | valid1 NMSE : 0.0068
[2025-08-11 09:30:03,942][__main__][INFO] - Step 1300 | valid1 MSE : 0.0041 | valid1 NMSE : 0.0070
[2025-08-11 09:30:05,830][__main__][INFO] - Step 1400 | valid1 MSE : 0.0041 | valid1 NMSE : 0.0070
[2025-08-11 09:30:07,868][__main__][INFO] - Step 1500 | valid1 MSE : 0.0045 | valid1 NMSE : 0.0076
[2025-08-11 09:30:09,897][__main__][INFO] - Step 1600 | valid1 MSE : 0.0040 | valid1 NMSE : 0.0068
[2025-08-11 09:30:11,951][__main__][INFO] - Step 1700 | valid1 MSE : 0.0042 | valid1 NMSE : 0.0072
[2025-08-11 09:30:13,846][__main__][INFO] - Step 1800 | valid1 MSE : 0.0034 | valid1 NMSE : 0.0057
[2025-08-11 09:30:15,904][__main__][INFO] - Step 1900 | valid1 MSE : 0.0037 | valid1 NMSE : 0.0063
[2025-08-11 09:30:17,923][__main__][INFO] - Step 2000 | valid1 MSE : 0.0036 | valid1 NMSE : 0.0060
[2025-08-11 09:30:19,955][__main__][INFO] - Step 2100 | valid1 MSE : 0.0036 | valid1 NMSE : 0.0061
[2025-08-11 09:30:19,955][__main__][INFO] - Training done in 0.708 min
[2025-08-11 09:30:19,955][__main__][INFO] - Average time per step: 0.020 s
[2025-08-11 09:30:19,977][__main__][INFO] - End of training
[2025-08-11 09:30:20,735][__main__][INFO] - Plotted losses
[2025-08-11 09:30:20,735][__main__][INFO] - Computing test metrics
[2025-08-11 09:30:20,848][__main__][INFO] - Evaluation done in 0.002 min
[2025-08-11 09:30:21,232][__main__][INFO] - Evaluation done in 0.005 min
[2025-08-11 09:30:21,426][__main__][INFO] - Saved plots
[2025-08-11 09:30:21,426][__main__][INFO] - Final mIN parameters: {'beta': np.float32(0.77062017), 'alpha': np.float32(0.86385894)}
[2025-08-11 09:30:21,426][__main__][INFO] - End of script

[2025-08-11 09:30:28,295][__main__][INFO] - =====Running main script=====
[2025-08-11 09:30:28,301][__main__][INFO] - Fetched main configs, save directory : ../outputs/benchmark_min_1/seed_3/fixed_gamma/
[2025-08-11 09:30:28,301][__main__][INFO] - Model PatchTST, normalization mIN, criterion NMSE, kwargs {}
[2025-08-11 09:30:28,338][__main__][INFO] - Fetched dataloaders
[2025-08-11 09:30:28,340][__main__][INFO] - Training data shape : (70, 1, 1000)
[2025-08-11 09:30:28,340][__main__][INFO] - Batch sizes : X=torch.Size([10, 1, 100]), y=torch.Size([10, 1, 20])
[2025-08-11 09:30:30,823][__main__][INFO] - batch_size=10, learning_rate=0.0001, steps per epoch=7, epochs=300
[2025-08-11 09:30:30,823][__main__][INFO] - Starting training...
[2025-08-11 09:30:30,823][__main__][INFO] - Using device: cuda
[2025-08-11 09:30:30,823][__main__][INFO] - Training 300 epochs of 7 batches (2100 steps): , eval_freq: 100, print_freq: 100
[2025-08-11 09:30:32,550][__main__][INFO] - Step 1 | valid1 MSE : 0.5478 | valid1 NMSE : 0.9278
[2025-08-11 09:30:34,593][__main__][INFO] - Step 100 | valid1 MSE : 0.0054 | valid1 NMSE : 0.0092
[2025-08-11 09:30:36,389][__main__][INFO] - Step 200 | valid1 MSE : 0.0047 | valid1 NMSE : 0.0080
[2025-08-11 09:30:38,385][__main__][INFO] - Step 300 | valid1 MSE : 0.0047 | valid1 NMSE : 0.0079
[2025-08-11 09:30:40,379][__main__][INFO] - Step 400 | valid1 MSE : 0.0048 | valid1 NMSE : 0.0081
[2025-08-11 09:30:42,387][__main__][INFO] - Step 500 | valid1 MSE : 0.0043 | valid1 NMSE : 0.0074
[2025-08-11 09:30:44,223][__main__][INFO] - Step 600 | valid1 MSE : 0.0039 | valid1 NMSE : 0.0065
[2025-08-11 09:30:46,220][__main__][INFO] - Step 700 | valid1 MSE : 0.0039 | valid1 NMSE : 0.0065
[2025-08-11 09:30:48,240][__main__][INFO] - Step 800 | valid1 MSE : 0.0051 | valid1 NMSE : 0.0087
[2025-08-11 09:30:50,286][__main__][INFO] - Step 900 | valid1 MSE : 0.0042 | valid1 NMSE : 0.0071
[2025-08-11 09:30:52,169][__main__][INFO] - Step 1000 | valid1 MSE : 0.0048 | valid1 NMSE : 0.0080
[2025-08-11 09:30:54,167][__main__][INFO] - Step 1100 | valid1 MSE : 0.0039 | valid1 NMSE : 0.0066
[2025-08-11 09:30:56,178][__main__][INFO] - Step 1200 | valid1 MSE : 0.0041 | valid1 NMSE : 0.0070
[2025-08-11 09:30:58,025][__main__][INFO] - Step 1300 | valid1 MSE : 0.0043 | valid1 NMSE : 0.0073
[2025-08-11 09:31:00,015][__main__][INFO] - Step 1400 | valid1 MSE : 0.0043 | valid1 NMSE : 0.0074
[2025-08-11 09:31:01,995][__main__][INFO] - Step 1500 | valid1 MSE : 0.0047 | valid1 NMSE : 0.0080
[2025-08-11 09:31:03,929][__main__][INFO] - Step 1600 | valid1 MSE : 0.0042 | valid1 NMSE : 0.0071
[2025-08-11 09:31:05,657][__main__][INFO] - Step 1700 | valid1 MSE : 0.0046 | valid1 NMSE : 0.0078
[2025-08-11 09:31:07,548][__main__][INFO] - Step 1800 | valid1 MSE : 0.0035 | valid1 NMSE : 0.0059
[2025-08-11 09:31:09,468][__main__][INFO] - Step 1900 | valid1 MSE : 0.0038 | valid1 NMSE : 0.0064
[2025-08-11 09:31:11,443][__main__][INFO] - Step 2000 | valid1 MSE : 0.0037 | valid1 NMSE : 0.0062
[2025-08-11 09:31:13,296][__main__][INFO] - Step 2100 | valid1 MSE : 0.0038 | valid1 NMSE : 0.0064
[2025-08-11 09:31:13,297][__main__][INFO] - Training done in 0.708 min
[2025-08-11 09:31:13,297][__main__][INFO] - Average time per step: 0.020 s
[2025-08-11 09:31:13,321][__main__][INFO] - End of training
[2025-08-11 09:31:14,209][__main__][INFO] - Plotted losses
[2025-08-11 09:31:14,209][__main__][INFO] - Computing test metrics
[2025-08-11 09:31:14,321][__main__][INFO] - Evaluation done in 0.002 min
[2025-08-11 09:31:14,694][__main__][INFO] - Evaluation done in 0.005 min
[2025-08-11 09:31:14,890][__main__][INFO] - Saved plots
[2025-08-11 09:31:14,890][__main__][INFO] - Final mIN parameters: {'beta': np.float32(0.77), 'alpha': np.float32(0.95)}
[2025-08-11 09:31:14,890][__main__][INFO] - End of script

[2025-08-11 09:31:28,853][__main__][INFO] - =====Running main script=====
[2025-08-11 09:31:28,860][__main__][INFO] - Fetched main configs, save directory : ../outputs/benchmark_min_1/seed_4/PatchTST_instance_NMSE/
[2025-08-11 09:31:28,860][__main__][INFO] - Model PatchTST, normalization instance, criterion NMSE, kwargs {}
[2025-08-11 09:31:28,902][__main__][INFO] - Fetched dataloaders
[2025-08-11 09:31:28,905][__main__][INFO] - Training data shape : (70, 1, 1000)
[2025-08-11 09:31:28,905][__main__][INFO] - Batch sizes : X=torch.Size([10, 1, 100]), y=torch.Size([10, 1, 20])
[2025-08-11 09:31:31,879][__main__][INFO] - batch_size=10, learning_rate=0.0001, steps per epoch=7, epochs=300
[2025-08-11 09:31:31,879][__main__][INFO] - Starting training...
[2025-08-11 09:31:31,879][__main__][INFO] - Using device: cuda
[2025-08-11 09:31:31,879][__main__][INFO] - Training 300 epochs of 7 batches (2100 steps): , eval_freq: 100, print_freq: 100
[2025-08-11 09:31:33,550][__main__][INFO] - Step 1 | valid1 MSE : 0.9632 | valid1 NMSE : 1.6232
[2025-08-11 09:31:35,540][__main__][INFO] - Step 100 | valid1 MSE : 0.0056 | valid1 NMSE : 0.0095
[2025-08-11 09:31:37,285][__main__][INFO] - Step 200 | valid1 MSE : 0.0056 | valid1 NMSE : 0.0094
[2025-08-11 09:31:39,217][__main__][INFO] - Step 300 | valid1 MSE : 0.0051 | valid1 NMSE : 0.0086
[2025-08-11 09:31:41,167][__main__][INFO] - Step 400 | valid1 MSE : 0.0044 | valid1 NMSE : 0.0075
[2025-08-11 09:31:43,106][__main__][INFO] - Step 500 | valid1 MSE : 0.0042 | valid1 NMSE : 0.0071
[2025-08-11 09:31:44,893][__main__][INFO] - Step 600 | valid1 MSE : 0.0050 | valid1 NMSE : 0.0085
[2025-08-11 09:31:46,868][__main__][INFO] - Step 700 | valid1 MSE : 0.0051 | valid1 NMSE : 0.0086
[2025-08-11 09:31:48,868][__main__][INFO] - Step 800 | valid1 MSE : 0.0043 | valid1 NMSE : 0.0073
[2025-08-11 09:31:50,810][__main__][INFO] - Step 900 | valid1 MSE : 0.0043 | valid1 NMSE : 0.0074
[2025-08-11 09:31:52,464][__main__][INFO] - Step 1000 | valid1 MSE : 0.0048 | valid1 NMSE : 0.0082
[2025-08-11 09:31:54,281][__main__][INFO] - Step 1100 | valid1 MSE : 0.0049 | valid1 NMSE : 0.0083
[2025-08-11 09:31:56,277][__main__][INFO] - Step 1200 | valid1 MSE : 0.0047 | valid1 NMSE : 0.0079
[2025-08-11 09:31:58,295][__main__][INFO] - Step 1300 | valid1 MSE : 0.0055 | valid1 NMSE : 0.0092
[2025-08-11 09:32:00,109][__main__][INFO] - Step 1400 | valid1 MSE : 0.0053 | valid1 NMSE : 0.0090
[2025-08-11 09:32:02,106][__main__][INFO] - Step 1500 | valid1 MSE : 0.0042 | valid1 NMSE : 0.0072
[2025-08-11 09:32:04,043][__main__][INFO] - Step 1600 | valid1 MSE : 0.0044 | valid1 NMSE : 0.0075
[2025-08-11 09:32:06,046][__main__][INFO] - Step 1700 | valid1 MSE : 0.0048 | valid1 NMSE : 0.0081
[2025-08-11 09:32:07,818][__main__][INFO] - Step 1800 | valid1 MSE : 0.0039 | valid1 NMSE : 0.0066
[2025-08-11 09:32:09,690][__main__][INFO] - Step 1900 | valid1 MSE : 0.0049 | valid1 NMSE : 0.0083
[2025-08-11 09:32:11,580][__main__][INFO] - Step 2000 | valid1 MSE : 0.0043 | valid1 NMSE : 0.0072
[2025-08-11 09:32:13,436][__main__][INFO] - Step 2100 | valid1 MSE : 0.0040 | valid1 NMSE : 0.0068
[2025-08-11 09:32:13,436][__main__][INFO] - Training done in 0.693 min
[2025-08-11 09:32:13,436][__main__][INFO] - Average time per step: 0.020 s
[2025-08-11 09:32:13,459][__main__][INFO] - End of training
[2025-08-11 09:32:14,004][__main__][INFO] - Plotted losses
[2025-08-11 09:32:14,004][__main__][INFO] - Computing test metrics
[2025-08-11 09:32:14,269][__main__][INFO] - Evaluation done in 0.004 min
[2025-08-11 09:32:14,449][__main__][INFO] - Evaluation done in 0.001 min
[2025-08-11 09:32:14,632][__main__][INFO] - Saved plots
[2025-08-11 09:32:14,633][__main__][INFO] - End of script

[2025-08-11 09:32:20,406][__main__][INFO] - =====Running main script=====
[2025-08-11 09:32:20,412][__main__][INFO] - Fetched main configs, save directory : ../outputs/benchmark_min_1/seed_4/PatchTST_revin_NMSE/
[2025-08-11 09:32:20,412][__main__][INFO] - Model PatchTST, normalization revin, criterion NMSE, kwargs {}
[2025-08-11 09:32:20,446][__main__][INFO] - Fetched dataloaders
[2025-08-11 09:32:20,448][__main__][INFO] - Training data shape : (70, 1, 1000)
[2025-08-11 09:32:20,448][__main__][INFO] - Batch sizes : X=torch.Size([10, 1, 100]), y=torch.Size([10, 1, 20])
[2025-08-11 09:32:22,879][__main__][INFO] - batch_size=10, learning_rate=0.0001, steps per epoch=7, epochs=300
[2025-08-11 09:32:22,879][__main__][INFO] - Starting training...
[2025-08-11 09:32:22,879][__main__][INFO] - Using device: cuda
[2025-08-11 09:32:22,879][__main__][INFO] - Training 300 epochs of 7 batches (2100 steps): , eval_freq: 100, print_freq: 100
[2025-08-11 09:32:24,585][__main__][INFO] - Step 1 | valid1 MSE : 0.9631 | valid1 NMSE : 1.6231
[2025-08-11 09:32:26,566][__main__][INFO] - Step 100 | valid1 MSE : 0.0056 | valid1 NMSE : 0.0094
[2025-08-11 09:32:28,354][__main__][INFO] - Step 200 | valid1 MSE : 0.0054 | valid1 NMSE : 0.0092
[2025-08-11 09:32:30,317][__main__][INFO] - Step 300 | valid1 MSE : 0.0050 | valid1 NMSE : 0.0084
[2025-08-11 09:32:32,308][__main__][INFO] - Step 400 | valid1 MSE : 0.0043 | valid1 NMSE : 0.0073
[2025-08-11 09:32:34,403][__main__][INFO] - Step 500 | valid1 MSE : 0.0041 | valid1 NMSE : 0.0070
[2025-08-11 09:32:36,268][__main__][INFO] - Step 600 | valid1 MSE : 0.0049 | valid1 NMSE : 0.0083
[2025-08-11 09:32:38,330][__main__][INFO] - Step 700 | valid1 MSE : 0.0049 | valid1 NMSE : 0.0084
[2025-08-11 09:32:40,304][__main__][INFO] - Step 800 | valid1 MSE : 0.0042 | valid1 NMSE : 0.0070
[2025-08-11 09:32:42,300][__main__][INFO] - Step 900 | valid1 MSE : 0.0043 | valid1 NMSE : 0.0072
[2025-08-11 09:32:44,125][__main__][INFO] - Step 1000 | valid1 MSE : 0.0047 | valid1 NMSE : 0.0079
[2025-08-11 09:32:46,122][__main__][INFO] - Step 1100 | valid1 MSE : 0.0047 | valid1 NMSE : 0.0079
[2025-08-11 09:32:48,107][__main__][INFO] - Step 1200 | valid1 MSE : 0.0045 | valid1 NMSE : 0.0076
[2025-08-11 09:32:50,082][__main__][INFO] - Step 1300 | valid1 MSE : 0.0052 | valid1 NMSE : 0.0088
[2025-08-11 09:32:51,897][__main__][INFO] - Step 1400 | valid1 MSE : 0.0052 | valid1 NMSE : 0.0087
[2025-08-11 09:32:53,907][__main__][INFO] - Step 1500 | valid1 MSE : 0.0040 | valid1 NMSE : 0.0068
[2025-08-11 09:32:55,914][__main__][INFO] - Step 1600 | valid1 MSE : 0.0042 | valid1 NMSE : 0.0071
[2025-08-11 09:32:57,872][__main__][INFO] - Step 1700 | valid1 MSE : 0.0045 | valid1 NMSE : 0.0077
[2025-08-11 09:32:59,673][__main__][INFO] - Step 1800 | valid1 MSE : 0.0039 | valid1 NMSE : 0.0065
[2025-08-11 09:33:01,647][__main__][INFO] - Step 1900 | valid1 MSE : 0.0047 | valid1 NMSE : 0.0079
[2025-08-11 09:33:03,643][__main__][INFO] - Step 2000 | valid1 MSE : 0.0040 | valid1 NMSE : 0.0068
[2025-08-11 09:33:05,668][__main__][INFO] - Step 2100 | valid1 MSE : 0.0038 | valid1 NMSE : 0.0064
[2025-08-11 09:33:05,668][__main__][INFO] - Training done in 0.713 min
[2025-08-11 09:33:05,668][__main__][INFO] - Average time per step: 0.020 s
[2025-08-11 09:33:05,690][__main__][INFO] - End of training
[2025-08-11 09:33:06,466][__main__][INFO] - Plotted losses
[2025-08-11 09:33:06,466][__main__][INFO] - Computing test metrics
[2025-08-11 09:33:06,761][__main__][INFO] - Evaluation done in 0.005 min
[2025-08-11 09:33:06,950][__main__][INFO] - Evaluation done in 0.001 min
[2025-08-11 09:33:07,146][__main__][INFO] - Saved plots
[2025-08-11 09:33:07,146][__main__][INFO] - Final mIN parameters: {'beta': np.float32(-0.010417274), 'alpha': np.float32(1.0886234)}
[2025-08-11 09:33:07,146][__main__][INFO] - End of script

[2025-08-11 09:33:13,910][__main__][INFO] - =====Running main script=====
[2025-08-11 09:33:13,917][__main__][INFO] - Fetched main configs, save directory : ../outputs/benchmark_min_1/seed_4/default/
[2025-08-11 09:33:13,917][__main__][INFO] - Model PatchTST, normalization mIN, criterion NMSE, kwargs {}
[2025-08-11 09:33:13,953][__main__][INFO] - Fetched dataloaders
[2025-08-11 09:33:13,956][__main__][INFO] - Training data shape : (70, 1, 1000)
[2025-08-11 09:33:13,956][__main__][INFO] - Batch sizes : X=torch.Size([10, 1, 100]), y=torch.Size([10, 1, 20])
[2025-08-11 09:33:16,827][__main__][INFO] - batch_size=10, learning_rate=0.0001, steps per epoch=7, epochs=300
[2025-08-11 09:33:16,827][__main__][INFO] - Starting training...
[2025-08-11 09:33:16,827][__main__][INFO] - Using device: cuda
[2025-08-11 09:33:16,827][__main__][INFO] - Training 300 epochs of 7 batches (2100 steps): , eval_freq: 100, print_freq: 100
[2025-08-11 09:33:18,529][__main__][INFO] - Step 1 | valid1 MSE : 0.9631 | valid1 NMSE : 1.6230
[2025-08-11 09:33:20,538][__main__][INFO] - Step 100 | valid1 MSE : 0.0056 | valid1 NMSE : 0.0094
[2025-08-11 09:33:22,322][__main__][INFO] - Step 200 | valid1 MSE : 0.0055 | valid1 NMSE : 0.0092
[2025-08-11 09:33:24,304][__main__][INFO] - Step 300 | valid1 MSE : 0.0050 | valid1 NMSE : 0.0084
[2025-08-11 09:33:26,327][__main__][INFO] - Step 400 | valid1 MSE : 0.0043 | valid1 NMSE : 0.0073
[2025-08-11 09:33:28,336][__main__][INFO] - Step 500 | valid1 MSE : 0.0042 | valid1 NMSE : 0.0071
[2025-08-11 09:33:30,132][__main__][INFO] - Step 600 | valid1 MSE : 0.0049 | valid1 NMSE : 0.0083
[2025-08-11 09:33:32,118][__main__][INFO] - Step 700 | valid1 MSE : 0.0050 | valid1 NMSE : 0.0084
[2025-08-11 09:33:34,094][__main__][INFO] - Step 800 | valid1 MSE : 0.0042 | valid1 NMSE : 0.0070
[2025-08-11 09:33:36,024][__main__][INFO] - Step 900 | valid1 MSE : 0.0043 | valid1 NMSE : 0.0073
[2025-08-11 09:33:37,787][__main__][INFO] - Step 1000 | valid1 MSE : 0.0047 | valid1 NMSE : 0.0080
[2025-08-11 09:33:39,742][__main__][INFO] - Step 1100 | valid1 MSE : 0.0047 | valid1 NMSE : 0.0080
[2025-08-11 09:33:41,649][__main__][INFO] - Step 1200 | valid1 MSE : 0.0045 | valid1 NMSE : 0.0076
[2025-08-11 09:33:43,549][__main__][INFO] - Step 1300 | valid1 MSE : 0.0052 | valid1 NMSE : 0.0088
[2025-08-11 09:33:45,342][__main__][INFO] - Step 1400 | valid1 MSE : 0.0052 | valid1 NMSE : 0.0087
[2025-08-11 09:33:47,340][__main__][INFO] - Step 1500 | valid1 MSE : 0.0040 | valid1 NMSE : 0.0068
[2025-08-11 09:33:49,217][__main__][INFO] - Step 1600 | valid1 MSE : 0.0042 | valid1 NMSE : 0.0071
[2025-08-11 09:33:50,926][__main__][INFO] - Step 1700 | valid1 MSE : 0.0045 | valid1 NMSE : 0.0077
[2025-08-11 09:33:52,578][__main__][INFO] - Step 1800 | valid1 MSE : 0.0039 | valid1 NMSE : 0.0065
[2025-08-11 09:33:54,483][__main__][INFO] - Step 1900 | valid1 MSE : 0.0047 | valid1 NMSE : 0.0079
[2025-08-11 09:33:56,462][__main__][INFO] - Step 2000 | valid1 MSE : 0.0040 | valid1 NMSE : 0.0068
[2025-08-11 09:33:58,403][__main__][INFO] - Step 2100 | valid1 MSE : 0.0038 | valid1 NMSE : 0.0064
[2025-08-11 09:33:58,404][__main__][INFO] - Training done in 0.693 min
[2025-08-11 09:33:58,404][__main__][INFO] - Average time per step: 0.020 s
[2025-08-11 09:33:58,427][__main__][INFO] - End of training
[2025-08-11 09:33:59,175][__main__][INFO] - Plotted losses
[2025-08-11 09:33:59,175][__main__][INFO] - Computing test metrics
[2025-08-11 09:33:59,279][__main__][INFO] - Evaluation done in 0.002 min
[2025-08-11 09:33:59,647][__main__][INFO] - Evaluation done in 0.005 min
[2025-08-11 09:33:59,842][__main__][INFO] - Saved plots
[2025-08-11 09:33:59,842][__main__][INFO] - Final mIN parameters: {'beta': np.float32(0.009958622), 'alpha': np.float32(0.90762776)}
[2025-08-11 09:33:59,842][__main__][INFO] - End of script

[2025-08-11 09:34:05,996][__main__][INFO] - =====Running main script=====
[2025-08-11 09:34:06,003][__main__][INFO] - Fetched main configs, save directory : ../outputs/benchmark_min_1/seed_4/init/
[2025-08-11 09:34:06,003][__main__][INFO] - Model PatchTST, normalization mIN, criterion NMSE, kwargs {}
[2025-08-11 09:34:06,038][__main__][INFO] - Fetched dataloaders
[2025-08-11 09:34:06,041][__main__][INFO] - Training data shape : (70, 1, 1000)
[2025-08-11 09:34:06,041][__main__][INFO] - Batch sizes : X=torch.Size([10, 1, 100]), y=torch.Size([10, 1, 20])
[2025-08-11 09:34:08,559][__main__][INFO] - batch_size=10, learning_rate=0.0001, steps per epoch=7, epochs=300
[2025-08-11 09:34:08,559][__main__][INFO] - Starting training...
[2025-08-11 09:34:08,559][__main__][INFO] - Using device: cuda
[2025-08-11 09:34:08,559][__main__][INFO] - Training 300 epochs of 7 batches (2100 steps): , eval_freq: 100, print_freq: 100
[2025-08-11 09:34:10,241][__main__][INFO] - Step 1 | valid1 MSE : 0.5873 | valid1 NMSE : 0.9933
[2025-08-11 09:34:12,225][__main__][INFO] - Step 100 | valid1 MSE : 0.0051 | valid1 NMSE : 0.0087
[2025-08-11 09:34:14,023][__main__][INFO] - Step 200 | valid1 MSE : 0.0053 | valid1 NMSE : 0.0089
[2025-08-11 09:34:16,006][__main__][INFO] - Step 300 | valid1 MSE : 0.0047 | valid1 NMSE : 0.0079
[2025-08-11 09:34:17,986][__main__][INFO] - Step 400 | valid1 MSE : 0.0041 | valid1 NMSE : 0.0069
[2025-08-11 09:34:19,961][__main__][INFO] - Step 500 | valid1 MSE : 0.0040 | valid1 NMSE : 0.0068
[2025-08-11 09:34:21,739][__main__][INFO] - Step 600 | valid1 MSE : 0.0044 | valid1 NMSE : 0.0075
[2025-08-11 09:34:23,715][__main__][INFO] - Step 700 | valid1 MSE : 0.0042 | valid1 NMSE : 0.0072
[2025-08-11 09:34:25,701][__main__][INFO] - Step 800 | valid1 MSE : 0.0039 | valid1 NMSE : 0.0065
[2025-08-11 09:34:27,682][__main__][INFO] - Step 900 | valid1 MSE : 0.0037 | valid1 NMSE : 0.0063
[2025-08-11 09:34:29,486][__main__][INFO] - Step 1000 | valid1 MSE : 0.0043 | valid1 NMSE : 0.0073
[2025-08-11 09:34:31,451][__main__][INFO] - Step 1100 | valid1 MSE : 0.0044 | valid1 NMSE : 0.0075
[2025-08-11 09:34:33,426][__main__][INFO] - Step 1200 | valid1 MSE : 0.0040 | valid1 NMSE : 0.0067
[2025-08-11 09:34:35,382][__main__][INFO] - Step 1300 | valid1 MSE : 0.0044 | valid1 NMSE : 0.0075
[2025-08-11 09:34:37,168][__main__][INFO] - Step 1400 | valid1 MSE : 0.0047 | valid1 NMSE : 0.0079
[2025-08-11 09:34:39,109][__main__][INFO] - Step 1500 | valid1 MSE : 0.0039 | valid1 NMSE : 0.0066
[2025-08-11 09:34:41,050][__main__][INFO] - Step 1600 | valid1 MSE : 0.0040 | valid1 NMSE : 0.0067
[2025-08-11 09:34:43,021][__main__][INFO] - Step 1700 | valid1 MSE : 0.0040 | valid1 NMSE : 0.0067
[2025-08-11 09:34:44,795][__main__][INFO] - Step 1800 | valid1 MSE : 0.0036 | valid1 NMSE : 0.0061
[2025-08-11 09:34:46,785][__main__][INFO] - Step 1900 | valid1 MSE : 0.0041 | valid1 NMSE : 0.0069
[2025-08-11 09:34:48,806][__main__][INFO] - Step 2000 | valid1 MSE : 0.0039 | valid1 NMSE : 0.0067
[2025-08-11 09:34:50,796][__main__][INFO] - Step 2100 | valid1 MSE : 0.0036 | valid1 NMSE : 0.0062
[2025-08-11 09:34:50,796][__main__][INFO] - Training done in 0.704 min
[2025-08-11 09:34:50,796][__main__][INFO] - Average time per step: 0.020 s
[2025-08-11 09:34:50,819][__main__][INFO] - End of training
[2025-08-11 09:34:51,577][__main__][INFO] - Plotted losses
[2025-08-11 09:34:51,577][__main__][INFO] - Computing test metrics
[2025-08-11 09:34:51,690][__main__][INFO] - Evaluation done in 0.002 min
[2025-08-11 09:34:52,082][__main__][INFO] - Evaluation done in 0.005 min
[2025-08-11 09:34:52,283][__main__][INFO] - Saved plots
[2025-08-11 09:34:52,284][__main__][INFO] - Final mIN parameters: {'beta': np.float32(0.7725099), 'alpha': np.float32(0.8651115)}
[2025-08-11 09:34:52,284][__main__][INFO] - End of script

[2025-08-11 09:34:59,424][__main__][INFO] - =====Running main script=====
[2025-08-11 09:34:59,433][__main__][INFO] - Fetched main configs, save directory : ../outputs/benchmark_min_1/seed_4/fixed/
[2025-08-11 09:34:59,433][__main__][INFO] - Model PatchTST, normalization mIN, criterion NMSE, kwargs {}
[2025-08-11 09:34:59,472][__main__][INFO] - Fetched dataloaders
[2025-08-11 09:34:59,475][__main__][INFO] - Training data shape : (70, 1, 1000)
[2025-08-11 09:34:59,475][__main__][INFO] - Batch sizes : X=torch.Size([10, 1, 100]), y=torch.Size([10, 1, 20])
[2025-08-11 09:35:02,477][__main__][INFO] - batch_size=10, learning_rate=0.0001, steps per epoch=7, epochs=300
[2025-08-11 09:35:02,478][__main__][INFO] - Starting training...
[2025-08-11 09:35:02,478][__main__][INFO] - Using device: cuda
[2025-08-11 09:35:02,478][__main__][INFO] - Training 300 epochs of 7 batches (2100 steps): , eval_freq: 100, print_freq: 100
[2025-08-11 09:35:04,243][__main__][INFO] - Step 1 | valid1 MSE : 0.5873 | valid1 NMSE : 0.9933
[2025-08-11 09:35:06,306][__main__][INFO] - Step 100 | valid1 MSE : 0.0052 | valid1 NMSE : 0.0087
[2025-08-11 09:35:08,112][__main__][INFO] - Step 200 | valid1 MSE : 0.0053 | valid1 NMSE : 0.0091
[2025-08-11 09:35:10,158][__main__][INFO] - Step 300 | valid1 MSE : 0.0048 | valid1 NMSE : 0.0081
[2025-08-11 09:35:12,232][__main__][INFO] - Step 400 | valid1 MSE : 0.0041 | valid1 NMSE : 0.0070
[2025-08-11 09:35:14,282][__main__][INFO] - Step 500 | valid1 MSE : 0.0041 | valid1 NMSE : 0.0070
[2025-08-11 09:35:16,107][__main__][INFO] - Step 600 | valid1 MSE : 0.0046 | valid1 NMSE : 0.0077
[2025-08-11 09:35:18,106][__main__][INFO] - Step 700 | valid1 MSE : 0.0043 | valid1 NMSE : 0.0073
[2025-08-11 09:35:20,128][__main__][INFO] - Step 800 | valid1 MSE : 0.0040 | valid1 NMSE : 0.0068
[2025-08-11 09:35:22,179][__main__][INFO] - Step 900 | valid1 MSE : 0.0038 | valid1 NMSE : 0.0064
[2025-08-11 09:35:24,064][__main__][INFO] - Step 1000 | valid1 MSE : 0.0045 | valid1 NMSE : 0.0077
[2025-08-11 09:35:26,124][__main__][INFO] - Step 1100 | valid1 MSE : 0.0045 | valid1 NMSE : 0.0077
[2025-08-11 09:35:28,144][__main__][INFO] - Step 1200 | valid1 MSE : 0.0041 | valid1 NMSE : 0.0070
[2025-08-11 09:35:30,029][__main__][INFO] - Step 1300 | valid1 MSE : 0.0047 | valid1 NMSE : 0.0080
[2025-08-11 09:35:32,070][__main__][INFO] - Step 1400 | valid1 MSE : 0.0048 | valid1 NMSE : 0.0082
[2025-08-11 09:35:34,142][__main__][INFO] - Step 1500 | valid1 MSE : 0.0042 | valid1 NMSE : 0.0072
[2025-08-11 09:35:36,215][__main__][INFO] - Step 1600 | valid1 MSE : 0.0043 | valid1 NMSE : 0.0073
[2025-08-11 09:35:38,051][__main__][INFO] - Step 1700 | valid1 MSE : 0.0042 | valid1 NMSE : 0.0071
[2025-08-11 09:35:40,091][__main__][INFO] - Step 1800 | valid1 MSE : 0.0038 | valid1 NMSE : 0.0064
[2025-08-11 09:35:42,124][__main__][INFO] - Step 1900 | valid1 MSE : 0.0042 | valid1 NMSE : 0.0071
[2025-08-11 09:35:44,167][__main__][INFO] - Step 2000 | valid1 MSE : 0.0044 | valid1 NMSE : 0.0074
[2025-08-11 09:35:46,021][__main__][INFO] - Step 2100 | valid1 MSE : 0.0039 | valid1 NMSE : 0.0065
[2025-08-11 09:35:46,022][__main__][INFO] - Training done in 0.726 min
[2025-08-11 09:35:46,022][__main__][INFO] - Average time per step: 0.021 s
[2025-08-11 09:35:46,044][__main__][INFO] - End of training
[2025-08-11 09:35:46,953][__main__][INFO] - Plotted losses
[2025-08-11 09:35:46,953][__main__][INFO] - Computing test metrics
[2025-08-11 09:35:47,063][__main__][INFO] - Evaluation done in 0.002 min
[2025-08-11 09:35:47,440][__main__][INFO] - Evaluation done in 0.005 min
[2025-08-11 09:35:47,638][__main__][INFO] - Saved plots
[2025-08-11 09:35:47,638][__main__][INFO] - Final mIN parameters: {'beta': np.float32(0.77), 'alpha': np.float32(0.95)}
[2025-08-11 09:35:47,638][__main__][INFO] - End of script

[2025-08-11 09:35:53,891][__main__][INFO] - =====Running main script=====
[2025-08-11 09:35:53,898][__main__][INFO] - Fetched main configs, save directory : ../outputs/benchmark_min_1/seed_4/default_gamma/
[2025-08-11 09:35:53,898][__main__][INFO] - Model PatchTST, normalization mIN, criterion NMSE, kwargs {}
[2025-08-11 09:35:53,936][__main__][INFO] - Fetched dataloaders
[2025-08-11 09:35:53,938][__main__][INFO] - Training data shape : (70, 1, 1000)
[2025-08-11 09:35:53,938][__main__][INFO] - Batch sizes : X=torch.Size([10, 1, 100]), y=torch.Size([10, 1, 20])
[2025-08-11 09:35:56,466][__main__][INFO] - batch_size=10, learning_rate=0.0001, steps per epoch=7, epochs=300
[2025-08-11 09:35:56,466][__main__][INFO] - Starting training...
[2025-08-11 09:35:56,466][__main__][INFO] - Using device: cuda
[2025-08-11 09:35:56,466][__main__][INFO] - Training 300 epochs of 7 batches (2100 steps): , eval_freq: 100, print_freq: 100
[2025-08-11 09:35:58,213][__main__][INFO] - Step 1 | valid1 MSE : 0.9630 | valid1 NMSE : 1.6229
[2025-08-11 09:36:00,299][__main__][INFO] - Step 100 | valid1 MSE : 0.0055 | valid1 NMSE : 0.0093
[2025-08-11 09:36:02,169][__main__][INFO] - Step 200 | valid1 MSE : 0.0053 | valid1 NMSE : 0.0090
[2025-08-11 09:36:04,291][__main__][INFO] - Step 300 | valid1 MSE : 0.0048 | valid1 NMSE : 0.0082
[2025-08-11 09:36:06,419][__main__][INFO] - Step 400 | valid1 MSE : 0.0043 | valid1 NMSE : 0.0072
[2025-08-11 09:36:08,546][__main__][INFO] - Step 500 | valid1 MSE : 0.0041 | valid1 NMSE : 0.0069
[2025-08-11 09:36:10,457][__main__][INFO] - Step 600 | valid1 MSE : 0.0048 | valid1 NMSE : 0.0081
[2025-08-11 09:36:12,548][__main__][INFO] - Step 700 | valid1 MSE : 0.0048 | valid1 NMSE : 0.0082
[2025-08-11 09:36:14,627][__main__][INFO] - Step 800 | valid1 MSE : 0.0040 | valid1 NMSE : 0.0068
[2025-08-11 09:36:16,705][__main__][INFO] - Step 900 | valid1 MSE : 0.0042 | valid1 NMSE : 0.0071
[2025-08-11 09:36:18,615][__main__][INFO] - Step 1000 | valid1 MSE : 0.0046 | valid1 NMSE : 0.0077
[2025-08-11 09:36:20,686][__main__][INFO] - Step 1100 | valid1 MSE : 0.0045 | valid1 NMSE : 0.0077
[2025-08-11 09:36:22,769][__main__][INFO] - Step 1200 | valid1 MSE : 0.0043 | valid1 NMSE : 0.0074
[2025-08-11 09:36:24,872][__main__][INFO] - Step 1300 | valid1 MSE : 0.0050 | valid1 NMSE : 0.0085
[2025-08-11 09:36:26,784][__main__][INFO] - Step 1400 | valid1 MSE : 0.0050 | valid1 NMSE : 0.0085
[2025-08-11 09:36:28,873][__main__][INFO] - Step 1500 | valid1 MSE : 0.0039 | valid1 NMSE : 0.0066
[2025-08-11 09:36:30,958][__main__][INFO] - Step 1600 | valid1 MSE : 0.0041 | valid1 NMSE : 0.0069
[2025-08-11 09:36:33,054][__main__][INFO] - Step 1700 | valid1 MSE : 0.0044 | valid1 NMSE : 0.0074
[2025-08-11 09:36:34,925][__main__][INFO] - Step 1800 | valid1 MSE : 0.0038 | valid1 NMSE : 0.0064
[2025-08-11 09:36:36,986][__main__][INFO] - Step 1900 | valid1 MSE : 0.0044 | valid1 NMSE : 0.0075
[2025-08-11 09:36:39,048][__main__][INFO] - Step 2000 | valid1 MSE : 0.0039 | valid1 NMSE : 0.0066
[2025-08-11 09:36:41,120][__main__][INFO] - Step 2100 | valid1 MSE : 0.0036 | valid1 NMSE : 0.0062
[2025-08-11 09:36:41,121][__main__][INFO] - Training done in 0.744 min
[2025-08-11 09:36:41,121][__main__][INFO] - Average time per step: 0.021 s
[2025-08-11 09:36:41,143][__main__][INFO] - End of training
[2025-08-11 09:36:41,941][__main__][INFO] - Plotted losses
[2025-08-11 09:36:41,941][__main__][INFO] - Computing test metrics
[2025-08-11 09:36:42,052][__main__][INFO] - Evaluation done in 0.002 min
[2025-08-11 09:36:42,439][__main__][INFO] - Evaluation done in 0.005 min
[2025-08-11 09:36:42,640][__main__][INFO] - Saved plots
[2025-08-11 09:36:42,640][__main__][INFO] - Final mIN parameters: {'beta': np.float32(0.010007092), 'alpha': np.float32(0.91245973)}
[2025-08-11 09:36:42,640][__main__][INFO] - End of script

[2025-08-11 09:36:49,728][__main__][INFO] - =====Running main script=====
[2025-08-11 09:36:49,735][__main__][INFO] - Fetched main configs, save directory : ../outputs/benchmark_min_1/seed_4/init_gamma/
[2025-08-11 09:36:49,735][__main__][INFO] - Model PatchTST, normalization mIN, criterion NMSE, kwargs {}
[2025-08-11 09:36:49,773][__main__][INFO] - Fetched dataloaders
[2025-08-11 09:36:49,775][__main__][INFO] - Training data shape : (70, 1, 1000)
[2025-08-11 09:36:49,775][__main__][INFO] - Batch sizes : X=torch.Size([10, 1, 100]), y=torch.Size([10, 1, 20])
[2025-08-11 09:36:52,741][__main__][INFO] - batch_size=10, learning_rate=0.0001, steps per epoch=7, epochs=300
[2025-08-11 09:36:52,741][__main__][INFO] - Starting training...
[2025-08-11 09:36:52,741][__main__][INFO] - Using device: cuda
[2025-08-11 09:36:52,741][__main__][INFO] - Training 300 epochs of 7 batches (2100 steps): , eval_freq: 100, print_freq: 100
[2025-08-11 09:36:54,528][__main__][INFO] - Step 1 | valid1 MSE : 0.5873 | valid1 NMSE : 0.9933
[2025-08-11 09:36:56,607][__main__][INFO] - Step 100 | valid1 MSE : 0.0051 | valid1 NMSE : 0.0086
[2025-08-11 09:36:58,492][__main__][INFO] - Step 200 | valid1 MSE : 0.0052 | valid1 NMSE : 0.0087
[2025-08-11 09:37:00,479][__main__][INFO] - Step 300 | valid1 MSE : 0.0046 | valid1 NMSE : 0.0078
[2025-08-11 09:37:02,522][__main__][INFO] - Step 400 | valid1 MSE : 0.0040 | valid1 NMSE : 0.0068
[2025-08-11 09:37:04,560][__main__][INFO] - Step 500 | valid1 MSE : 0.0039 | valid1 NMSE : 0.0067
[2025-08-11 09:37:06,390][__main__][INFO] - Step 600 | valid1 MSE : 0.0043 | valid1 NMSE : 0.0073
[2025-08-11 09:37:08,447][__main__][INFO] - Step 700 | valid1 MSE : 0.0041 | valid1 NMSE : 0.0070
[2025-08-11 09:37:10,547][__main__][INFO] - Step 800 | valid1 MSE : 0.0037 | valid1 NMSE : 0.0063
[2025-08-11 09:37:12,659][__main__][INFO] - Step 900 | valid1 MSE : 0.0037 | valid1 NMSE : 0.0062
[2025-08-11 09:37:14,558][__main__][INFO] - Step 1000 | valid1 MSE : 0.0042 | valid1 NMSE : 0.0071
[2025-08-11 09:37:16,625][__main__][INFO] - Step 1100 | valid1 MSE : 0.0044 | valid1 NMSE : 0.0074
[2025-08-11 09:37:18,680][__main__][INFO] - Step 1200 | valid1 MSE : 0.0038 | valid1 NMSE : 0.0065
[2025-08-11 09:37:20,745][__main__][INFO] - Step 1300 | valid1 MSE : 0.0042 | valid1 NMSE : 0.0071
[2025-08-11 09:37:22,627][__main__][INFO] - Step 1400 | valid1 MSE : 0.0045 | valid1 NMSE : 0.0077
[2025-08-11 09:37:24,686][__main__][INFO] - Step 1500 | valid1 MSE : 0.0037 | valid1 NMSE : 0.0063
[2025-08-11 09:37:26,761][__main__][INFO] - Step 1600 | valid1 MSE : 0.0038 | valid1 NMSE : 0.0064
[2025-08-11 09:37:28,818][__main__][INFO] - Step 1700 | valid1 MSE : 0.0039 | valid1 NMSE : 0.0065
[2025-08-11 09:37:30,703][__main__][INFO] - Step 1800 | valid1 MSE : 0.0036 | valid1 NMSE : 0.0060
[2025-08-11 09:37:32,756][__main__][INFO] - Step 1900 | valid1 MSE : 0.0040 | valid1 NMSE : 0.0068
[2025-08-11 09:37:34,816][__main__][INFO] - Step 2000 | valid1 MSE : 0.0037 | valid1 NMSE : 0.0062
[2025-08-11 09:37:36,898][__main__][INFO] - Step 2100 | valid1 MSE : 0.0035 | valid1 NMSE : 0.0060
[2025-08-11 09:37:36,898][__main__][INFO] - Training done in 0.736 min
[2025-08-11 09:37:36,898][__main__][INFO] - Average time per step: 0.021 s
[2025-08-11 09:37:36,921][__main__][INFO] - End of training
[2025-08-11 09:37:37,678][__main__][INFO] - Plotted losses
[2025-08-11 09:37:37,678][__main__][INFO] - Computing test metrics
[2025-08-11 09:37:37,787][__main__][INFO] - Evaluation done in 0.002 min
[2025-08-11 09:37:38,163][__main__][INFO] - Evaluation done in 0.005 min
[2025-08-11 09:37:38,367][__main__][INFO] - Saved plots
[2025-08-11 09:37:38,367][__main__][INFO] - Final mIN parameters: {'beta': np.float32(0.77170223), 'alpha': np.float32(0.8693283)}
[2025-08-11 09:37:38,367][__main__][INFO] - End of script

[2025-08-11 09:37:44,754][__main__][INFO] - =====Running main script=====
[2025-08-11 09:37:44,760][__main__][INFO] - Fetched main configs, save directory : ../outputs/benchmark_min_1/seed_4/fixed_gamma/
[2025-08-11 09:37:44,760][__main__][INFO] - Model PatchTST, normalization mIN, criterion NMSE, kwargs {}
[2025-08-11 09:37:44,796][__main__][INFO] - Fetched dataloaders
[2025-08-11 09:37:44,798][__main__][INFO] - Training data shape : (70, 1, 1000)
[2025-08-11 09:37:44,798][__main__][INFO] - Batch sizes : X=torch.Size([10, 1, 100]), y=torch.Size([10, 1, 20])
[2025-08-11 09:37:47,401][__main__][INFO] - batch_size=10, learning_rate=0.0001, steps per epoch=7, epochs=300
[2025-08-11 09:37:47,401][__main__][INFO] - Starting training...
[2025-08-11 09:37:47,401][__main__][INFO] - Using device: cuda
[2025-08-11 09:37:47,401][__main__][INFO] - Training 300 epochs of 7 batches (2100 steps): , eval_freq: 100, print_freq: 100
[2025-08-11 09:37:49,161][__main__][INFO] - Step 1 | valid1 MSE : 0.5873 | valid1 NMSE : 0.9933
[2025-08-11 09:37:51,234][__main__][INFO] - Step 100 | valid1 MSE : 0.0051 | valid1 NMSE : 0.0087
[2025-08-11 09:37:53,131][__main__][INFO] - Step 200 | valid1 MSE : 0.0053 | valid1 NMSE : 0.0089
[2025-08-11 09:37:55,201][__main__][INFO] - Step 300 | valid1 MSE : 0.0047 | valid1 NMSE : 0.0079
[2025-08-11 09:37:57,193][__main__][INFO] - Step 400 | valid1 MSE : 0.0041 | valid1 NMSE : 0.0069
[2025-08-11 09:37:59,039][__main__][INFO] - Step 500 | valid1 MSE : 0.0040 | valid1 NMSE : 0.0068
[2025-08-11 09:38:00,846][__main__][INFO] - Step 600 | valid1 MSE : 0.0044 | valid1 NMSE : 0.0075
[2025-08-11 09:38:02,865][__main__][INFO] - Step 700 | valid1 MSE : 0.0042 | valid1 NMSE : 0.0071
[2025-08-11 09:38:04,942][__main__][INFO] - Step 800 | valid1 MSE : 0.0039 | valid1 NMSE : 0.0066
[2025-08-11 09:38:06,968][__main__][INFO] - Step 900 | valid1 MSE : 0.0037 | valid1 NMSE : 0.0063
[2025-08-11 09:38:08,789][__main__][INFO] - Step 1000 | valid1 MSE : 0.0043 | valid1 NMSE : 0.0073
[2025-08-11 09:38:10,768][__main__][INFO] - Step 1100 | valid1 MSE : 0.0044 | valid1 NMSE : 0.0075
[2025-08-11 09:38:12,726][__main__][INFO] - Step 1200 | valid1 MSE : 0.0040 | valid1 NMSE : 0.0067
[2025-08-11 09:38:14,578][__main__][INFO] - Step 1300 | valid1 MSE : 0.0044 | valid1 NMSE : 0.0075
[2025-08-11 09:38:16,594][__main__][INFO] - Step 1400 | valid1 MSE : 0.0047 | valid1 NMSE : 0.0079
[2025-08-11 09:38:18,595][__main__][INFO] - Step 1500 | valid1 MSE : 0.0040 | valid1 NMSE : 0.0067
[2025-08-11 09:38:20,582][__main__][INFO] - Step 1600 | valid1 MSE : 0.0040 | valid1 NMSE : 0.0068
[2025-08-11 09:38:22,433][__main__][INFO] - Step 1700 | valid1 MSE : 0.0040 | valid1 NMSE : 0.0068
[2025-08-11 09:38:24,476][__main__][INFO] - Step 1800 | valid1 MSE : 0.0037 | valid1 NMSE : 0.0062
[2025-08-11 09:38:26,522][__main__][INFO] - Step 1900 | valid1 MSE : 0.0041 | valid1 NMSE : 0.0069
[2025-08-11 09:38:28,523][__main__][INFO] - Step 2000 | valid1 MSE : 0.0040 | valid1 NMSE : 0.0068
[2025-08-11 09:38:30,371][__main__][INFO] - Step 2100 | valid1 MSE : 0.0037 | valid1 NMSE : 0.0062
[2025-08-11 09:38:30,371][__main__][INFO] - Training done in 0.716 min
[2025-08-11 09:38:30,371][__main__][INFO] - Average time per step: 0.020 s
[2025-08-11 09:38:30,395][__main__][INFO] - End of training
[2025-08-11 09:38:31,357][__main__][INFO] - Plotted losses
[2025-08-11 09:38:31,357][__main__][INFO] - Computing test metrics
[2025-08-11 09:38:31,467][__main__][INFO] - Evaluation done in 0.002 min
[2025-08-11 09:38:31,844][__main__][INFO] - Evaluation done in 0.005 min
[2025-08-11 09:38:32,040][__main__][INFO] - Saved plots
[2025-08-11 09:38:32,040][__main__][INFO] - Final mIN parameters: {'beta': np.float32(0.77), 'alpha': np.float32(0.95)}
[2025-08-11 09:38:32,040][__main__][INFO] - End of script

[2025-08-11 09:38:46,432][__main__][INFO] - =====Running main script=====
[2025-08-11 09:38:46,439][__main__][INFO] - Fetched main configs, save directory : ../outputs/benchmark_min_1/seed_5/PatchTST_instance_NMSE/
[2025-08-11 09:38:46,439][__main__][INFO] - Model PatchTST, normalization instance, criterion NMSE, kwargs {}
[2025-08-11 09:38:46,479][__main__][INFO] - Fetched dataloaders
[2025-08-11 09:38:46,482][__main__][INFO] - Training data shape : (70, 1, 1000)
[2025-08-11 09:38:46,482][__main__][INFO] - Batch sizes : X=torch.Size([10, 1, 100]), y=torch.Size([10, 1, 20])
[2025-08-11 09:38:49,477][__main__][INFO] - batch_size=10, learning_rate=0.0001, steps per epoch=7, epochs=300
[2025-08-11 09:38:49,477][__main__][INFO] - Starting training...
[2025-08-11 09:38:49,477][__main__][INFO] - Using device: cuda
[2025-08-11 09:38:49,477][__main__][INFO] - Training 300 epochs of 7 batches (2100 steps): , eval_freq: 100, print_freq: 100
[2025-08-11 09:38:51,241][__main__][INFO] - Step 1 | valid1 MSE : 0.8954 | valid1 NMSE : 1.5174
[2025-08-11 09:38:53,276][__main__][INFO] - Step 100 | valid1 MSE : 0.0064 | valid1 NMSE : 0.0108
[2025-08-11 09:38:55,106][__main__][INFO] - Step 200 | valid1 MSE : 0.0056 | valid1 NMSE : 0.0096
[2025-08-11 09:38:57,124][__main__][INFO] - Step 300 | valid1 MSE : 0.0049 | valid1 NMSE : 0.0083
[2025-08-11 09:38:59,200][__main__][INFO] - Step 400 | valid1 MSE : 0.0047 | valid1 NMSE : 0.0080
[2025-08-11 09:39:01,237][__main__][INFO] - Step 500 | valid1 MSE : 0.0054 | valid1 NMSE : 0.0092
[2025-08-11 09:39:03,086][__main__][INFO] - Step 600 | valid1 MSE : 0.0050 | valid1 NMSE : 0.0084
[2025-08-11 09:39:05,127][__main__][INFO] - Step 700 | valid1 MSE : 0.0047 | valid1 NMSE : 0.0080
[2025-08-11 09:39:07,174][__main__][INFO] - Step 800 | valid1 MSE : 0.0050 | valid1 NMSE : 0.0084
[2025-08-11 09:39:09,177][__main__][INFO] - Step 900 | valid1 MSE : 0.0048 | valid1 NMSE : 0.0081
[2025-08-11 09:39:11,032][__main__][INFO] - Step 1000 | valid1 MSE : 0.0043 | valid1 NMSE : 0.0073
[2025-08-11 09:39:13,059][__main__][INFO] - Step 1100 | valid1 MSE : 0.0054 | valid1 NMSE : 0.0091
[2025-08-11 09:39:15,104][__main__][INFO] - Step 1200 | valid1 MSE : 0.0049 | valid1 NMSE : 0.0083
[2025-08-11 09:39:17,121][__main__][INFO] - Step 1300 | valid1 MSE : 0.0048 | valid1 NMSE : 0.0082
[2025-08-11 09:39:18,956][__main__][INFO] - Step 1400 | valid1 MSE : 0.0042 | valid1 NMSE : 0.0072
[2025-08-11 09:39:20,974][__main__][INFO] - Step 1500 | valid1 MSE : 0.0041 | valid1 NMSE : 0.0069
[2025-08-11 09:39:23,040][__main__][INFO] - Step 1600 | valid1 MSE : 0.0053 | valid1 NMSE : 0.0089
[2025-08-11 09:39:25,092][__main__][INFO] - Step 1700 | valid1 MSE : 0.0046 | valid1 NMSE : 0.0078
[2025-08-11 09:39:26,933][__main__][INFO] - Step 1800 | valid1 MSE : 0.0043 | valid1 NMSE : 0.0073
[2025-08-11 09:39:28,936][__main__][INFO] - Step 1900 | valid1 MSE : 0.0047 | valid1 NMSE : 0.0080
[2025-08-11 09:39:30,961][__main__][INFO] - Step 2000 | valid1 MSE : 0.0042 | valid1 NMSE : 0.0072
[2025-08-11 09:39:32,991][__main__][INFO] - Step 2100 | valid1 MSE : 0.0047 | valid1 NMSE : 0.0079
[2025-08-11 09:39:32,991][__main__][INFO] - Training done in 0.725 min
[2025-08-11 09:39:32,992][__main__][INFO] - Average time per step: 0.021 s
[2025-08-11 09:39:33,020][__main__][INFO] - End of training
[2025-08-11 09:39:33,662][__main__][INFO] - Plotted losses
[2025-08-11 09:39:33,662][__main__][INFO] - Computing test metrics
[2025-08-11 09:39:33,967][__main__][INFO] - Evaluation done in 0.005 min
[2025-08-11 09:39:34,150][__main__][INFO] - Evaluation done in 0.001 min
[2025-08-11 09:39:34,343][__main__][INFO] - Saved plots
[2025-08-11 09:39:34,344][__main__][INFO] - End of script

[2025-08-11 09:39:41,291][__main__][INFO] - =====Running main script=====
[2025-08-11 09:39:41,297][__main__][INFO] - Fetched main configs, save directory : ../outputs/benchmark_min_1/seed_5/PatchTST_revin_NMSE/
[2025-08-11 09:39:41,297][__main__][INFO] - Model PatchTST, normalization revin, criterion NMSE, kwargs {}
[2025-08-11 09:39:41,334][__main__][INFO] - Fetched dataloaders
[2025-08-11 09:39:41,336][__main__][INFO] - Training data shape : (70, 1, 1000)
[2025-08-11 09:39:41,336][__main__][INFO] - Batch sizes : X=torch.Size([10, 1, 100]), y=torch.Size([10, 1, 20])
[2025-08-11 09:39:44,030][__main__][INFO] - batch_size=10, learning_rate=0.0001, steps per epoch=7, epochs=300
[2025-08-11 09:39:44,030][__main__][INFO] - Starting training...
[2025-08-11 09:39:44,030][__main__][INFO] - Using device: cuda
[2025-08-11 09:39:44,030][__main__][INFO] - Training 300 epochs of 7 batches (2100 steps): , eval_freq: 100, print_freq: 100
[2025-08-11 09:39:45,820][__main__][INFO] - Step 1 | valid1 MSE : 0.8953 | valid1 NMSE : 1.5173
[2025-08-11 09:39:47,944][__main__][INFO] - Step 100 | valid1 MSE : 0.0064 | valid1 NMSE : 0.0108
[2025-08-11 09:39:49,775][__main__][INFO] - Step 200 | valid1 MSE : 0.0056 | valid1 NMSE : 0.0095
[2025-08-11 09:39:51,839][__main__][INFO] - Step 300 | valid1 MSE : 0.0048 | valid1 NMSE : 0.0081
[2025-08-11 09:39:53,919][__main__][INFO] - Step 400 | valid1 MSE : 0.0046 | valid1 NMSE : 0.0078
[2025-08-11 09:39:56,001][__main__][INFO] - Step 500 | valid1 MSE : 0.0053 | valid1 NMSE : 0.0089
[2025-08-11 09:39:57,862][__main__][INFO] - Step 600 | valid1 MSE : 0.0048 | valid1 NMSE : 0.0081
[2025-08-11 09:39:59,716][__main__][INFO] - Step 700 | valid1 MSE : 0.0045 | valid1 NMSE : 0.0076
[2025-08-11 09:40:01,652][__main__][INFO] - Step 800 | valid1 MSE : 0.0047 | valid1 NMSE : 0.0080
[2025-08-11 09:40:03,681][__main__][INFO] - Step 900 | valid1 MSE : 0.0046 | valid1 NMSE : 0.0078
[2025-08-11 09:40:05,536][__main__][INFO] - Step 1000 | valid1 MSE : 0.0041 | valid1 NMSE : 0.0070
[2025-08-11 09:40:07,564][__main__][INFO] - Step 1100 | valid1 MSE : 0.0051 | valid1 NMSE : 0.0086
[2025-08-11 09:40:09,631][__main__][INFO] - Step 1200 | valid1 MSE : 0.0046 | valid1 NMSE : 0.0078
[2025-08-11 09:40:11,662][__main__][INFO] - Step 1300 | valid1 MSE : 0.0046 | valid1 NMSE : 0.0078
[2025-08-11 09:40:13,507][__main__][INFO] - Step 1400 | valid1 MSE : 0.0041 | valid1 NMSE : 0.0069
[2025-08-11 09:40:15,541][__main__][INFO] - Step 1500 | valid1 MSE : 0.0039 | valid1 NMSE : 0.0065
[2025-08-11 09:40:17,613][__main__][INFO] - Step 1600 | valid1 MSE : 0.0049 | valid1 NMSE : 0.0084
[2025-08-11 09:40:19,666][__main__][INFO] - Step 1700 | valid1 MSE : 0.0043 | valid1 NMSE : 0.0074
[2025-08-11 09:40:21,517][__main__][INFO] - Step 1800 | valid1 MSE : 0.0041 | valid1 NMSE : 0.0069
[2025-08-11 09:40:23,551][__main__][INFO] - Step 1900 | valid1 MSE : 0.0046 | valid1 NMSE : 0.0078
[2025-08-11 09:40:25,601][__main__][INFO] - Step 2000 | valid1 MSE : 0.0039 | valid1 NMSE : 0.0067
[2025-08-11 09:40:27,660][__main__][INFO] - Step 2100 | valid1 MSE : 0.0044 | valid1 NMSE : 0.0075
[2025-08-11 09:40:27,660][__main__][INFO] - Training done in 0.727 min
[2025-08-11 09:40:27,660][__main__][INFO] - Average time per step: 0.021 s
[2025-08-11 09:40:27,684][__main__][INFO] - End of training
[2025-08-11 09:40:28,428][__main__][INFO] - Plotted losses
[2025-08-11 09:40:28,428][__main__][INFO] - Computing test metrics
[2025-08-11 09:40:28,744][__main__][INFO] - Evaluation done in 0.005 min
[2025-08-11 09:40:28,940][__main__][INFO] - Evaluation done in 0.002 min
[2025-08-11 09:40:29,145][__main__][INFO] - Saved plots
[2025-08-11 09:40:29,145][__main__][INFO] - Final mIN parameters: {'beta': np.float32(-0.009135954), 'alpha': np.float32(1.0873519)}
[2025-08-11 09:40:29,145][__main__][INFO] - End of script

[2025-08-11 09:40:35,629][__main__][INFO] - =====Running main script=====
[2025-08-11 09:40:35,635][__main__][INFO] - Fetched main configs, save directory : ../outputs/benchmark_min_1/seed_5/default/
[2025-08-11 09:40:35,635][__main__][INFO] - Model PatchTST, normalization mIN, criterion NMSE, kwargs {}
[2025-08-11 09:40:35,672][__main__][INFO] - Fetched dataloaders
[2025-08-11 09:40:35,674][__main__][INFO] - Training data shape : (70, 1, 1000)
[2025-08-11 09:40:35,674][__main__][INFO] - Batch sizes : X=torch.Size([10, 1, 100]), y=torch.Size([10, 1, 20])
[2025-08-11 09:40:38,667][__main__][INFO] - batch_size=10, learning_rate=0.0001, steps per epoch=7, epochs=300
[2025-08-11 09:40:38,668][__main__][INFO] - Starting training...
[2025-08-11 09:40:38,668][__main__][INFO] - Using device: cuda
[2025-08-11 09:40:38,668][__main__][INFO] - Training 300 epochs of 7 batches (2100 steps): , eval_freq: 100, print_freq: 100
[2025-08-11 09:40:40,446][__main__][INFO] - Step 1 | valid1 MSE : 0.8953 | valid1 NMSE : 1.5173
[2025-08-11 09:40:42,503][__main__][INFO] - Step 100 | valid1 MSE : 0.0064 | valid1 NMSE : 0.0108
[2025-08-11 09:40:44,307][__main__][INFO] - Step 200 | valid1 MSE : 0.0056 | valid1 NMSE : 0.0095
[2025-08-11 09:40:46,282][__main__][INFO] - Step 300 | valid1 MSE : 0.0048 | valid1 NMSE : 0.0082
[2025-08-11 09:40:48,253][__main__][INFO] - Step 400 | valid1 MSE : 0.0046 | valid1 NMSE : 0.0079
[2025-08-11 09:40:50,277][__main__][INFO] - Step 500 | valid1 MSE : 0.0053 | valid1 NMSE : 0.0089
[2025-08-11 09:40:52,080][__main__][INFO] - Step 600 | valid1 MSE : 0.0048 | valid1 NMSE : 0.0082
[2025-08-11 09:40:54,164][__main__][INFO] - Step 700 | valid1 MSE : 0.0045 | valid1 NMSE : 0.0077
[2025-08-11 09:40:56,228][__main__][INFO] - Step 800 | valid1 MSE : 0.0048 | valid1 NMSE : 0.0080
[2025-08-11 09:40:58,322][__main__][INFO] - Step 900 | valid1 MSE : 0.0046 | valid1 NMSE : 0.0078
[2025-08-11 09:41:00,157][__main__][INFO] - Step 1000 | valid1 MSE : 0.0041 | valid1 NMSE : 0.0070
[2025-08-11 09:41:02,179][__main__][INFO] - Step 1100 | valid1 MSE : 0.0051 | valid1 NMSE : 0.0087
[2025-08-11 09:41:04,216][__main__][INFO] - Step 1200 | valid1 MSE : 0.0046 | valid1 NMSE : 0.0078
[2025-08-11 09:41:06,285][__main__][INFO] - Step 1300 | valid1 MSE : 0.0046 | valid1 NMSE : 0.0079
[2025-08-11 09:41:08,116][__main__][INFO] - Step 1400 | valid1 MSE : 0.0041 | valid1 NMSE : 0.0069
[2025-08-11 09:41:10,126][__main__][INFO] - Step 1500 | valid1 MSE : 0.0038 | valid1 NMSE : 0.0065
[2025-08-11 09:41:12,135][__main__][INFO] - Step 1600 | valid1 MSE : 0.0050 | valid1 NMSE : 0.0084
[2025-08-11 09:41:14,140][__main__][INFO] - Step 1700 | valid1 MSE : 0.0043 | valid1 NMSE : 0.0073
[2025-08-11 09:41:15,954][__main__][INFO] - Step 1800 | valid1 MSE : 0.0041 | valid1 NMSE : 0.0069
[2025-08-11 09:41:17,958][__main__][INFO] - Step 1900 | valid1 MSE : 0.0046 | valid1 NMSE : 0.0078
[2025-08-11 09:41:19,952][__main__][INFO] - Step 2000 | valid1 MSE : 0.0039 | valid1 NMSE : 0.0066
[2025-08-11 09:41:22,007][__main__][INFO] - Step 2100 | valid1 MSE : 0.0044 | valid1 NMSE : 0.0076
[2025-08-11 09:41:22,007][__main__][INFO] - Training done in 0.722 min
[2025-08-11 09:41:22,007][__main__][INFO] - Average time per step: 0.021 s
[2025-08-11 09:41:22,030][__main__][INFO] - End of training
[2025-08-11 09:41:22,816][__main__][INFO] - Plotted losses
[2025-08-11 09:41:22,816][__main__][INFO] - Computing test metrics
[2025-08-11 09:41:22,925][__main__][INFO] - Evaluation done in 0.002 min
[2025-08-11 09:41:23,315][__main__][INFO] - Evaluation done in 0.005 min
[2025-08-11 09:41:23,511][__main__][INFO] - Saved plots
[2025-08-11 09:41:23,512][__main__][INFO] - Final mIN parameters: {'beta': np.float32(0.008826222), 'alpha': np.float32(0.9091396)}
[2025-08-11 09:41:23,512][__main__][INFO] - End of script

[2025-08-11 09:41:30,633][__main__][INFO] - =====Running main script=====
[2025-08-11 09:41:30,640][__main__][INFO] - Fetched main configs, save directory : ../outputs/benchmark_min_1/seed_5/init/
[2025-08-11 09:41:30,640][__main__][INFO] - Model PatchTST, normalization mIN, criterion NMSE, kwargs {}
[2025-08-11 09:41:30,677][__main__][INFO] - Fetched dataloaders
[2025-08-11 09:41:30,679][__main__][INFO] - Training data shape : (70, 1, 1000)
[2025-08-11 09:41:30,679][__main__][INFO] - Batch sizes : X=torch.Size([10, 1, 100]), y=torch.Size([10, 1, 20])
[2025-08-11 09:41:33,273][__main__][INFO] - batch_size=10, learning_rate=0.0001, steps per epoch=7, epochs=300
[2025-08-11 09:41:33,273][__main__][INFO] - Starting training...
[2025-08-11 09:41:33,273][__main__][INFO] - Using device: cuda
[2025-08-11 09:41:33,273][__main__][INFO] - Training 300 epochs of 7 batches (2100 steps): , eval_freq: 100, print_freq: 100
[2025-08-11 09:41:35,076][__main__][INFO] - Step 1 | valid1 MSE : 0.5597 | valid1 NMSE : 0.9463
[2025-08-11 09:41:37,151][__main__][INFO] - Step 100 | valid1 MSE : 0.0061 | valid1 NMSE : 0.0103
[2025-08-11 09:41:39,019][__main__][INFO] - Step 200 | valid1 MSE : 0.0049 | valid1 NMSE : 0.0083
[2025-08-11 09:41:41,067][__main__][INFO] - Step 300 | valid1 MSE : 0.0044 | valid1 NMSE : 0.0074
[2025-08-11 09:41:43,099][__main__][INFO] - Step 400 | valid1 MSE : 0.0042 | valid1 NMSE : 0.0070
[2025-08-11 09:41:45,170][__main__][INFO] - Step 500 | valid1 MSE : 0.0046 | valid1 NMSE : 0.0078
[2025-08-11 09:41:46,996][__main__][INFO] - Step 600 | valid1 MSE : 0.0044 | valid1 NMSE : 0.0074
[2025-08-11 09:41:49,011][__main__][INFO] - Step 700 | valid1 MSE : 0.0044 | valid1 NMSE : 0.0074
[2025-08-11 09:41:50,978][__main__][INFO] - Step 800 | valid1 MSE : 0.0044 | valid1 NMSE : 0.0075
[2025-08-11 09:41:52,928][__main__][INFO] - Step 900 | valid1 MSE : 0.0043 | valid1 NMSE : 0.0073
[2025-08-11 09:41:54,720][__main__][INFO] - Step 1000 | valid1 MSE : 0.0037 | valid1 NMSE : 0.0063
[2025-08-11 09:41:56,701][__main__][INFO] - Step 1100 | valid1 MSE : 0.0046 | valid1 NMSE : 0.0079
[2025-08-11 09:41:58,619][__main__][INFO] - Step 1200 | valid1 MSE : 0.0044 | valid1 NMSE : 0.0074
[2025-08-11 09:42:00,638][__main__][INFO] - Step 1300 | valid1 MSE : 0.0040 | valid1 NMSE : 0.0067
[2025-08-11 09:42:02,487][__main__][INFO] - Step 1400 | valid1 MSE : 0.0037 | valid1 NMSE : 0.0063
[2025-08-11 09:42:04,385][__main__][INFO] - Step 1500 | valid1 MSE : 0.0038 | valid1 NMSE : 0.0064
[2025-08-11 09:42:06,189][__main__][INFO] - Step 1600 | valid1 MSE : 0.0045 | valid1 NMSE : 0.0077
[2025-08-11 09:42:08,182][__main__][INFO] - Step 1700 | valid1 MSE : 0.0041 | valid1 NMSE : 0.0070
[2025-08-11 09:42:09,989][__main__][INFO] - Step 1800 | valid1 MSE : 0.0039 | valid1 NMSE : 0.0066
[2025-08-11 09:42:12,061][__main__][INFO] - Step 1900 | valid1 MSE : 0.0040 | valid1 NMSE : 0.0067
[2025-08-11 09:42:14,109][__main__][INFO] - Step 2000 | valid1 MSE : 0.0036 | valid1 NMSE : 0.0060
[2025-08-11 09:42:16,150][__main__][INFO] - Step 2100 | valid1 MSE : 0.0037 | valid1 NMSE : 0.0063
[2025-08-11 09:42:16,150][__main__][INFO] - Training done in 0.715 min
[2025-08-11 09:42:16,150][__main__][INFO] - Average time per step: 0.020 s
[2025-08-11 09:42:16,180][__main__][INFO] - End of training
[2025-08-11 09:42:17,067][__main__][INFO] - Plotted losses
[2025-08-11 09:42:17,067][__main__][INFO] - Computing test metrics
[2025-08-11 09:42:17,181][__main__][INFO] - Evaluation done in 0.002 min
[2025-08-11 09:42:17,580][__main__][INFO] - Evaluation done in 0.005 min
[2025-08-11 09:42:17,780][__main__][INFO] - Saved plots
[2025-08-11 09:42:17,781][__main__][INFO] - Final mIN parameters: {'beta': np.float32(0.770653), 'alpha': np.float32(0.85920805)}
[2025-08-11 09:42:17,781][__main__][INFO] - End of script

[2025-08-11 09:42:25,062][__main__][INFO] - =====Running main script=====
[2025-08-11 09:42:25,069][__main__][INFO] - Fetched main configs, save directory : ../outputs/benchmark_min_1/seed_5/fixed/
[2025-08-11 09:42:25,069][__main__][INFO] - Model PatchTST, normalization mIN, criterion NMSE, kwargs {}
[2025-08-11 09:42:25,107][__main__][INFO] - Fetched dataloaders
[2025-08-11 09:42:25,110][__main__][INFO] - Training data shape : (70, 1, 1000)
[2025-08-11 09:42:25,110][__main__][INFO] - Batch sizes : X=torch.Size([10, 1, 100]), y=torch.Size([10, 1, 20])
[2025-08-11 09:42:28,193][__main__][INFO] - batch_size=10, learning_rate=0.0001, steps per epoch=7, epochs=300
[2025-08-11 09:42:28,193][__main__][INFO] - Starting training...
[2025-08-11 09:42:28,194][__main__][INFO] - Using device: cuda
[2025-08-11 09:42:28,194][__main__][INFO] - Training 300 epochs of 7 batches (2100 steps): , eval_freq: 100, print_freq: 100
[2025-08-11 09:42:29,948][__main__][INFO] - Step 1 | valid1 MSE : 0.5597 | valid1 NMSE : 0.9463
[2025-08-11 09:42:32,028][__main__][INFO] - Step 100 | valid1 MSE : 0.0062 | valid1 NMSE : 0.0104
[2025-08-11 09:42:33,860][__main__][INFO] - Step 200 | valid1 MSE : 0.0049 | valid1 NMSE : 0.0084
[2025-08-11 09:42:35,879][__main__][INFO] - Step 300 | valid1 MSE : 0.0045 | valid1 NMSE : 0.0075
[2025-08-11 09:42:37,896][__main__][INFO] - Step 400 | valid1 MSE : 0.0043 | valid1 NMSE : 0.0072
[2025-08-11 09:42:39,887][__main__][INFO] - Step 500 | valid1 MSE : 0.0048 | valid1 NMSE : 0.0081
[2025-08-11 09:42:41,717][__main__][INFO] - Step 600 | valid1 MSE : 0.0045 | valid1 NMSE : 0.0076
[2025-08-11 09:42:43,707][__main__][INFO] - Step 700 | valid1 MSE : 0.0046 | valid1 NMSE : 0.0078
[2025-08-11 09:42:45,746][__main__][INFO] - Step 800 | valid1 MSE : 0.0046 | valid1 NMSE : 0.0077
[2025-08-11 09:42:47,789][__main__][INFO] - Step 900 | valid1 MSE : 0.0046 | valid1 NMSE : 0.0078
[2025-08-11 09:42:49,597][__main__][INFO] - Step 1000 | valid1 MSE : 0.0038 | valid1 NMSE : 0.0065
[2025-08-11 09:42:51,610][__main__][INFO] - Step 1100 | valid1 MSE : 0.0048 | valid1 NMSE : 0.0082
[2025-08-11 09:42:53,611][__main__][INFO] - Step 1200 | valid1 MSE : 0.0046 | valid1 NMSE : 0.0078
[2025-08-11 09:42:55,456][__main__][INFO] - Step 1300 | valid1 MSE : 0.0042 | valid1 NMSE : 0.0071
[2025-08-11 09:42:57,451][__main__][INFO] - Step 1400 | valid1 MSE : 0.0039 | valid1 NMSE : 0.0066
[2025-08-11 09:42:59,400][__main__][INFO] - Step 1500 | valid1 MSE : 0.0040 | valid1 NMSE : 0.0067
[2025-08-11 09:43:01,339][__main__][INFO] - Step 1600 | valid1 MSE : 0.0047 | valid1 NMSE : 0.0080
[2025-08-11 09:43:03,098][__main__][INFO] - Step 1700 | valid1 MSE : 0.0043 | valid1 NMSE : 0.0073
[2025-08-11 09:43:05,001][__main__][INFO] - Step 1800 | valid1 MSE : 0.0041 | valid1 NMSE : 0.0069
[2025-08-11 09:43:06,960][__main__][INFO] - Step 1900 | valid1 MSE : 0.0041 | valid1 NMSE : 0.0070
[2025-08-11 09:43:08,985][__main__][INFO] - Step 2000 | valid1 MSE : 0.0038 | valid1 NMSE : 0.0064
[2025-08-11 09:43:10,845][__main__][INFO] - Step 2100 | valid1 MSE : 0.0039 | valid1 NMSE : 0.0066
[2025-08-11 09:43:10,845][__main__][INFO] - Training done in 0.711 min
[2025-08-11 09:43:10,845][__main__][INFO] - Average time per step: 0.020 s
[2025-08-11 09:43:10,870][__main__][INFO] - End of training
[2025-08-11 09:43:11,859][__main__][INFO] - Plotted losses
[2025-08-11 09:43:11,859][__main__][INFO] - Computing test metrics
[2025-08-11 09:43:11,971][__main__][INFO] - Evaluation done in 0.002 min
[2025-08-11 09:43:12,361][__main__][INFO] - Evaluation done in 0.005 min
[2025-08-11 09:43:12,568][__main__][INFO] - Saved plots
[2025-08-11 09:43:12,568][__main__][INFO] - Final mIN parameters: {'beta': np.float32(0.77), 'alpha': np.float32(0.95)}
[2025-08-11 09:43:12,568][__main__][INFO] - End of script

[2025-08-11 09:43:19,992][__main__][INFO] - =====Running main script=====
[2025-08-11 09:43:19,999][__main__][INFO] - Fetched main configs, save directory : ../outputs/benchmark_min_1/seed_5/default_gamma/
[2025-08-11 09:43:19,999][__main__][INFO] - Model PatchTST, normalization mIN, criterion NMSE, kwargs {}
[2025-08-11 09:43:20,037][__main__][INFO] - Fetched dataloaders
[2025-08-11 09:43:20,039][__main__][INFO] - Training data shape : (70, 1, 1000)
[2025-08-11 09:43:20,040][__main__][INFO] - Batch sizes : X=torch.Size([10, 1, 100]), y=torch.Size([10, 1, 20])
[2025-08-11 09:43:22,797][__main__][INFO] - batch_size=10, learning_rate=0.0001, steps per epoch=7, epochs=300
[2025-08-11 09:43:22,797][__main__][INFO] - Starting training...
[2025-08-11 09:43:22,797][__main__][INFO] - Using device: cuda
[2025-08-11 09:43:22,797][__main__][INFO] - Training 300 epochs of 7 batches (2100 steps): , eval_freq: 100, print_freq: 100
[2025-08-11 09:43:24,591][__main__][INFO] - Step 1 | valid1 MSE : 0.8952 | valid1 NMSE : 1.5171
[2025-08-11 09:43:26,695][__main__][INFO] - Step 100 | valid1 MSE : 0.0063 | valid1 NMSE : 0.0107
[2025-08-11 09:43:28,550][__main__][INFO] - Step 200 | valid1 MSE : 0.0055 | valid1 NMSE : 0.0094
[2025-08-11 09:43:30,659][__main__][INFO] - Step 300 | valid1 MSE : 0.0047 | valid1 NMSE : 0.0080
[2025-08-11 09:43:32,735][__main__][INFO] - Step 400 | valid1 MSE : 0.0046 | valid1 NMSE : 0.0077
[2025-08-11 09:43:34,815][__main__][INFO] - Step 500 | valid1 MSE : 0.0051 | valid1 NMSE : 0.0087
[2025-08-11 09:43:36,677][__main__][INFO] - Step 600 | valid1 MSE : 0.0047 | valid1 NMSE : 0.0079
[2025-08-11 09:43:38,725][__main__][INFO] - Step 700 | valid1 MSE : 0.0044 | valid1 NMSE : 0.0074
[2025-08-11 09:43:40,780][__main__][INFO] - Step 800 | valid1 MSE : 0.0046 | valid1 NMSE : 0.0077
[2025-08-11 09:43:42,840][__main__][INFO] - Step 900 | valid1 MSE : 0.0045 | valid1 NMSE : 0.0076
[2025-08-11 09:43:44,720][__main__][INFO] - Step 1000 | valid1 MSE : 0.0040 | valid1 NMSE : 0.0069
[2025-08-11 09:43:46,778][__main__][INFO] - Step 1100 | valid1 MSE : 0.0049 | valid1 NMSE : 0.0082
[2025-08-11 09:43:48,821][__main__][INFO] - Step 1200 | valid1 MSE : 0.0043 | valid1 NMSE : 0.0073
[2025-08-11 09:43:50,931][__main__][INFO] - Step 1300 | valid1 MSE : 0.0044 | valid1 NMSE : 0.0075
[2025-08-11 09:43:52,792][__main__][INFO] - Step 1400 | valid1 MSE : 0.0040 | valid1 NMSE : 0.0068
[2025-08-11 09:43:54,917][__main__][INFO] - Step 1500 | valid1 MSE : 0.0037 | valid1 NMSE : 0.0063
[2025-08-11 09:43:57,019][__main__][INFO] - Step 1600 | valid1 MSE : 0.0047 | valid1 NMSE : 0.0079
[2025-08-11 09:43:59,085][__main__][INFO] - Step 1700 | valid1 MSE : 0.0041 | valid1 NMSE : 0.0070
[2025-08-11 09:44:00,949][__main__][INFO] - Step 1800 | valid1 MSE : 0.0040 | valid1 NMSE : 0.0067
[2025-08-11 09:44:02,997][__main__][INFO] - Step 1900 | valid1 MSE : 0.0045 | valid1 NMSE : 0.0075
[2025-08-11 09:44:05,035][__main__][INFO] - Step 2000 | valid1 MSE : 0.0038 | valid1 NMSE : 0.0063
[2025-08-11 09:44:07,055][__main__][INFO] - Step 2100 | valid1 MSE : 0.0043 | valid1 NMSE : 0.0073
[2025-08-11 09:44:07,055][__main__][INFO] - Training done in 0.738 min
[2025-08-11 09:44:07,055][__main__][INFO] - Average time per step: 0.021 s
[2025-08-11 09:44:07,079][__main__][INFO] - End of training
[2025-08-11 09:44:07,809][__main__][INFO] - Plotted losses
[2025-08-11 09:44:07,810][__main__][INFO] - Computing test metrics
[2025-08-11 09:44:07,919][__main__][INFO] - Evaluation done in 0.002 min
[2025-08-11 09:44:08,296][__main__][INFO] - Evaluation done in 0.005 min
[2025-08-11 09:44:08,488][__main__][INFO] - Saved plots
[2025-08-11 09:44:08,488][__main__][INFO] - Final mIN parameters: {'beta': np.float32(0.008881875), 'alpha': np.float32(0.91388667)}
[2025-08-11 09:44:08,488][__main__][INFO] - End of script

[2025-08-11 09:44:14,605][__main__][INFO] - =====Running main script=====
[2025-08-11 09:44:14,612][__main__][INFO] - Fetched main configs, save directory : ../outputs/benchmark_min_1/seed_5/init_gamma/
[2025-08-11 09:44:14,612][__main__][INFO] - Model PatchTST, normalization mIN, criterion NMSE, kwargs {}
[2025-08-11 09:44:14,648][__main__][INFO] - Fetched dataloaders
[2025-08-11 09:44:14,650][__main__][INFO] - Training data shape : (70, 1, 1000)
[2025-08-11 09:44:14,650][__main__][INFO] - Batch sizes : X=torch.Size([10, 1, 100]), y=torch.Size([10, 1, 20])
[2025-08-11 09:44:17,675][__main__][INFO] - batch_size=10, learning_rate=0.0001, steps per epoch=7, epochs=300
[2025-08-11 09:44:17,676][__main__][INFO] - Starting training...
[2025-08-11 09:44:17,676][__main__][INFO] - Using device: cuda
[2025-08-11 09:44:17,676][__main__][INFO] - Training 300 epochs of 7 batches (2100 steps): , eval_freq: 100, print_freq: 100
[2025-08-11 09:44:19,428][__main__][INFO] - Step 1 | valid1 MSE : 0.5597 | valid1 NMSE : 0.9463
[2025-08-11 09:44:21,523][__main__][INFO] - Step 100 | valid1 MSE : 0.0061 | valid1 NMSE : 0.0102
[2025-08-11 09:44:23,427][__main__][INFO] - Step 200 | valid1 MSE : 0.0048 | valid1 NMSE : 0.0082
[2025-08-11 09:44:25,493][__main__][INFO] - Step 300 | valid1 MSE : 0.0043 | valid1 NMSE : 0.0072
[2025-08-11 09:44:27,606][__main__][INFO] - Step 400 | valid1 MSE : 0.0041 | valid1 NMSE : 0.0069
[2025-08-11 09:44:29,754][__main__][INFO] - Step 500 | valid1 MSE : 0.0045 | valid1 NMSE : 0.0076
[2025-08-11 09:44:31,662][__main__][INFO] - Step 600 | valid1 MSE : 0.0042 | valid1 NMSE : 0.0072
[2025-08-11 09:44:33,648][__main__][INFO] - Step 700 | valid1 MSE : 0.0042 | valid1 NMSE : 0.0071
[2025-08-11 09:44:35,670][__main__][INFO] - Step 800 | valid1 MSE : 0.0043 | valid1 NMSE : 0.0072
[2025-08-11 09:44:37,749][__main__][INFO] - Step 900 | valid1 MSE : 0.0041 | valid1 NMSE : 0.0070
[2025-08-11 09:44:39,593][__main__][INFO] - Step 1000 | valid1 MSE : 0.0036 | valid1 NMSE : 0.0062
[2025-08-11 09:44:41,637][__main__][INFO] - Step 1100 | valid1 MSE : 0.0045 | valid1 NMSE : 0.0076
[2025-08-11 09:44:43,681][__main__][INFO] - Step 1200 | valid1 MSE : 0.0042 | valid1 NMSE : 0.0071
[2025-08-11 09:44:45,723][__main__][INFO] - Step 1300 | valid1 MSE : 0.0038 | valid1 NMSE : 0.0064
[2025-08-11 09:44:47,607][__main__][INFO] - Step 1400 | valid1 MSE : 0.0036 | valid1 NMSE : 0.0061
[2025-08-11 09:44:49,658][__main__][INFO] - Step 1500 | valid1 MSE : 0.0037 | valid1 NMSE : 0.0062
[2025-08-11 09:44:51,713][__main__][INFO] - Step 1600 | valid1 MSE : 0.0044 | valid1 NMSE : 0.0074
[2025-08-11 09:44:53,805][__main__][INFO] - Step 1700 | valid1 MSE : 0.0040 | valid1 NMSE : 0.0067
[2025-08-11 09:44:55,657][__main__][INFO] - Step 1800 | valid1 MSE : 0.0037 | valid1 NMSE : 0.0063
[2025-08-11 09:44:57,720][__main__][INFO] - Step 1900 | valid1 MSE : 0.0038 | valid1 NMSE : 0.0065
[2025-08-11 09:44:59,773][__main__][INFO] - Step 2000 | valid1 MSE : 0.0034 | valid1 NMSE : 0.0058
[2025-08-11 09:45:01,886][__main__][INFO] - Step 2100 | valid1 MSE : 0.0036 | valid1 NMSE : 0.0061
[2025-08-11 09:45:01,886][__main__][INFO] - Training done in 0.737 min
[2025-08-11 09:45:01,886][__main__][INFO] - Average time per step: 0.021 s
[2025-08-11 09:45:01,909][__main__][INFO] - End of training
[2025-08-11 09:45:02,720][__main__][INFO] - Plotted losses
[2025-08-11 09:45:02,721][__main__][INFO] - Computing test metrics
[2025-08-11 09:45:02,837][__main__][INFO] - Evaluation done in 0.002 min
[2025-08-11 09:45:03,223][__main__][INFO] - Evaluation done in 0.005 min
[2025-08-11 09:45:03,436][__main__][INFO] - Saved plots
[2025-08-11 09:45:03,437][__main__][INFO] - Final mIN parameters: {'beta': np.float32(0.7701742), 'alpha': np.float32(0.86379474)}
[2025-08-11 09:45:03,437][__main__][INFO] - End of script

[2025-08-11 09:45:10,478][__main__][INFO] - =====Running main script=====
[2025-08-11 09:45:10,485][__main__][INFO] - Fetched main configs, save directory : ../outputs/benchmark_min_1/seed_5/fixed_gamma/
[2025-08-11 09:45:10,485][__main__][INFO] - Model PatchTST, normalization mIN, criterion NMSE, kwargs {}
[2025-08-11 09:45:10,521][__main__][INFO] - Fetched dataloaders
[2025-08-11 09:45:10,524][__main__][INFO] - Training data shape : (70, 1, 1000)
[2025-08-11 09:45:10,524][__main__][INFO] - Batch sizes : X=torch.Size([10, 1, 100]), y=torch.Size([10, 1, 20])
[2025-08-11 09:45:13,062][__main__][INFO] - batch_size=10, learning_rate=0.0001, steps per epoch=7, epochs=300
[2025-08-11 09:45:13,062][__main__][INFO] - Starting training...
[2025-08-11 09:45:13,062][__main__][INFO] - Using device: cuda
[2025-08-11 09:45:13,062][__main__][INFO] - Training 300 epochs of 7 batches (2100 steps): , eval_freq: 100, print_freq: 100
[2025-08-11 09:45:14,772][__main__][INFO] - Step 1 | valid1 MSE : 0.5597 | valid1 NMSE : 0.9463
[2025-08-11 09:45:16,769][__main__][INFO] - Step 100 | valid1 MSE : 0.0061 | valid1 NMSE : 0.0103
[2025-08-11 09:45:18,594][__main__][INFO] - Step 200 | valid1 MSE : 0.0049 | valid1 NMSE : 0.0083
[2025-08-11 09:45:20,569][__main__][INFO] - Step 300 | valid1 MSE : 0.0044 | valid1 NMSE : 0.0074
[2025-08-11 09:45:22,564][__main__][INFO] - Step 400 | valid1 MSE : 0.0042 | valid1 NMSE : 0.0070
[2025-08-11 09:45:24,555][__main__][INFO] - Step 500 | valid1 MSE : 0.0046 | valid1 NMSE : 0.0078
[2025-08-11 09:45:26,338][__main__][INFO] - Step 600 | valid1 MSE : 0.0044 | valid1 NMSE : 0.0074
[2025-08-11 09:45:28,297][__main__][INFO] - Step 700 | valid1 MSE : 0.0044 | valid1 NMSE : 0.0074
[2025-08-11 09:45:30,281][__main__][INFO] - Step 800 | valid1 MSE : 0.0044 | valid1 NMSE : 0.0075
[2025-08-11 09:45:32,264][__main__][INFO] - Step 900 | valid1 MSE : 0.0043 | valid1 NMSE : 0.0073
[2025-08-11 09:45:34,064][__main__][INFO] - Step 1000 | valid1 MSE : 0.0037 | valid1 NMSE : 0.0063
[2025-08-11 09:45:35,932][__main__][INFO] - Step 1100 | valid1 MSE : 0.0046 | valid1 NMSE : 0.0079
[2025-08-11 09:45:37,898][__main__][INFO] - Step 1200 | valid1 MSE : 0.0044 | valid1 NMSE : 0.0074
[2025-08-11 09:45:39,693][__main__][INFO] - Step 1300 | valid1 MSE : 0.0040 | valid1 NMSE : 0.0068
[2025-08-11 09:45:41,691][__main__][INFO] - Step 1400 | valid1 MSE : 0.0038 | valid1 NMSE : 0.0064
[2025-08-11 09:45:43,731][__main__][INFO] - Step 1500 | valid1 MSE : 0.0038 | valid1 NMSE : 0.0065
[2025-08-11 09:45:45,760][__main__][INFO] - Step 1600 | valid1 MSE : 0.0045 | valid1 NMSE : 0.0077
[2025-08-11 09:45:47,574][__main__][INFO] - Step 1700 | valid1 MSE : 0.0041 | valid1 NMSE : 0.0070
[2025-08-11 09:45:49,561][__main__][INFO] - Step 1800 | valid1 MSE : 0.0039 | valid1 NMSE : 0.0066
[2025-08-11 09:45:51,569][__main__][INFO] - Step 1900 | valid1 MSE : 0.0040 | valid1 NMSE : 0.0067
[2025-08-11 09:45:53,584][__main__][INFO] - Step 2000 | valid1 MSE : 0.0036 | valid1 NMSE : 0.0061
[2025-08-11 09:45:55,423][__main__][INFO] - Step 2100 | valid1 MSE : 0.0038 | valid1 NMSE : 0.0064
[2025-08-11 09:45:55,423][__main__][INFO] - Training done in 0.706 min
[2025-08-11 09:45:55,423][__main__][INFO] - Average time per step: 0.020 s
[2025-08-11 09:45:55,447][__main__][INFO] - End of training
[2025-08-11 09:45:56,332][__main__][INFO] - Plotted losses
[2025-08-11 09:45:56,332][__main__][INFO] - Computing test metrics
[2025-08-11 09:45:56,442][__main__][INFO] - Evaluation done in 0.002 min
[2025-08-11 09:45:56,816][__main__][INFO] - Evaluation done in 0.005 min
[2025-08-11 09:45:57,020][__main__][INFO] - Saved plots
[2025-08-11 09:45:57,021][__main__][INFO] - Final mIN parameters: {'beta': np.float32(0.77), 'alpha': np.float32(0.95)}
[2025-08-11 09:45:57,021][__main__][INFO] - End of script

Table of test1_mean_results.json
+-----------------+--------------------------+-----------------------+-----------------+-----------------+-----------------+-----------------+-----------------+-----------------+
|                 | PatchTST_instance_NMSE   | PatchTST_revin_NMSE   | default         | init            | fixed           | default_gamma   | init_gamma      | fixed_gamma     |
+=================+==========================+=======================+=================+=================+=================+=================+=================+=================+
| Test MSE * 1e3  | 4.3862 ± 0.2465          | 4.1522 ± 0.2526       | 4.1402 ± 0.2635 | 3.7710 ± 0.2303 | 3.9812 ± 0.2990 | 3.9676 ± 0.2514 | 3.6408 ± 0.1879 | 3.7957 ± 0.2369 |
+-----------------+--------------------------+-----------------------+-----------------+-----------------+-----------------+-----------------+-----------------+-----------------+
| Test NMSE * 1e3 | 7.4275 ± 0.4294          | 7.0327 ± 0.4460       | 7.0124 ± 0.4649 | 6.3770 ± 0.3929 | 6.7321 ± 0.5058 | 6.7204 ± 0.4441 | 6.1573 ± 0.3218 | 6.4185 ± 0.4035 |
+-----------------+--------------------------+-----------------------+-----------------+-----------------+-----------------+-----------------+-----------------+-----------------+
Table of test2_mean_results.json
+-----------------+--------------------------+-----------------------+-----------------+-----------------+-----------------+-----------------+-----------------+-----------------+
|                 | PatchTST_instance_NMSE   | PatchTST_revin_NMSE   | default         | init            | fixed           | default_gamma   | init_gamma      | fixed_gamma     |
+=================+==========================+=======================+=================+=================+=================+=================+=================+=================+
| Test MSE * 1e3  | 4.4186 ± 0.2615          | 4.1838 ± 0.2652       | 4.1720 ± 0.2761 | 3.7982 ± 0.2447 | 4.0091 ± 0.3089 | 3.9988 ± 0.2621 | 3.6675 ± 0.2034 | 3.8228 ± 0.2504 |
+-----------------+--------------------------+-----------------------+-----------------+-----------------+-----------------+-----------------+-----------------+-----------------+
| Test NMSE * 1e3 | 7.4826 ± 0.4531          | 7.0864 ± 0.4665       | 7.0665 ± 0.4855 | 6.4228 ± 0.4148 | 6.7791 ± 0.5209 | 6.7735 ± 0.4620 | 6.2022 ± 0.3456 | 6.4643 ± 0.4241 |
+-----------------+--------------------------+-----------------------+-----------------+-----------------+-----------------+-----------------+-----------------+-----------------+
