[2025-09-02 13:59:23,482][__main__][INFO] - =====Running data script=====
[2025-09-02 13:59:37,177][__main__][INFO] - End of script

[2025-09-02 13:59:42,049][__main__][INFO] - =====Running train script=====
[2025-09-02 13:59:42,365][__main__][INFO] - Fetched main configs, save directory : ../outputs/bench_sets/electricity/336_24/seed_1/revin/
[2025-09-02 13:59:42,365][__main__][INFO] - Model PatchTST, normalization revin, criterion NMSE, kwargs {'latent': False}
[2025-09-02 13:59:42,539][__main__][INFO] - Fetched dataloaders
[2025-09-02 13:59:42,540][__main__][INFO] - Batches: 1 * (X=[223, 1, 336],  y=[223, 1, 24])
[2025-09-02 13:59:44,788][__main__][INFO] - batch_size=256, learning_rate=1e-05, steps per epoch=1, epochs=2000
[2025-09-02 13:59:44,789][__main__][INFO] - Starting training...
[2025-09-02 13:59:44,789][__main__][INFO] - Using device: cuda
[2025-09-02 13:59:44,789][__main__][INFO] - Training 2000 epochs of 1 batches (2000 steps): , eval_freq: 100, print_freq: 100
[2025-09-02 14:00:41,910][__main__][INFO] - Step 1 | valid1 MSE : 0.2665 | valid1 NMSE : 1.2320
[2025-09-02 14:01:39,516][__main__][INFO] - Step 100 | valid1 MSE : 0.0226 | valid1 NMSE : 0.3870
[2025-09-02 14:02:38,789][__main__][INFO] - Step 200 | valid1 MSE : 0.0167 | valid1 NMSE : 0.3299
[2025-09-02 14:03:38,150][__main__][INFO] - Step 300 | valid1 MSE : 0.0140 | valid1 NMSE : 0.3042
[2025-09-02 14:04:36,496][__main__][INFO] - Step 400 | valid1 MSE : 0.0127 | valid1 NMSE : 0.2883
[2025-09-02 14:05:33,885][__main__][INFO] - Step 500 | valid1 MSE : 0.0117 | valid1 NMSE : 0.2770
[2025-09-02 14:06:32,503][__main__][INFO] - Step 600 | valid1 MSE : 0.0111 | valid1 NMSE : 0.2682
[2025-09-02 14:07:33,119][__main__][INFO] - Step 700 | valid1 MSE : 0.0107 | valid1 NMSE : 0.2617
[2025-09-02 14:08:33,654][__main__][INFO] - Step 800 | valid1 MSE : 0.0105 | valid1 NMSE : 0.2566
[2025-09-02 14:09:33,019][__main__][INFO] - Step 900 | valid1 MSE : 0.0101 | valid1 NMSE : 0.2522
[2025-09-02 14:10:31,817][__main__][INFO] - Step 1000 | valid1 MSE : 0.0098 | valid1 NMSE : 0.2488
[2025-09-02 14:11:31,736][__main__][INFO] - Step 1100 | valid1 MSE : 0.0097 | valid1 NMSE : 0.2462
[2025-09-02 14:12:32,432][__main__][INFO] - Step 1200 | valid1 MSE : 0.0095 | valid1 NMSE : 0.2437
[2025-09-02 14:13:32,480][__main__][INFO] - Step 1300 | valid1 MSE : 0.0093 | valid1 NMSE : 0.2416
[2025-09-02 14:14:31,555][__main__][INFO] - Step 1400 | valid1 MSE : 0.0093 | valid1 NMSE : 0.2401
[2025-09-02 14:15:29,499][__main__][INFO] - Step 1500 | valid1 MSE : 0.0092 | valid1 NMSE : 0.2385
[2025-09-02 14:16:27,676][__main__][INFO] - Step 1600 | valid1 MSE : 0.0091 | valid1 NMSE : 0.2374
[2025-09-02 14:17:26,581][__main__][INFO] - Step 1700 | valid1 MSE : 0.0089 | valid1 NMSE : 0.2361
[2025-09-02 14:18:25,445][__main__][INFO] - Step 1800 | valid1 MSE : 0.0089 | valid1 NMSE : 0.2352
[2025-09-02 14:19:23,305][__main__][INFO] - Step 1900 | valid1 MSE : 0.0089 | valid1 NMSE : 0.2346
[2025-09-02 14:20:20,836][__main__][INFO] - Step 2000 | valid1 MSE : 0.0089 | valid1 NMSE : 0.2338
[2025-09-02 14:20:20,836][__main__][INFO] - Training done in 20.601 min
[2025-09-02 14:20:20,836][__main__][INFO] - Average time per step: 0.618 s
[2025-09-02 14:20:20,883][__main__][INFO] - End of training
[2025-09-02 14:20:21,839][__main__][INFO] - Plotted losses
[2025-09-02 14:20:21,839][__main__][INFO] - Computing test metrics
[2025-09-02 14:20:32,253][__main__][INFO] - Evaluation done in 0.174 min
[2025-09-02 14:20:43,155][__main__][INFO] - Evaluation done in 0.084 min
[2025-09-02 14:20:47,169][__main__][INFO] - Saved plots
[2025-09-02 14:20:47,169][__main__][INFO] - Final modulations: {'beta': np.float32(-0.00019650519), 'alpha': np.float32(1.01381)}
[2025-09-02 14:20:47,169][__main__][INFO] - End of script

[2025-09-02 14:21:04,913][__main__][INFO] - =====Running data script=====
[2025-09-02 14:21:18,763][__main__][INFO] - End of script

[2025-09-02 14:21:23,659][__main__][INFO] - =====Running train script=====
[2025-09-02 14:21:24,023][__main__][INFO] - Fetched main configs, save directory : ../outputs/bench_sets/electricity/336_24/seed_2/revin/
[2025-09-02 14:21:24,024][__main__][INFO] - Model PatchTST, normalization revin, criterion NMSE, kwargs {'latent': False}
[2025-09-02 14:21:24,201][__main__][INFO] - Fetched dataloaders
[2025-09-02 14:21:24,201][__main__][INFO] - Batches: 1 * (X=[224, 1, 336],  y=[224, 1, 24])
[2025-09-02 14:21:26,461][__main__][INFO] - batch_size=256, learning_rate=1e-05, steps per epoch=1, epochs=2000
[2025-09-02 14:21:26,462][__main__][INFO] - Starting training...
[2025-09-02 14:21:26,462][__main__][INFO] - Using device: cuda
[2025-09-02 14:21:26,462][__main__][INFO] - Training 2000 epochs of 1 batches (2000 steps): , eval_freq: 100, print_freq: 100
[2025-09-02 14:22:25,088][__main__][INFO] - Step 1 | valid1 MSE : 0.2478 | valid1 NMSE : 1.2309
[2025-09-02 14:23:24,180][__main__][INFO] - Step 100 | valid1 MSE : 0.0211 | valid1 NMSE : 0.4158
[2025-09-02 14:24:23,582][__main__][INFO] - Step 200 | valid1 MSE : 0.0157 | valid1 NMSE : 0.3526
[2025-09-02 14:25:24,249][__main__][INFO] - Step 300 | valid1 MSE : 0.0134 | valid1 NMSE : 0.3240
[2025-09-02 14:26:24,028][__main__][INFO] - Step 400 | valid1 MSE : 0.0122 | valid1 NMSE : 0.3065
[2025-09-02 14:27:22,034][__main__][INFO] - Step 500 | valid1 MSE : 0.0114 | valid1 NMSE : 0.2943
[2025-09-02 14:28:22,004][__main__][INFO] - Step 600 | valid1 MSE : 0.0107 | valid1 NMSE : 0.2850
[2025-09-02 14:29:22,612][__main__][INFO] - Step 700 | valid1 MSE : 0.0104 | valid1 NMSE : 0.2777
[2025-09-02 14:30:23,434][__main__][INFO] - Step 800 | valid1 MSE : 0.0101 | valid1 NMSE : 0.2721
[2025-09-02 14:31:23,110][__main__][INFO] - Step 900 | valid1 MSE : 0.0098 | valid1 NMSE : 0.2676
[2025-09-02 14:32:22,612][__main__][INFO] - Step 1000 | valid1 MSE : 0.0096 | valid1 NMSE : 0.2638
[2025-09-02 14:33:22,249][__main__][INFO] - Step 1100 | valid1 MSE : 0.0096 | valid1 NMSE : 0.2608
[2025-09-02 14:34:23,052][__main__][INFO] - Step 1200 | valid1 MSE : 0.0093 | valid1 NMSE : 0.2583
[2025-09-02 14:35:24,603][__main__][INFO] - Step 1300 | valid1 MSE : 0.0092 | valid1 NMSE : 0.2563
[2025-09-02 14:36:25,222][__main__][INFO] - Step 1400 | valid1 MSE : 0.0092 | valid1 NMSE : 0.2544
[2025-09-02 14:37:25,434][__main__][INFO] - Step 1500 | valid1 MSE : 0.0090 | valid1 NMSE : 0.2524
[2025-09-02 14:38:25,239][__main__][INFO] - Step 1600 | valid1 MSE : 0.0089 | valid1 NMSE : 0.2512
[2025-09-02 14:39:25,709][__main__][INFO] - Step 1700 | valid1 MSE : 0.0089 | valid1 NMSE : 0.2499
[2025-09-02 14:40:24,725][__main__][INFO] - Step 1800 | valid1 MSE : 0.0088 | valid1 NMSE : 0.2490
[2025-09-02 14:41:22,841][__main__][INFO] - Step 1900 | valid1 MSE : 0.0087 | valid1 NMSE : 0.2479
[2025-09-02 14:42:21,575][__main__][INFO] - Step 2000 | valid1 MSE : 0.0087 | valid1 NMSE : 0.2470
[2025-09-02 14:42:21,576][__main__][INFO] - Training done in 20.919 min
[2025-09-02 14:42:21,576][__main__][INFO] - Average time per step: 0.628 s
[2025-09-02 14:42:21,621][__main__][INFO] - End of training
[2025-09-02 14:42:22,528][__main__][INFO] - Plotted losses
[2025-09-02 14:42:22,528][__main__][INFO] - Computing test metrics
[2025-09-02 14:42:33,897][__main__][INFO] - Evaluation done in 0.189 min
[2025-09-02 14:42:44,952][__main__][INFO] - Evaluation done in 0.086 min
[2025-09-02 14:42:48,402][__main__][INFO] - Saved plots
[2025-09-02 14:42:48,402][__main__][INFO] - Final modulations: {'beta': np.float32(-0.00071612943), 'alpha': np.float32(1.0144316)}
[2025-09-02 14:42:48,402][__main__][INFO] - End of script

[2025-09-02 14:43:05,699][__main__][INFO] - =====Running data script=====
[2025-09-02 14:43:19,540][__main__][INFO] - End of script

[2025-09-02 14:43:24,429][__main__][INFO] - =====Running train script=====
[2025-09-02 14:43:24,828][__main__][INFO] - Fetched main configs, save directory : ../outputs/bench_sets/electricity/336_24/seed_3/revin/
[2025-09-02 14:43:24,829][__main__][INFO] - Model PatchTST, normalization revin, criterion NMSE, kwargs {'latent': False}
[2025-09-02 14:43:25,005][__main__][INFO] - Fetched dataloaders
[2025-09-02 14:43:25,005][__main__][INFO] - Batches: 1 * (X=[224, 1, 336],  y=[224, 1, 24])
[2025-09-02 14:43:27,300][__main__][INFO] - batch_size=256, learning_rate=1e-05, steps per epoch=1, epochs=2000
[2025-09-02 14:43:27,300][__main__][INFO] - Starting training...
[2025-09-02 14:43:27,300][__main__][INFO] - Using device: cuda
[2025-09-02 14:43:27,300][__main__][INFO] - Training 2000 epochs of 1 batches (2000 steps): , eval_freq: 100, print_freq: 100
[2025-09-02 14:44:24,842][__main__][INFO] - Step 1 | valid1 MSE : 0.2742 | valid1 NMSE : 1.3849
[2025-09-02 14:45:23,099][__main__][INFO] - Step 100 | valid1 MSE : 0.0210 | valid1 NMSE : 0.4728
[2025-09-02 14:46:22,971][__main__][INFO] - Step 200 | valid1 MSE : 0.0158 | valid1 NMSE : 0.4056
[2025-09-02 14:47:22,912][__main__][INFO] - Step 300 | valid1 MSE : 0.0134 | valid1 NMSE : 0.3743
[2025-09-02 14:48:21,991][__main__][INFO] - Step 400 | valid1 MSE : 0.0122 | valid1 NMSE : 0.3560
[2025-09-02 14:49:20,082][__main__][INFO] - Step 500 | valid1 MSE : 0.0115 | valid1 NMSE : 0.3435
[2025-09-02 14:50:18,946][__main__][INFO] - Step 600 | valid1 MSE : 0.0110 | valid1 NMSE : 0.3345
[2025-09-02 14:51:18,863][__main__][INFO] - Step 700 | valid1 MSE : 0.0107 | valid1 NMSE : 0.3278
[2025-09-02 14:52:18,858][__main__][INFO] - Step 800 | valid1 MSE : 0.0104 | valid1 NMSE : 0.3220
[2025-09-02 14:53:17,683][__main__][INFO] - Step 900 | valid1 MSE : 0.0101 | valid1 NMSE : 0.3172
[2025-09-02 14:54:16,199][__main__][INFO] - Step 1000 | valid1 MSE : 0.0099 | valid1 NMSE : 0.3133
[2025-09-02 14:55:16,326][__main__][INFO] - Step 1100 | valid1 MSE : 0.0096 | valid1 NMSE : 0.3098
[2025-09-02 14:56:17,128][__main__][INFO] - Step 1200 | valid1 MSE : 0.0096 | valid1 NMSE : 0.3074
[2025-09-02 14:57:17,547][__main__][INFO] - Step 1300 | valid1 MSE : 0.0093 | valid1 NMSE : 0.3051
[2025-09-02 14:58:17,121][__main__][INFO] - Step 1400 | valid1 MSE : 0.0092 | valid1 NMSE : 0.3032
[2025-09-02 14:59:16,532][__main__][INFO] - Step 1500 | valid1 MSE : 0.0091 | valid1 NMSE : 0.3016
[2025-09-02 15:00:16,102][__main__][INFO] - Step 1600 | valid1 MSE : 0.0090 | valid1 NMSE : 0.3003
[2025-09-02 15:01:16,644][__main__][INFO] - Step 1700 | valid1 MSE : 0.0090 | valid1 NMSE : 0.2990
[2025-09-02 15:02:16,171][__main__][INFO] - Step 1800 | valid1 MSE : 0.0090 | valid1 NMSE : 0.2984
[2025-09-02 15:03:14,679][__main__][INFO] - Step 1900 | valid1 MSE : 0.0088 | valid1 NMSE : 0.2970
[2025-09-02 15:04:12,729][__main__][INFO] - Step 2000 | valid1 MSE : 0.0088 | valid1 NMSE : 0.2961
[2025-09-02 15:04:12,729][__main__][INFO] - Training done in 20.757 min
[2025-09-02 15:04:12,730][__main__][INFO] - Average time per step: 0.623 s
[2025-09-02 15:04:12,763][__main__][INFO] - End of training
[2025-09-02 15:04:13,663][__main__][INFO] - Plotted losses
[2025-09-02 15:04:13,663][__main__][INFO] - Computing test metrics
[2025-09-02 15:04:25,086][__main__][INFO] - Evaluation done in 0.190 min
[2025-09-02 15:04:35,899][__main__][INFO] - Evaluation done in 0.080 min
[2025-09-02 15:04:39,435][__main__][INFO] - Saved plots
[2025-09-02 15:04:39,435][__main__][INFO] - Final modulations: {'beta': np.float32(-0.0004044944), 'alpha': np.float32(1.0143338)}
[2025-09-02 15:04:39,435][__main__][INFO] - End of script

[2025-09-02 15:04:57,826][__main__][INFO] - =====Running data script=====
[2025-09-02 15:05:11,719][__main__][INFO] - End of script

[2025-09-02 15:05:16,643][__main__][INFO] - =====Running train script=====
[2025-09-02 15:05:17,066][__main__][INFO] - Fetched main configs, save directory : ../outputs/bench_sets/electricity/336_24/seed_4/revin/
[2025-09-02 15:05:17,066][__main__][INFO] - Model PatchTST, normalization revin, criterion NMSE, kwargs {'latent': False}
[2025-09-02 15:05:17,241][__main__][INFO] - Fetched dataloaders
[2025-09-02 15:05:17,241][__main__][INFO] - Batches: 1 * (X=[224, 1, 336],  y=[224, 1, 24])
[2025-09-02 15:05:19,463][__main__][INFO] - batch_size=256, learning_rate=1e-05, steps per epoch=1, epochs=2000
[2025-09-02 15:05:19,464][__main__][INFO] - Starting training...
[2025-09-02 15:05:19,464][__main__][INFO] - Using device: cuda
[2025-09-02 15:05:19,464][__main__][INFO] - Training 2000 epochs of 1 batches (2000 steps): , eval_freq: 100, print_freq: 100
[2025-09-02 15:06:18,210][__main__][INFO] - Step 1 | valid1 MSE : 0.2327 | valid1 NMSE : 1.2056
[2025-09-02 15:07:16,886][__main__][INFO] - Step 100 | valid1 MSE : 0.0208 | valid1 NMSE : 0.4123
[2025-09-02 15:08:17,435][__main__][INFO] - Step 200 | valid1 MSE : 0.0154 | valid1 NMSE : 0.3495
[2025-09-02 15:09:18,005][__main__][INFO] - Step 300 | valid1 MSE : 0.0133 | valid1 NMSE : 0.3207
[2025-09-02 15:10:17,437][__main__][INFO] - Step 400 | valid1 MSE : 0.0120 | valid1 NMSE : 0.3027
[2025-09-02 15:11:16,369][__main__][INFO] - Step 500 | valid1 MSE : 0.0114 | valid1 NMSE : 0.2905
[2025-09-02 15:12:15,999][__main__][INFO] - Step 600 | valid1 MSE : 0.0108 | valid1 NMSE : 0.2815
[2025-09-02 15:13:16,300][__main__][INFO] - Step 700 | valid1 MSE : 0.0105 | valid1 NMSE : 0.2745
[2025-09-02 15:14:16,733][__main__][INFO] - Step 800 | valid1 MSE : 0.0101 | valid1 NMSE : 0.2688
[2025-09-02 15:15:16,395][__main__][INFO] - Step 900 | valid1 MSE : 0.0098 | valid1 NMSE : 0.2642
[2025-09-02 15:16:15,366][__main__][INFO] - Step 1000 | valid1 MSE : 0.0096 | valid1 NMSE : 0.2605
[2025-09-02 15:17:14,782][__main__][INFO] - Step 1100 | valid1 MSE : 0.0096 | valid1 NMSE : 0.2579
[2025-09-02 15:18:15,257][__main__][INFO] - Step 1200 | valid1 MSE : 0.0093 | valid1 NMSE : 0.2555
[2025-09-02 15:19:16,743][__main__][INFO] - Step 1300 | valid1 MSE : 0.0091 | valid1 NMSE : 0.2536
[2025-09-02 15:20:17,206][__main__][INFO] - Step 1400 | valid1 MSE : 0.0091 | valid1 NMSE : 0.2521
[2025-09-02 15:21:17,049][__main__][INFO] - Step 1500 | valid1 MSE : 0.0090 | valid1 NMSE : 0.2511
[2025-09-02 15:22:17,410][__main__][INFO] - Step 1600 | valid1 MSE : 0.0088 | valid1 NMSE : 0.2494
[2025-09-02 15:23:18,659][__main__][INFO] - Step 1700 | valid1 MSE : 0.0089 | valid1 NMSE : 0.2483
[2025-09-02 15:24:19,825][__main__][INFO] - Step 1800 | valid1 MSE : 0.0087 | valid1 NMSE : 0.2471
[2025-09-02 15:25:19,414][__main__][INFO] - Step 1900 | valid1 MSE : 0.0086 | valid1 NMSE : 0.2464
[2025-09-02 15:26:18,268][__main__][INFO] - Step 2000 | valid1 MSE : 0.0087 | valid1 NMSE : 0.2457
[2025-09-02 15:26:18,268][__main__][INFO] - Training done in 20.980 min
[2025-09-02 15:26:18,268][__main__][INFO] - Average time per step: 0.629 s
[2025-09-02 15:26:18,310][__main__][INFO] - End of training
[2025-09-02 15:26:19,253][__main__][INFO] - Plotted losses
[2025-09-02 15:26:19,253][__main__][INFO] - Computing test metrics
[2025-09-02 15:26:29,661][__main__][INFO] - Evaluation done in 0.173 min
[2025-09-02 15:26:40,857][__main__][INFO] - Evaluation done in 0.088 min
[2025-09-02 15:26:44,351][__main__][INFO] - Saved plots
[2025-09-02 15:26:44,351][__main__][INFO] - Final modulations: {'beta': np.float32(-0.0007966014), 'alpha': np.float32(1.0137464)}
[2025-09-02 15:26:44,351][__main__][INFO] - End of script

[2025-09-02 15:27:02,115][__main__][INFO] - =====Running data script=====
[2025-09-02 15:27:16,008][__main__][INFO] - End of script

[2025-09-02 15:27:20,839][__main__][INFO] - =====Running train script=====
[2025-09-02 15:27:21,204][__main__][INFO] - Fetched main configs, save directory : ../outputs/bench_sets/electricity/336_24/seed_5/revin/
[2025-09-02 15:27:21,205][__main__][INFO] - Model PatchTST, normalization revin, criterion NMSE, kwargs {'latent': False}
[2025-09-02 15:27:21,408][__main__][INFO] - Fetched dataloaders
[2025-09-02 15:27:21,408][__main__][INFO] - Batches: 1 * (X=[223, 1, 336],  y=[223, 1, 24])
[2025-09-02 15:27:23,645][__main__][INFO] - batch_size=256, learning_rate=1e-05, steps per epoch=1, epochs=2000
[2025-09-02 15:27:23,646][__main__][INFO] - Starting training...
[2025-09-02 15:27:23,646][__main__][INFO] - Using device: cuda
[2025-09-02 15:27:23,646][__main__][INFO] - Training 2000 epochs of 1 batches (2000 steps): , eval_freq: 100, print_freq: 100
[2025-09-02 15:28:22,245][__main__][INFO] - Step 1 | valid1 MSE : 0.2494 | valid1 NMSE : 1.2876
[2025-09-02 15:29:21,111][__main__][INFO] - Step 100 | valid1 MSE : 0.0208 | valid1 NMSE : 0.4692
[2025-09-02 15:30:21,677][__main__][INFO] - Step 200 | valid1 MSE : 0.0154 | valid1 NMSE : 0.4080
[2025-09-02 15:31:22,301][__main__][INFO] - Step 300 | valid1 MSE : 0.0131 | valid1 NMSE : 0.3804
[2025-09-02 15:32:22,094][__main__][INFO] - Step 400 | valid1 MSE : 0.0122 | valid1 NMSE : 0.3636
[2025-09-02 15:33:21,096][__main__][INFO] - Step 500 | valid1 MSE : 0.0114 | valid1 NMSE : 0.3517
[2025-09-02 15:34:24,034][__main__][INFO] - Step 600 | valid1 MSE : 0.0108 | valid1 NMSE : 0.3426
[2025-09-02 15:35:28,028][__main__][INFO] - Step 700 | valid1 MSE : 0.0105 | valid1 NMSE : 0.3357
[2025-09-02 15:36:28,986][__main__][INFO] - Step 800 | valid1 MSE : 0.0103 | valid1 NMSE : 0.3300
[2025-09-02 15:37:28,498][__main__][INFO] - Step 900 | valid1 MSE : 0.0100 | valid1 NMSE : 0.3254
[2025-09-02 15:38:31,029][__main__][INFO] - Step 1000 | valid1 MSE : 0.0098 | valid1 NMSE : 0.3218
[2025-09-02 15:39:32,270][__main__][INFO] - Step 1100 | valid1 MSE : 0.0095 | valid1 NMSE : 0.3184
[2025-09-02 15:40:32,589][__main__][INFO] - Step 1200 | valid1 MSE : 0.0096 | valid1 NMSE : 0.3162
[2025-09-02 15:41:36,271][__main__][INFO] - Step 1300 | valid1 MSE : 0.0095 | valid1 NMSE : 0.3142
[2025-09-02 15:42:37,428][__main__][INFO] - Step 1400 | valid1 MSE : 0.0094 | valid1 NMSE : 0.3124
[2025-09-02 15:43:36,826][__main__][INFO] - Step 1500 | valid1 MSE : 0.0091 | valid1 NMSE : 0.3104
[2025-09-02 15:44:38,359][__main__][INFO] - Step 1600 | valid1 MSE : 0.0090 | valid1 NMSE : 0.3090
[2025-09-02 15:45:44,403][__main__][INFO] - Step 1700 | valid1 MSE : 0.0089 | valid1 NMSE : 0.3079
[2025-09-02 15:46:46,296][__main__][INFO] - Step 1800 | valid1 MSE : 0.0089 | valid1 NMSE : 0.3069
[2025-09-02 15:47:47,215][__main__][INFO] - Step 1900 | valid1 MSE : 0.0090 | valid1 NMSE : 0.3059
[2025-09-02 15:48:50,272][__main__][INFO] - Step 2000 | valid1 MSE : 0.0090 | valid1 NMSE : 0.3051
[2025-09-02 15:48:50,272][__main__][INFO] - Training done in 21.444 min
[2025-09-02 15:48:50,272][__main__][INFO] - Average time per step: 0.643 s
[2025-09-02 15:48:50,304][__main__][INFO] - End of training
[2025-09-02 15:48:51,260][__main__][INFO] - Plotted losses
[2025-09-02 15:48:51,260][__main__][INFO] - Computing test metrics
[2025-09-02 15:49:03,101][__main__][INFO] - Evaluation done in 0.197 min
[2025-09-02 15:49:14,298][__main__][INFO] - Evaluation done in 0.088 min
[2025-09-02 15:49:18,193][__main__][INFO] - Saved plots
[2025-09-02 15:49:18,194][__main__][INFO] - Final modulations: {'beta': np.float32(-0.0015595108), 'alpha': np.float32(1.014283)}
[2025-09-02 15:49:18,194][__main__][INFO] - End of script

==Table of ../outputs/bench_sets/electricity/336_24/==
+-----------------+-----------------+
|                 | revin           |
+=================+=================+
| Test MSE * 1e-7 | 0.0000 ± 0.0000 |
+-----------------+-----------------+
| Test NMSE       | 0.3943 ± 0.1105 |
+-----------------+-----------------+
==Table of ../outputs/bench_sets/electricity/336_24/==
+-----------------+-----------------+
|                 | revin           |
+=================+=================+
| Test MSE * 1e-7 | 0.0000 ± 0.0000 |
+-----------------+-----------------+
| Test NMSE       | 0.3215 ± 0.2559 |
+-----------------+-----------------+
[2025-09-02 15:49:59,563][__main__][INFO] - =====Running data script=====
[2025-09-02 15:50:00,422][__main__][INFO] - Found constant windows!
[2025-09-02 15:50:15,638][__main__][INFO] - End of script

[2025-09-02 15:50:20,853][__main__][INFO] - =====Running train script=====
[2025-09-02 15:50:21,301][__main__][INFO] - Fetched main configs, save directory : ../outputs/bench_sets/electricity/168_24/seed_1/revin/
[2025-09-02 15:50:21,301][__main__][INFO] - Model PatchTST, normalization revin, criterion NMSE, kwargs {'latent': False}
[2025-09-02 15:50:21,478][__main__][INFO] - Fetched dataloaders
[2025-09-02 15:50:21,478][__main__][INFO] - Batches: 1 * (X=[224, 1, 168],  y=[224, 1, 24])
[2025-09-02 15:50:23,824][__main__][INFO] - batch_size=256, learning_rate=1e-05, steps per epoch=1, epochs=2000
[2025-09-02 15:50:23,824][__main__][INFO] - Starting training...
[2025-09-02 15:50:23,824][__main__][INFO] - Using device: cuda
[2025-09-02 15:50:23,824][__main__][INFO] - Training 2000 epochs of 1 batches (2000 steps): , eval_freq: 100, print_freq: 100
[2025-09-02 15:51:09,745][__main__][INFO] - Step 1 | valid1 MSE : 0.2278 | valid1 NMSE : 1.1432
[2025-09-02 15:51:58,668][__main__][INFO] - Step 100 | valid1 MSE : 0.0301 | valid1 NMSE : 0.4845
[2025-09-02 15:52:46,589][__main__][INFO] - Step 200 | valid1 MSE : 0.0182 | valid1 NMSE : 0.3925
[2025-09-02 15:53:32,934][__main__][INFO] - Step 300 | valid1 MSE : 0.0152 | valid1 NMSE : 0.3637
[2025-09-02 15:54:18,310][__main__][INFO] - Step 400 | valid1 MSE : 0.0136 | valid1 NMSE : 0.3481
[2025-09-02 15:55:08,996][__main__][INFO] - Step 500 | valid1 MSE : 0.0124 | valid1 NMSE : 0.3371
[2025-09-02 15:55:56,299][__main__][INFO] - Step 600 | valid1 MSE : 0.0116 | valid1 NMSE : 0.3288
[2025-09-02 15:56:42,164][__main__][INFO] - Step 700 | valid1 MSE : 0.0111 | valid1 NMSE : 0.3222
[2025-09-02 15:57:27,316][__main__][INFO] - Step 800 | valid1 MSE : 0.0107 | valid1 NMSE : 0.3171
[2025-09-02 15:58:14,128][__main__][INFO] - Step 900 | valid1 MSE : 0.0104 | valid1 NMSE : 0.3129
[2025-09-02 15:59:00,756][__main__][INFO] - Step 1000 | valid1 MSE : 0.0101 | valid1 NMSE : 0.3094
[2025-09-02 15:59:46,367][__main__][INFO] - Step 1100 | valid1 MSE : 0.0099 | valid1 NMSE : 0.3066
[2025-09-02 16:00:32,433][__main__][INFO] - Step 1200 | valid1 MSE : 0.0098 | valid1 NMSE : 0.3040
[2025-09-02 16:01:19,761][__main__][INFO] - Step 1300 | valid1 MSE : 0.0096 | valid1 NMSE : 0.3020
[2025-09-02 16:02:06,053][__main__][INFO] - Step 1400 | valid1 MSE : 0.0096 | valid1 NMSE : 0.3003
[2025-09-02 16:02:51,491][__main__][INFO] - Step 1500 | valid1 MSE : 0.0094 | valid1 NMSE : 0.2987
[2025-09-02 16:03:37,419][__main__][INFO] - Step 1600 | valid1 MSE : 0.0093 | valid1 NMSE : 0.2975
[2025-09-02 16:04:24,507][__main__][INFO] - Step 1700 | valid1 MSE : 0.0092 | valid1 NMSE : 0.2963
[2025-09-02 16:05:10,725][__main__][INFO] - Step 1800 | valid1 MSE : 0.0091 | valid1 NMSE : 0.2952
[2025-09-02 16:05:56,128][__main__][INFO] - Step 1900 | valid1 MSE : 0.0091 | valid1 NMSE : 0.2943
[2025-09-02 16:06:43,177][__main__][INFO] - Step 2000 | valid1 MSE : 0.0090 | valid1 NMSE : 0.2935
[2025-09-02 16:06:43,177][__main__][INFO] - Training done in 16.323 min
[2025-09-02 16:06:43,177][__main__][INFO] - Average time per step: 0.490 s
[2025-09-02 16:06:43,207][__main__][INFO] - End of training
[2025-09-02 16:06:44,154][__main__][INFO] - Plotted losses
[2025-09-02 16:06:44,155][__main__][INFO] - Computing test metrics
[2025-09-02 16:06:51,442][__main__][INFO] - Evaluation done in 0.121 min
[2025-09-02 16:07:00,672][__main__][INFO] - Evaluation done in 0.052 min
[2025-09-02 16:07:04,704][__main__][INFO] - Saved plots
[2025-09-02 16:07:04,705][__main__][INFO] - Final modulations: {'beta': np.float32(-0.0012927396), 'alpha': np.float32(1.0147318)}
[2025-09-02 16:07:04,705][__main__][INFO] - End of script

[2025-09-02 16:07:22,096][__main__][INFO] - =====Running data script=====
[2025-09-02 16:07:22,886][__main__][INFO] - Found constant windows!
[2025-09-02 16:07:36,564][__main__][INFO] - End of script

[2025-09-02 16:07:41,413][__main__][INFO] - =====Running train script=====
[2025-09-02 16:07:41,738][__main__][INFO] - Fetched main configs, save directory : ../outputs/bench_sets/electricity/168_24/seed_2/revin/
[2025-09-02 16:07:41,738][__main__][INFO] - Model PatchTST, normalization revin, criterion NMSE, kwargs {'latent': False}
[2025-09-02 16:07:41,905][__main__][INFO] - Fetched dataloaders
[2025-09-02 16:07:41,906][__main__][INFO] - Batches: 1 * (X=[224, 1, 168],  y=[224, 1, 24])
[2025-09-02 16:07:44,214][__main__][INFO] - batch_size=256, learning_rate=1e-05, steps per epoch=1, epochs=2000
[2025-09-02 16:07:44,215][__main__][INFO] - Starting training...
[2025-09-02 16:07:44,215][__main__][INFO] - Using device: cuda
[2025-09-02 16:07:44,215][__main__][INFO] - Training 2000 epochs of 1 batches (2000 steps): , eval_freq: 100, print_freq: 100
[2025-09-02 16:08:30,094][__main__][INFO] - Step 1 | valid1 MSE : 0.2412 | valid1 NMSE : 1.2628
[2025-09-02 16:09:18,117][__main__][INFO] - Step 100 | valid1 MSE : 0.0323 | valid1 NMSE : 0.5453
[2025-09-02 16:10:07,237][__main__][INFO] - Step 200 | valid1 MSE : 0.0185 | valid1 NMSE : 0.4424
[2025-09-02 16:10:55,415][__main__][INFO] - Step 300 | valid1 MSE : 0.0153 | valid1 NMSE : 0.4091
[2025-09-02 16:11:42,744][__main__][INFO] - Step 400 | valid1 MSE : 0.0135 | valid1 NMSE : 0.3897
[2025-09-02 16:12:31,844][__main__][INFO] - Step 500 | valid1 MSE : 0.0121 | valid1 NMSE : 0.3760
[2025-09-02 16:13:20,755][__main__][INFO] - Step 600 | valid1 MSE : 0.0115 | valid1 NMSE : 0.3669
[2025-09-02 16:14:08,655][__main__][INFO] - Step 700 | valid1 MSE : 0.0109 | valid1 NMSE : 0.3596
[2025-09-02 16:14:55,798][__main__][INFO] - Step 800 | valid1 MSE : 0.0104 | valid1 NMSE : 0.3534
[2025-09-02 16:15:43,757][__main__][INFO] - Step 900 | valid1 MSE : 0.0102 | valid1 NMSE : 0.3490
[2025-09-02 16:16:31,283][__main__][INFO] - Step 1000 | valid1 MSE : 0.0099 | valid1 NMSE : 0.3452
[2025-09-02 16:17:17,263][__main__][INFO] - Step 1100 | valid1 MSE : 0.0098 | valid1 NMSE : 0.3421
[2025-09-02 16:18:03,738][__main__][INFO] - Step 1200 | valid1 MSE : 0.0096 | valid1 NMSE : 0.3395
[2025-09-02 16:18:51,660][__main__][INFO] - Step 1300 | valid1 MSE : 0.0095 | valid1 NMSE : 0.3373
[2025-09-02 16:19:38,365][__main__][INFO] - Step 1400 | valid1 MSE : 0.0094 | valid1 NMSE : 0.3354
[2025-09-02 16:20:24,288][__main__][INFO] - Step 1500 | valid1 MSE : 0.0093 | valid1 NMSE : 0.3337
[2025-09-02 16:21:10,617][__main__][INFO] - Step 1600 | valid1 MSE : 0.0092 | valid1 NMSE : 0.3325
[2025-09-02 16:21:57,953][__main__][INFO] - Step 1700 | valid1 MSE : 0.0091 | valid1 NMSE : 0.3312
[2025-09-02 16:22:44,375][__main__][INFO] - Step 1800 | valid1 MSE : 0.0090 | valid1 NMSE : 0.3300
[2025-09-02 16:23:30,106][__main__][INFO] - Step 1900 | valid1 MSE : 0.0091 | valid1 NMSE : 0.3291
[2025-09-02 16:24:17,444][__main__][INFO] - Step 2000 | valid1 MSE : 0.0089 | valid1 NMSE : 0.3281
[2025-09-02 16:24:17,444][__main__][INFO] - Training done in 16.554 min
[2025-09-02 16:24:17,444][__main__][INFO] - Average time per step: 0.497 s
[2025-09-02 16:24:17,477][__main__][INFO] - End of training
[2025-09-02 16:24:18,374][__main__][INFO] - Plotted losses
[2025-09-02 16:24:18,374][__main__][INFO] - Computing test metrics
[2025-09-02 16:24:25,670][__main__][INFO] - Evaluation done in 0.122 min
[2025-09-02 16:24:34,949][__main__][INFO] - Evaluation done in 0.053 min
[2025-09-02 16:24:38,528][__main__][INFO] - Saved plots
[2025-09-02 16:24:38,529][__main__][INFO] - Final modulations: {'beta': np.float32(-0.0009840409), 'alpha': np.float32(1.0148834)}
[2025-09-02 16:24:38,529][__main__][INFO] - End of script

[2025-09-02 16:24:54,829][__main__][INFO] - =====Running data script=====
[2025-09-02 16:24:55,613][__main__][INFO] - Found constant windows!
[2025-09-02 16:25:09,682][__main__][INFO] - End of script

[2025-09-02 16:25:14,472][__main__][INFO] - =====Running train script=====
[2025-09-02 16:25:14,844][__main__][INFO] - Fetched main configs, save directory : ../outputs/bench_sets/electricity/168_24/seed_3/revin/
[2025-09-02 16:25:14,844][__main__][INFO] - Model PatchTST, normalization revin, criterion NMSE, kwargs {'latent': False}
[2025-09-02 16:25:15,025][__main__][INFO] - Fetched dataloaders
[2025-09-02 16:25:15,025][__main__][INFO] - Batches: 1 * (X=[224, 1, 168],  y=[224, 1, 24])
[2025-09-02 16:25:17,215][__main__][INFO] - batch_size=256, learning_rate=1e-05, steps per epoch=1, epochs=2000
[2025-09-02 16:25:17,215][__main__][INFO] - Starting training...
[2025-09-02 16:25:17,215][__main__][INFO] - Using device: cuda
[2025-09-02 16:25:17,215][__main__][INFO] - Training 2000 epochs of 1 batches (2000 steps): , eval_freq: 100, print_freq: 100
[2025-09-02 16:26:02,511][__main__][INFO] - Step 1 | valid1 MSE : 0.2465 | valid1 NMSE : 1.3357
[2025-09-02 16:26:48,960][__main__][INFO] - Step 100 | valid1 MSE : 0.0327 | valid1 NMSE : 0.6145
[2025-09-02 16:27:36,652][__main__][INFO] - Step 200 | valid1 MSE : 0.0180 | valid1 NMSE : 0.5088
[2025-09-02 16:28:23,247][__main__][INFO] - Step 300 | valid1 MSE : 0.0147 | valid1 NMSE : 0.4737
[2025-09-02 16:29:09,059][__main__][INFO] - Step 400 | valid1 MSE : 0.0131 | valid1 NMSE : 0.4535
[2025-09-02 16:29:56,558][__main__][INFO] - Step 500 | valid1 MSE : 0.0119 | valid1 NMSE : 0.4401
[2025-09-02 16:30:43,885][__main__][INFO] - Step 600 | valid1 MSE : 0.0112 | valid1 NMSE : 0.4309
[2025-09-02 16:31:29,947][__main__][INFO] - Step 700 | valid1 MSE : 0.0107 | valid1 NMSE : 0.4237
[2025-09-02 16:32:15,805][__main__][INFO] - Step 800 | valid1 MSE : 0.0104 | valid1 NMSE : 0.4178
[2025-09-02 16:33:04,136][__main__][INFO] - Step 900 | valid1 MSE : 0.0101 | valid1 NMSE : 0.4134
[2025-09-02 16:33:52,236][__main__][INFO] - Step 1000 | valid1 MSE : 0.0099 | valid1 NMSE : 0.4095
[2025-09-02 16:34:39,485][__main__][INFO] - Step 1100 | valid1 MSE : 0.0097 | valid1 NMSE : 0.4062
[2025-09-02 16:35:26,879][__main__][INFO] - Step 1200 | valid1 MSE : 0.0096 | valid1 NMSE : 0.4036
[2025-09-02 16:36:15,633][__main__][INFO] - Step 1300 | valid1 MSE : 0.0094 | valid1 NMSE : 0.4014
[2025-09-02 16:37:03,384][__main__][INFO] - Step 1400 | valid1 MSE : 0.0094 | valid1 NMSE : 0.3996
[2025-09-02 16:37:50,090][__main__][INFO] - Step 1500 | valid1 MSE : 0.0092 | valid1 NMSE : 0.3979
[2025-09-02 16:38:37,441][__main__][INFO] - Step 1600 | valid1 MSE : 0.0092 | valid1 NMSE : 0.3966
[2025-09-02 16:39:25,579][__main__][INFO] - Step 1700 | valid1 MSE : 0.0091 | valid1 NMSE : 0.3954
[2025-09-02 16:40:12,085][__main__][INFO] - Step 1800 | valid1 MSE : 0.0090 | valid1 NMSE : 0.3942
[2025-09-02 16:40:57,561][__main__][INFO] - Step 1900 | valid1 MSE : 0.0090 | valid1 NMSE : 0.3931
[2025-09-02 16:41:44,585][__main__][INFO] - Step 2000 | valid1 MSE : 0.0089 | valid1 NMSE : 0.3924
[2025-09-02 16:41:44,585][__main__][INFO] - Training done in 16.456 min
[2025-09-02 16:41:44,585][__main__][INFO] - Average time per step: 0.494 s
[2025-09-02 16:41:44,614][__main__][INFO] - End of training
[2025-09-02 16:41:45,483][__main__][INFO] - Plotted losses
[2025-09-02 16:41:45,483][__main__][INFO] - Computing test metrics
[2025-09-02 16:41:52,734][__main__][INFO] - Evaluation done in 0.121 min
[2025-09-02 16:42:02,006][__main__][INFO] - Evaluation done in 0.052 min
[2025-09-02 16:42:05,545][__main__][INFO] - Saved plots
[2025-09-02 16:42:05,545][__main__][INFO] - Final modulations: {'beta': np.float32(-0.0015740566), 'alpha': np.float32(1.0142084)}
[2025-09-02 16:42:05,545][__main__][INFO] - End of script

[2025-09-02 16:42:22,694][__main__][INFO] - =====Running data script=====
[2025-09-02 16:42:23,506][__main__][INFO] - Found constant windows!
[2025-09-02 16:42:37,370][__main__][INFO] - End of script

[2025-09-02 16:42:42,174][__main__][INFO] - =====Running train script=====
[2025-09-02 16:42:42,523][__main__][INFO] - Fetched main configs, save directory : ../outputs/bench_sets/electricity/168_24/seed_4/revin/
[2025-09-02 16:42:42,523][__main__][INFO] - Model PatchTST, normalization revin, criterion NMSE, kwargs {'latent': False}
[2025-09-02 16:42:42,699][__main__][INFO] - Fetched dataloaders
[2025-09-02 16:42:42,699][__main__][INFO] - Batches: 1 * (X=[224, 1, 168],  y=[224, 1, 24])
[2025-09-02 16:42:44,863][__main__][INFO] - batch_size=256, learning_rate=1e-05, steps per epoch=1, epochs=2000
[2025-09-02 16:42:44,863][__main__][INFO] - Starting training...
[2025-09-02 16:42:44,863][__main__][INFO] - Using device: cuda
[2025-09-02 16:42:44,863][__main__][INFO] - Training 2000 epochs of 1 batches (2000 steps): , eval_freq: 100, print_freq: 100
[2025-09-02 16:43:30,132][__main__][INFO] - Step 1 | valid1 MSE : 0.2726 | valid1 NMSE : 1.3421
[2025-09-02 16:44:16,678][__main__][INFO] - Step 100 | valid1 MSE : 0.0345 | valid1 NMSE : 0.5521
[2025-09-02 16:45:04,386][__main__][INFO] - Step 200 | valid1 MSE : 0.0185 | valid1 NMSE : 0.4408
[2025-09-02 16:45:51,093][__main__][INFO] - Step 300 | valid1 MSE : 0.0153 | valid1 NMSE : 0.4048
[2025-09-02 16:46:36,916][__main__][INFO] - Step 400 | valid1 MSE : 0.0135 | valid1 NMSE : 0.3847
[2025-09-02 16:47:24,231][__main__][INFO] - Step 500 | valid1 MSE : 0.0124 | valid1 NMSE : 0.3711
[2025-09-02 16:48:11,685][__main__][INFO] - Step 600 | valid1 MSE : 0.0116 | valid1 NMSE : 0.3612
[2025-09-02 16:48:58,034][__main__][INFO] - Step 700 | valid1 MSE : 0.0110 | valid1 NMSE : 0.3532
[2025-09-02 16:49:43,613][__main__][INFO] - Step 800 | valid1 MSE : 0.0107 | valid1 NMSE : 0.3471
[2025-09-02 16:50:30,689][__main__][INFO] - Step 900 | valid1 MSE : 0.0105 | valid1 NMSE : 0.3421
[2025-09-02 16:51:17,404][__main__][INFO] - Step 1000 | valid1 MSE : 0.0101 | valid1 NMSE : 0.3378
[2025-09-02 16:52:03,181][__main__][INFO] - Step 1100 | valid1 MSE : 0.0100 | valid1 NMSE : 0.3344
[2025-09-02 16:52:49,189][__main__][INFO] - Step 1200 | valid1 MSE : 0.0097 | valid1 NMSE : 0.3312
[2025-09-02 16:53:36,722][__main__][INFO] - Step 1300 | valid1 MSE : 0.0096 | valid1 NMSE : 0.3287
[2025-09-02 16:54:23,030][__main__][INFO] - Step 1400 | valid1 MSE : 0.0094 | valid1 NMSE : 0.3265
[2025-09-02 16:55:08,502][__main__][INFO] - Step 1500 | valid1 MSE : 0.0094 | valid1 NMSE : 0.3248
[2025-09-02 16:55:54,456][__main__][INFO] - Step 1600 | valid1 MSE : 0.0093 | valid1 NMSE : 0.3232
[2025-09-02 16:56:42,251][__main__][INFO] - Step 1700 | valid1 MSE : 0.0092 | valid1 NMSE : 0.3221
[2025-09-02 16:57:29,507][__main__][INFO] - Step 1800 | valid1 MSE : 0.0093 | valid1 NMSE : 0.3209
[2025-09-02 16:58:16,116][__main__][INFO] - Step 1900 | valid1 MSE : 0.0091 | valid1 NMSE : 0.3197
[2025-09-02 16:59:04,538][__main__][INFO] - Step 2000 | valid1 MSE : 0.0091 | valid1 NMSE : 0.3186
[2025-09-02 16:59:04,538][__main__][INFO] - Training done in 16.328 min
[2025-09-02 16:59:04,538][__main__][INFO] - Average time per step: 0.490 s
[2025-09-02 16:59:04,569][__main__][INFO] - End of training
[2025-09-02 16:59:05,531][__main__][INFO] - Plotted losses
[2025-09-02 16:59:05,531][__main__][INFO] - Computing test metrics
[2025-09-02 16:59:13,079][__main__][INFO] - Evaluation done in 0.126 min
[2025-09-02 16:59:22,472][__main__][INFO] - Evaluation done in 0.054 min
[2025-09-02 16:59:26,017][__main__][INFO] - Saved plots
[2025-09-02 16:59:26,018][__main__][INFO] - Final modulations: {'beta': np.float32(-0.00058470684), 'alpha': np.float32(1.0137897)}
[2025-09-02 16:59:26,018][__main__][INFO] - End of script

[2025-09-02 16:59:44,619][__main__][INFO] - =====Running data script=====
[2025-09-02 16:59:45,479][__main__][INFO] - Found constant windows!
[2025-09-02 17:00:00,724][__main__][INFO] - End of script

[2025-09-02 17:00:06,171][__main__][INFO] - =====Running train script=====
[2025-09-02 17:00:06,496][__main__][INFO] - Fetched main configs, save directory : ../outputs/bench_sets/electricity/168_24/seed_5/revin/
[2025-09-02 17:00:06,496][__main__][INFO] - Model PatchTST, normalization revin, criterion NMSE, kwargs {'latent': False}
[2025-09-02 17:00:06,684][__main__][INFO] - Fetched dataloaders
[2025-09-02 17:00:06,684][__main__][INFO] - Batches: 1 * (X=[224, 1, 168],  y=[224, 1, 24])
[2025-09-02 17:00:08,986][__main__][INFO] - batch_size=256, learning_rate=1e-05, steps per epoch=1, epochs=2000
[2025-09-02 17:00:08,986][__main__][INFO] - Starting training...
[2025-09-02 17:00:08,986][__main__][INFO] - Using device: cuda
[2025-09-02 17:00:08,987][__main__][INFO] - Training 2000 epochs of 1 batches (2000 steps): , eval_freq: 100, print_freq: 100
[2025-09-02 17:00:55,555][__main__][INFO] - Step 1 | valid1 MSE : 0.2492 | valid1 NMSE : 1.3484
[2025-09-02 17:01:43,298][__main__][INFO] - Step 100 | valid1 MSE : 0.0337 | valid1 NMSE : 0.6315
[2025-09-02 17:02:32,379][__main__][INFO] - Step 200 | valid1 MSE : 0.0180 | valid1 NMSE : 0.5188
[2025-09-02 17:03:20,202][__main__][INFO] - Step 300 | valid1 MSE : 0.0151 | valid1 NMSE : 0.4824
[2025-09-02 17:04:06,465][__main__][INFO] - Step 400 | valid1 MSE : 0.0136 | valid1 NMSE : 0.4626
[2025-09-02 17:04:53,973][__main__][INFO] - Step 500 | valid1 MSE : 0.0126 | valid1 NMSE : 0.4496
[2025-09-02 17:05:41,357][__main__][INFO] - Step 600 | valid1 MSE : 0.0119 | valid1 NMSE : 0.4401
[2025-09-02 17:06:27,490][__main__][INFO] - Step 700 | valid1 MSE : 0.0114 | valid1 NMSE : 0.4328
[2025-09-02 17:07:13,075][__main__][INFO] - Step 800 | valid1 MSE : 0.0109 | valid1 NMSE : 0.4268
[2025-09-02 17:08:00,233][__main__][INFO] - Step 900 | valid1 MSE : 0.0107 | valid1 NMSE : 0.4221
[2025-09-02 17:08:47,001][__main__][INFO] - Step 1000 | valid1 MSE : 0.0104 | valid1 NMSE : 0.4177
[2025-09-02 17:09:32,820][__main__][INFO] - Step 1100 | valid1 MSE : 0.0101 | valid1 NMSE : 0.4140
[2025-09-02 17:10:18,883][__main__][INFO] - Step 1200 | valid1 MSE : 0.0100 | valid1 NMSE : 0.4112
[2025-09-02 17:11:06,364][__main__][INFO] - Step 1300 | valid1 MSE : 0.0098 | valid1 NMSE : 0.4088
[2025-09-02 17:11:52,883][__main__][INFO] - Step 1400 | valid1 MSE : 0.0097 | valid1 NMSE : 0.4067
[2025-09-02 17:12:38,487][__main__][INFO] - Step 1500 | valid1 MSE : 0.0095 | valid1 NMSE : 0.4051
[2025-09-02 17:13:24,568][__main__][INFO] - Step 1600 | valid1 MSE : 0.0095 | valid1 NMSE : 0.4032
[2025-09-02 17:14:11,773][__main__][INFO] - Step 1700 | valid1 MSE : 0.0094 | valid1 NMSE : 0.4019
[2025-09-02 17:14:58,080][__main__][INFO] - Step 1800 | valid1 MSE : 0.0094 | valid1 NMSE : 0.4008
[2025-09-02 17:15:43,592][__main__][INFO] - Step 1900 | valid1 MSE : 0.0092 | valid1 NMSE : 0.3996
[2025-09-02 17:16:30,533][__main__][INFO] - Step 2000 | valid1 MSE : 0.0092 | valid1 NMSE : 0.3988
[2025-09-02 17:16:30,533][__main__][INFO] - Training done in 16.359 min
[2025-09-02 17:16:30,533][__main__][INFO] - Average time per step: 0.491 s
[2025-09-02 17:16:30,562][__main__][INFO] - End of training
[2025-09-02 17:16:31,401][__main__][INFO] - Plotted losses
[2025-09-02 17:16:31,401][__main__][INFO] - Computing test metrics
[2025-09-02 17:16:38,670][__main__][INFO] - Evaluation done in 0.121 min
[2025-09-02 17:16:47,929][__main__][INFO] - Evaluation done in 0.053 min
[2025-09-02 17:16:51,398][__main__][INFO] - Saved plots
[2025-09-02 17:16:51,398][__main__][INFO] - Final modulations: {'beta': np.float32(-0.0023936643), 'alpha': np.float32(1.0143609)}
[2025-09-02 17:16:51,398][__main__][INFO] - End of script

==Table of ../outputs/bench_sets/electricity/168_24/==
+-----------------+-----------------+
|                 | revin           |
+=================+=================+
| Test MSE * 1e-7 | 0.0000 ± 0.0000 |
+-----------------+-----------------+
| Test NMSE       | 0.4674 ± 0.1300 |
+-----------------+-----------------+
==Table of ../outputs/bench_sets/electricity/168_24/==
+-----------------+-----------------+
|                 | revin           |
+=================+=================+
| Test MSE * 1e-7 | 0.0000 ± 0.0000 |
+-----------------+-----------------+
| Test NMSE       | 0.3922 ± 0.2987 |
+-----------------+-----------------+
[2025-09-02 17:17:28,085][__main__][INFO] - =====Running data script=====
[2025-09-02 17:17:41,495][__main__][INFO] - End of script

[2025-09-02 17:17:46,311][__main__][INFO] - =====Running train script=====
[2025-09-02 17:17:46,621][__main__][INFO] - Fetched main configs, save directory : ../outputs/bench_sets/electricity/720_168/seed_1/revin/
[2025-09-02 17:17:46,621][__main__][INFO] - Model PatchTST, normalization revin, criterion NMSE, kwargs {'latent': False}
[2025-09-02 17:17:46,786][__main__][INFO] - Fetched dataloaders
[2025-09-02 17:17:46,786][__main__][INFO] - Batches: 1 * (X=[223, 1, 720],  y=[223, 1, 168])
[2025-09-02 17:17:49,033][__main__][INFO] - batch_size=256, learning_rate=1e-05, steps per epoch=1, epochs=2000
[2025-09-02 17:17:49,034][__main__][INFO] - Starting training...
[2025-09-02 17:17:49,034][__main__][INFO] - Using device: cuda
[2025-09-02 17:17:49,034][__main__][INFO] - Training 2000 epochs of 1 batches (2000 steps): , eval_freq: 100, print_freq: 100
[2025-09-02 17:18:05,636][__main__][INFO] - =====Running data script=====
[2025-09-02 17:18:18,921][__main__][INFO] - End of script

[2025-09-02 17:18:23,873][__main__][INFO] - =====Running train script=====
[2025-09-02 17:18:24,210][__main__][INFO] - Fetched main configs, save directory : ../outputs/bench_sets/electricity/720_168/seed_2/revin/
[2025-09-02 17:18:24,210][__main__][INFO] - Model PatchTST, normalization revin, criterion NMSE, kwargs {'latent': False}
[2025-09-02 17:18:24,395][__main__][INFO] - Fetched dataloaders
[2025-09-02 17:18:24,395][__main__][INFO] - Batches: 1 * (X=[222, 1, 720],  y=[222, 1, 168])
[2025-09-02 17:18:26,195][__main__][INFO] - batch_size=256, learning_rate=1e-05, steps per epoch=1, epochs=2000
[2025-09-02 17:18:26,195][__main__][INFO] - Starting training...
[2025-09-02 17:18:26,195][__main__][INFO] - Using device: cuda
[2025-09-02 17:18:26,195][__main__][INFO] - Training 2000 epochs of 1 batches (2000 steps): , eval_freq: 100, print_freq: 100
[2025-09-02 17:18:41,802][__main__][INFO] - =====Running data script=====
[2025-09-02 17:18:55,197][__main__][INFO] - End of script

[2025-09-02 17:19:00,290][__main__][INFO] - =====Running train script=====
[2025-09-02 17:19:00,600][__main__][INFO] - Fetched main configs, save directory : ../outputs/bench_sets/electricity/720_168/seed_3/revin/
[2025-09-02 17:19:00,600][__main__][INFO] - Model PatchTST, normalization revin, criterion NMSE, kwargs {'latent': False}
[2025-09-02 17:19:00,775][__main__][INFO] - Fetched dataloaders
[2025-09-02 17:19:00,775][__main__][INFO] - Batches: 1 * (X=[224, 1, 720],  y=[224, 1, 168])
[2025-09-02 17:19:03,329][__main__][INFO] - batch_size=256, learning_rate=1e-05, steps per epoch=1, epochs=2000
[2025-09-02 17:19:03,330][__main__][INFO] - Starting training...
[2025-09-02 17:19:03,330][__main__][INFO] - Using device: cuda
[2025-09-02 17:19:03,330][__main__][INFO] - Training 2000 epochs of 1 batches (2000 steps): , eval_freq: 100, print_freq: 100
[2025-09-02 17:19:19,051][__main__][INFO] - =====Running data script=====
[2025-09-02 17:19:32,492][__main__][INFO] - End of script

[2025-09-02 17:19:37,308][__main__][INFO] - =====Running train script=====
[2025-09-02 17:19:37,637][__main__][INFO] - Fetched main configs, save directory : ../outputs/bench_sets/electricity/720_168/seed_4/revin/
[2025-09-02 17:19:37,637][__main__][INFO] - Model PatchTST, normalization revin, criterion NMSE, kwargs {'latent': False}
[2025-09-02 17:19:37,805][__main__][INFO] - Fetched dataloaders
[2025-09-02 17:19:37,805][__main__][INFO] - Batches: 1 * (X=[223, 1, 720],  y=[223, 1, 168])
[2025-09-02 17:19:39,673][__main__][INFO] - batch_size=256, learning_rate=1e-05, steps per epoch=1, epochs=2000
[2025-09-02 17:19:39,673][__main__][INFO] - Starting training...
[2025-09-02 17:19:39,673][__main__][INFO] - Using device: cuda
[2025-09-02 17:19:39,673][__main__][INFO] - Training 2000 epochs of 1 batches (2000 steps): , eval_freq: 100, print_freq: 100
[2025-09-02 17:19:55,416][__main__][INFO] - =====Running data script=====
[2025-09-02 17:20:08,646][__main__][INFO] - End of script

[2025-09-02 17:20:14,363][__main__][INFO] - =====Running train script=====
[2025-09-02 17:20:14,671][__main__][INFO] - Fetched main configs, save directory : ../outputs/bench_sets/electricity/720_168/seed_5/revin/
[2025-09-02 17:20:14,671][__main__][INFO] - Model PatchTST, normalization revin, criterion NMSE, kwargs {'latent': False}
[2025-09-02 17:20:14,844][__main__][INFO] - Fetched dataloaders
[2025-09-02 17:20:14,844][__main__][INFO] - Batches: 1 * (X=[223, 1, 720],  y=[223, 1, 168])
[2025-09-02 17:20:17,146][__main__][INFO] - batch_size=256, learning_rate=1e-05, steps per epoch=1, epochs=2000
[2025-09-02 17:20:17,146][__main__][INFO] - Starting training...
[2025-09-02 17:20:17,146][__main__][INFO] - Using device: cuda
[2025-09-02 17:20:17,146][__main__][INFO] - Training 2000 epochs of 1 batches (2000 steps): , eval_freq: 100, print_freq: 100
[2025-09-02 17:20:57,796][__main__][INFO] - =====Running data script=====
[2025-09-02 17:20:59,781][__main__][INFO] - Found constant windows!
[2025-09-02 17:21:25,728][__main__][INFO] - End of script

[2025-09-02 17:21:32,206][__main__][INFO] - =====Running train script=====
[2025-09-02 17:21:32,540][__main__][INFO] - Fetched main configs, save directory : ../outputs/bench_sets/traffic/336_24/seed_1/revin/
[2025-09-02 17:21:32,541][__main__][INFO] - Model PatchTST, normalization revin, criterion NMSE, kwargs {'latent': False}
[2025-09-02 17:21:32,814][__main__][INFO] - Fetched dataloaders
[2025-09-02 17:21:32,814][__main__][INFO] - Batches: 3 * (X=[256, 1, 336],  y=[256, 1, 24])
[2025-09-02 17:21:35,305][__main__][INFO] - batch_size=256, learning_rate=1e-05, steps per epoch=3, epochs=2000
[2025-09-02 17:21:35,305][__main__][INFO] - Starting training...
[2025-09-02 17:21:35,305][__main__][INFO] - Using device: cuda
[2025-09-02 17:21:35,305][__main__][INFO] - Training 2000 epochs of 3 batches (6000 steps): , eval_freq: 100, print_freq: 100
[2025-09-02 17:21:54,191][__main__][INFO] - =====Running data script=====
[2025-09-02 17:21:55,600][__main__][INFO] - Found constant windows!
[2025-09-02 17:22:21,031][__main__][INFO] - End of script

[2025-09-02 17:22:26,751][__main__][INFO] - =====Running train script=====
[2025-09-02 17:22:27,128][__main__][INFO] - Fetched main configs, save directory : ../outputs/bench_sets/traffic/336_24/seed_2/revin/
[2025-09-02 17:22:27,129][__main__][INFO] - Model PatchTST, normalization revin, criterion NMSE, kwargs {'latent': False}
[2025-09-02 17:22:27,404][__main__][INFO] - Fetched dataloaders
[2025-09-02 17:22:27,404][__main__][INFO] - Batches: 3 * (X=[256, 1, 336],  y=[256, 1, 24])
[2025-09-02 17:22:29,515][__main__][INFO] - batch_size=256, learning_rate=1e-05, steps per epoch=3, epochs=2000
[2025-09-02 17:22:29,515][__main__][INFO] - Starting training...
[2025-09-02 17:22:29,515][__main__][INFO] - Using device: cuda
[2025-09-02 17:22:29,515][__main__][INFO] - Training 2000 epochs of 3 batches (6000 steps): , eval_freq: 100, print_freq: 100
[2025-09-02 17:22:48,975][__main__][INFO] - =====Running data script=====
[2025-09-02 17:22:50,345][__main__][INFO] - Found constant windows!
[2025-09-02 17:23:15,663][__main__][INFO] - End of script

[2025-09-02 17:23:21,400][__main__][INFO] - =====Running train script=====
[2025-09-02 17:23:21,744][__main__][INFO] - Fetched main configs, save directory : ../outputs/bench_sets/traffic/336_24/seed_3/revin/
[2025-09-02 17:23:21,745][__main__][INFO] - Model PatchTST, normalization revin, criterion NMSE, kwargs {'latent': False}
[2025-09-02 17:23:22,022][__main__][INFO] - Fetched dataloaders
[2025-09-02 17:23:22,022][__main__][INFO] - Batches: 3 * (X=[256, 1, 336],  y=[256, 1, 24])
[2025-09-02 17:23:24,494][__main__][INFO] - batch_size=256, learning_rate=1e-05, steps per epoch=3, epochs=2000
[2025-09-02 17:23:24,494][__main__][INFO] - Starting training...
[2025-09-02 17:23:24,494][__main__][INFO] - Using device: cuda
[2025-09-02 17:23:24,494][__main__][INFO] - Training 2000 epochs of 3 batches (6000 steps): , eval_freq: 100, print_freq: 100
[2025-09-02 17:23:43,528][__main__][INFO] - =====Running data script=====
[2025-09-02 17:23:44,938][__main__][INFO] - Found constant windows!
[2025-09-02 17:24:10,219][__main__][INFO] - End of script

[2025-09-02 17:24:15,596][__main__][INFO] - =====Running train script=====
[2025-09-02 17:24:16,005][__main__][INFO] - Fetched main configs, save directory : ../outputs/bench_sets/traffic/336_24/seed_4/revin/
[2025-09-02 17:24:16,005][__main__][INFO] - Model PatchTST, normalization revin, criterion NMSE, kwargs {'latent': False}
[2025-09-02 17:24:16,281][__main__][INFO] - Fetched dataloaders
[2025-09-02 17:24:16,282][__main__][INFO] - Batches: 3 * (X=[256, 1, 336],  y=[256, 1, 24])
[2025-09-02 17:24:18,235][__main__][INFO] - batch_size=256, learning_rate=1e-05, steps per epoch=3, epochs=2000
[2025-09-02 17:24:18,236][__main__][INFO] - Starting training...
[2025-09-02 17:24:18,236][__main__][INFO] - Using device: cuda
[2025-09-02 17:24:18,236][__main__][INFO] - Training 2000 epochs of 3 batches (6000 steps): , eval_freq: 100, print_freq: 100
[2025-09-02 17:24:36,323][__main__][INFO] - =====Running data script=====
[2025-09-02 17:24:37,735][__main__][INFO] - Found constant windows!
[2025-09-02 17:25:02,804][__main__][INFO] - End of script

[2025-09-02 17:25:08,849][__main__][INFO] - =====Running train script=====
[2025-09-02 17:25:09,230][__main__][INFO] - Fetched main configs, save directory : ../outputs/bench_sets/traffic/336_24/seed_5/revin/
[2025-09-02 17:25:09,230][__main__][INFO] - Model PatchTST, normalization revin, criterion NMSE, kwargs {'latent': False}
[2025-09-02 17:25:09,494][__main__][INFO] - Fetched dataloaders
[2025-09-02 17:25:09,495][__main__][INFO] - Batches: 3 * (X=[256, 1, 336],  y=[256, 1, 24])
[2025-09-02 17:25:11,820][__main__][INFO] - batch_size=256, learning_rate=1e-05, steps per epoch=3, epochs=2000
[2025-09-02 17:25:11,821][__main__][INFO] - Starting training...
[2025-09-02 17:25:11,821][__main__][INFO] - Using device: cuda
[2025-09-02 17:25:11,821][__main__][INFO] - Training 2000 epochs of 3 batches (6000 steps): , eval_freq: 100, print_freq: 100
[2025-09-02 17:25:50,762][__main__][INFO] - =====Running data script=====
[2025-09-02 17:25:52,167][__main__][INFO] - Found constant windows!
[2025-09-02 17:26:17,321][__main__][INFO] - End of script

[2025-09-02 17:26:23,294][__main__][INFO] - =====Running train script=====
[2025-09-02 17:26:23,709][__main__][INFO] - Fetched main configs, save directory : ../outputs/bench_sets/traffic/168_24/seed_1/revin/
[2025-09-02 17:26:23,709][__main__][INFO] - Model PatchTST, normalization revin, criterion NMSE, kwargs {'latent': False}
[2025-09-02 17:26:23,977][__main__][INFO] - Fetched dataloaders
[2025-09-02 17:26:23,977][__main__][INFO] - Batches: 3 * (X=[256, 1, 168],  y=[256, 1, 24])
[2025-09-02 17:26:26,347][__main__][INFO] - batch_size=256, learning_rate=1e-05, steps per epoch=3, epochs=2000
[2025-09-02 17:26:26,347][__main__][INFO] - Starting training...
[2025-09-02 17:26:26,347][__main__][INFO] - Using device: cuda
[2025-09-02 17:26:26,347][__main__][INFO] - Training 2000 epochs of 3 batches (6000 steps): , eval_freq: 100, print_freq: 100
[2025-09-02 17:27:41,398][__main__][INFO] - Step 1 | valid1 MSE : 0.9259 | valid1 NMSE : 1.1173
[2025-09-02 17:28:55,345][__main__][INFO] - Step 100 | valid1 MSE : 0.5084 | valid1 NMSE : 0.5783
[2025-09-02 17:30:09,144][__main__][INFO] - Step 200 | valid1 MSE : 0.4066 | valid1 NMSE : 0.4683
[2025-09-02 17:31:23,344][__main__][INFO] - Step 300 | valid1 MSE : 0.3603 | valid1 NMSE : 0.4202
[2025-09-02 17:32:38,428][__main__][INFO] - Step 400 | valid1 MSE : 0.3310 | valid1 NMSE : 0.3902
[2025-09-02 17:33:52,251][__main__][INFO] - Step 500 | valid1 MSE : 0.3106 | valid1 NMSE : 0.3693
[2025-09-02 17:35:06,771][__main__][INFO] - Step 600 | valid1 MSE : 0.2954 | valid1 NMSE : 0.3538
[2025-09-02 17:36:20,539][__main__][INFO] - Step 700 | valid1 MSE : 0.2842 | valid1 NMSE : 0.3423
[2025-09-02 17:37:34,059][__main__][INFO] - Step 800 | valid1 MSE : 0.2758 | valid1 NMSE : 0.3335
[2025-09-02 17:38:48,087][__main__][INFO] - Step 900 | valid1 MSE : 0.2695 | valid1 NMSE : 0.3268
[2025-09-02 17:40:03,231][__main__][INFO] - Step 1000 | valid1 MSE : 0.2644 | valid1 NMSE : 0.3217
[2025-09-02 17:41:17,442][__main__][INFO] - Step 1100 | valid1 MSE : 0.2604 | valid1 NMSE : 0.3174
[2025-09-02 17:42:32,059][__main__][INFO] - Step 1200 | valid1 MSE : 0.2571 | valid1 NMSE : 0.3140
[2025-09-02 17:43:46,162][__main__][INFO] - Step 1300 | valid1 MSE : 0.2543 | valid1 NMSE : 0.3111
[2025-09-02 17:45:01,296][__main__][INFO] - Step 1400 | valid1 MSE : 0.2522 | valid1 NMSE : 0.3088
[2025-09-02 17:46:17,988][__main__][INFO] - Step 1500 | valid1 MSE : 0.2504 | valid1 NMSE : 0.3069
[2025-09-02 17:47:35,703][__main__][INFO] - Step 1600 | valid1 MSE : 0.2487 | valid1 NMSE : 0.3051
[2025-09-02 17:48:52,422][__main__][INFO] - Step 1700 | valid1 MSE : 0.2475 | valid1 NMSE : 0.3038
[2025-09-02 17:50:09,042][__main__][INFO] - Step 1800 | valid1 MSE : 0.2460 | valid1 NMSE : 0.3022
[2025-09-02 17:51:24,861][__main__][INFO] - Step 1900 | valid1 MSE : 0.2449 | valid1 NMSE : 0.3011
[2025-09-02 17:52:39,204][__main__][INFO] - Step 2000 | valid1 MSE : 0.2441 | valid1 NMSE : 0.3002
[2025-09-02 17:53:53,438][__main__][INFO] - Step 2100 | valid1 MSE : 0.2432 | valid1 NMSE : 0.2992
[2025-09-02 17:55:06,363][__main__][INFO] - Step 2200 | valid1 MSE : 0.2423 | valid1 NMSE : 0.2984
[2025-09-02 17:56:20,106][__main__][INFO] - Step 2300 | valid1 MSE : 0.2417 | valid1 NMSE : 0.2977
[2025-09-02 17:57:34,616][__main__][INFO] - Step 2400 | valid1 MSE : 0.2413 | valid1 NMSE : 0.2971
[2025-09-02 17:58:48,665][__main__][INFO] - Step 2500 | valid1 MSE : 0.2408 | valid1 NMSE : 0.2966
[2025-09-02 18:00:02,282][__main__][INFO] - Step 2600 | valid1 MSE : 0.2400 | valid1 NMSE : 0.2958
[2025-09-02 18:01:16,206][__main__][INFO] - Step 2700 | valid1 MSE : 0.2395 | valid1 NMSE : 0.2952
[2025-09-02 18:02:28,925][__main__][INFO] - Step 2800 | valid1 MSE : 0.2390 | valid1 NMSE : 0.2947
[2025-09-02 18:03:42,988][__main__][INFO] - Step 2900 | valid1 MSE : 0.2387 | valid1 NMSE : 0.2944
[2025-09-02 18:04:57,827][__main__][INFO] - Step 3000 | valid1 MSE : 0.2385 | valid1 NMSE : 0.2941
[2025-09-02 18:06:11,495][__main__][INFO] - Step 3100 | valid1 MSE : 0.2379 | valid1 NMSE : 0.2936
[2025-09-02 18:07:24,999][__main__][INFO] - Step 3200 | valid1 MSE : 0.2376 | valid1 NMSE : 0.2933
[2025-09-02 18:08:38,741][__main__][INFO] - Step 3300 | valid1 MSE : 0.2372 | valid1 NMSE : 0.2928
[2025-09-02 18:09:53,553][__main__][INFO] - Step 3400 | valid1 MSE : 0.2367 | valid1 NMSE : 0.2923
[2025-09-02 18:11:09,736][__main__][INFO] - Step 3500 | valid1 MSE : 0.2369 | valid1 NMSE : 0.2924
[2025-09-02 18:12:26,495][__main__][INFO] - Step 3600 | valid1 MSE : 0.2362 | valid1 NMSE : 0.2917
[2025-09-02 18:13:42,129][__main__][INFO] - Step 3700 | valid1 MSE : 0.2360 | valid1 NMSE : 0.2915
[2025-09-02 18:14:56,749][__main__][INFO] - Step 3800 | valid1 MSE : 0.2357 | valid1 NMSE : 0.2912
[2025-09-02 18:16:10,692][__main__][INFO] - Step 3900 | valid1 MSE : 0.2354 | valid1 NMSE : 0.2909
[2025-09-02 18:17:24,730][__main__][INFO] - Step 4000 | valid1 MSE : 0.2352 | valid1 NMSE : 0.2906
[2025-09-02 18:18:39,335][__main__][INFO] - Step 4100 | valid1 MSE : 0.2352 | valid1 NMSE : 0.2907
[2025-09-02 18:19:53,060][__main__][INFO] - Step 4200 | valid1 MSE : 0.2349 | valid1 NMSE : 0.2902
[2025-09-02 18:21:07,116][__main__][INFO] - Step 4300 | valid1 MSE : 0.2346 | valid1 NMSE : 0.2900
[2025-09-02 18:22:20,499][__main__][INFO] - Step 4400 | valid1 MSE : 0.2345 | valid1 NMSE : 0.2898
[2025-09-02 18:23:34,111][__main__][INFO] - Step 4500 | valid1 MSE : 0.2343 | valid1 NMSE : 0.2896
[2025-09-02 18:24:47,535][__main__][INFO] - Step 4600 | valid1 MSE : 0.2342 | valid1 NMSE : 0.2895
[2025-09-02 18:26:02,108][__main__][INFO] - Step 4700 | valid1 MSE : 0.2339 | valid1 NMSE : 0.2891
[2025-09-02 18:27:15,486][__main__][INFO] - Step 4800 | valid1 MSE : 0.2340 | valid1 NMSE : 0.2891
[2025-09-02 18:28:29,749][__main__][INFO] - Step 4900 | valid1 MSE : 0.2335 | valid1 NMSE : 0.2888
[2025-09-02 18:29:43,612][__main__][INFO] - Step 5000 | valid1 MSE : 0.2333 | valid1 NMSE : 0.2884
[2025-09-02 18:30:56,777][__main__][INFO] - Step 5100 | valid1 MSE : 0.2331 | valid1 NMSE : 0.2882
[2025-09-02 18:32:10,937][__main__][INFO] - Step 5200 | valid1 MSE : 0.2330 | valid1 NMSE : 0.2881
[2025-09-02 18:33:28,014][__main__][INFO] - Step 5300 | valid1 MSE : 0.2329 | valid1 NMSE : 0.2880
[2025-09-02 18:34:43,565][__main__][INFO] - Step 5400 | valid1 MSE : 0.2328 | valid1 NMSE : 0.2879
[2025-09-02 18:35:59,390][__main__][INFO] - Step 5500 | valid1 MSE : 0.2327 | valid1 NMSE : 0.2878
[2025-09-02 18:37:14,175][__main__][INFO] - Step 5600 | valid1 MSE : 0.2326 | valid1 NMSE : 0.2876
[2025-09-02 18:38:28,374][__main__][INFO] - Step 5700 | valid1 MSE : 0.2322 | valid1 NMSE : 0.2873
[2025-09-02 18:39:42,896][__main__][INFO] - Step 5800 | valid1 MSE : 0.2322 | valid1 NMSE : 0.2874
[2025-09-02 18:40:58,038][__main__][INFO] - Step 5900 | valid1 MSE : 0.2323 | valid1 NMSE : 0.2873
[2025-09-02 18:42:11,679][__main__][INFO] - Step 6000 | valid1 MSE : 0.2319 | valid1 NMSE : 0.2869
[2025-09-02 18:42:11,683][__main__][INFO] - Training done in 75.756 min
[2025-09-02 18:42:11,683][__main__][INFO] - Average time per step: 0.758 s
[2025-09-02 18:42:11,731][__main__][INFO] - End of training
[2025-09-02 18:42:12,603][__main__][INFO] - Plotted losses
[2025-09-02 18:42:12,603][__main__][INFO] - Computing test metrics
[2025-09-02 18:42:23,148][__main__][INFO] - Evaluation done in 0.176 min
[2025-09-02 18:42:38,238][__main__][INFO] - Evaluation done in 0.072 min
[2025-09-02 18:42:45,603][__main__][INFO] - Saved plots
[2025-09-02 18:42:45,604][__main__][INFO] - Final modulations: {'beta': np.float32(-0.005245735), 'alpha': np.float32(1.038155)}
[2025-09-02 18:42:45,604][__main__][INFO] - End of script

[2025-09-02 18:43:02,076][__main__][INFO] - =====Running data script=====
[2025-09-02 18:43:03,283][__main__][INFO] - Found constant windows!
[2025-09-02 18:43:26,038][__main__][INFO] - End of script

[2025-09-02 18:43:31,173][__main__][INFO] - =====Running train script=====
[2025-09-02 18:43:31,572][__main__][INFO] - Fetched main configs, save directory : ../outputs/bench_sets/traffic/168_24/seed_2/revin/
[2025-09-02 18:43:31,572][__main__][INFO] - Model PatchTST, normalization revin, criterion NMSE, kwargs {'latent': False}
[2025-09-02 18:43:31,831][__main__][INFO] - Fetched dataloaders
[2025-09-02 18:43:31,831][__main__][INFO] - Batches: 3 * (X=[256, 1, 168],  y=[256, 1, 24])
[2025-09-02 18:43:34,193][__main__][INFO] - batch_size=256, learning_rate=1e-05, steps per epoch=3, epochs=2000
[2025-09-02 18:43:34,193][__main__][INFO] - Starting training...
[2025-09-02 18:43:34,193][__main__][INFO] - Using device: cuda
[2025-09-02 18:43:34,193][__main__][INFO] - Training 2000 epochs of 3 batches (6000 steps): , eval_freq: 100, print_freq: 100
[2025-09-02 18:44:47,214][__main__][INFO] - Step 1 | valid1 MSE : 0.9955 | valid1 NMSE : 1.1918
[2025-09-02 18:46:01,068][__main__][INFO] - Step 100 | valid1 MSE : 0.5383 | valid1 NMSE : 0.6092
[2025-09-02 18:47:14,610][__main__][INFO] - Step 200 | valid1 MSE : 0.4270 | valid1 NMSE : 0.4892
[2025-09-02 18:48:28,538][__main__][INFO] - Step 300 | valid1 MSE : 0.3765 | valid1 NMSE : 0.4376
[2025-09-02 18:49:43,728][__main__][INFO] - Step 400 | valid1 MSE : 0.3451 | valid1 NMSE : 0.4059
[2025-09-02 18:50:57,828][__main__][INFO] - Step 500 | valid1 MSE : 0.3225 | valid1 NMSE : 0.3831
[2025-09-02 18:52:12,685][__main__][INFO] - Step 600 | valid1 MSE : 0.3061 | valid1 NMSE : 0.3666
[2025-09-02 18:53:26,762][__main__][INFO] - Step 700 | valid1 MSE : 0.2936 | valid1 NMSE : 0.3540
[2025-09-02 18:54:40,294][__main__][INFO] - Step 800 | valid1 MSE : 0.2841 | valid1 NMSE : 0.3442
[2025-09-02 18:55:54,107][__main__][INFO] - Step 900 | valid1 MSE : 0.2770 | valid1 NMSE : 0.3370
[2025-09-02 18:57:10,500][__main__][INFO] - Step 1000 | valid1 MSE : 0.2715 | valid1 NMSE : 0.3314
[2025-09-02 18:58:26,656][__main__][INFO] - Step 1100 | valid1 MSE : 0.2668 | valid1 NMSE : 0.3267
[2025-09-02 18:59:43,199][__main__][INFO] - Step 1200 | valid1 MSE : 0.2632 | valid1 NMSE : 0.3229
[2025-09-02 19:00:58,393][__main__][INFO] - Step 1300 | valid1 MSE : 0.2602 | valid1 NMSE : 0.3199
[2025-09-02 19:02:13,085][__main__][INFO] - Step 1400 | valid1 MSE : 0.2578 | valid1 NMSE : 0.3172
[2025-09-02 19:03:29,567][__main__][INFO] - Step 1500 | valid1 MSE : 0.2561 | valid1 NMSE : 0.3155
[2025-09-02 19:04:46,420][__main__][INFO] - Step 1600 | valid1 MSE : 0.2536 | valid1 NMSE : 0.3129
[2025-09-02 19:06:00,767][__main__][INFO] - Step 1700 | valid1 MSE : 0.2522 | valid1 NMSE : 0.3114
[2025-09-02 19:07:16,097][__main__][INFO] - Step 1800 | valid1 MSE : 0.2509 | valid1 NMSE : 0.3100
[2025-09-02 19:08:30,350][__main__][INFO] - Step 1900 | valid1 MSE : 0.2498 | valid1 NMSE : 0.3088
[2025-09-02 19:09:44,165][__main__][INFO] - Step 2000 | valid1 MSE : 0.2487 | valid1 NMSE : 0.3078
[2025-09-02 19:10:58,917][__main__][INFO] - Step 2100 | valid1 MSE : 0.2478 | valid1 NMSE : 0.3068
[2025-09-02 19:12:12,582][__main__][INFO] - Step 2200 | valid1 MSE : 0.2470 | valid1 NMSE : 0.3058
[2025-09-02 19:13:27,533][__main__][INFO] - Step 2300 | valid1 MSE : 0.2460 | valid1 NMSE : 0.3048
[2025-09-02 19:14:42,670][__main__][INFO] - Step 2400 | valid1 MSE : 0.2453 | valid1 NMSE : 0.3042
[2025-09-02 19:15:56,611][__main__][INFO] - Step 2500 | valid1 MSE : 0.2449 | valid1 NMSE : 0.3036
[2025-09-02 19:17:10,773][__main__][INFO] - Step 2600 | valid1 MSE : 0.2443 | valid1 NMSE : 0.3030
[2025-09-02 19:18:25,134][__main__][INFO] - Step 2700 | valid1 MSE : 0.2437 | valid1 NMSE : 0.3024
[2025-09-02 19:19:39,138][__main__][INFO] - Step 2800 | valid1 MSE : 0.2434 | valid1 NMSE : 0.3021
[2025-09-02 19:20:54,882][__main__][INFO] - Step 2900 | valid1 MSE : 0.2428 | valid1 NMSE : 0.3016
[2025-09-02 19:22:11,982][__main__][INFO] - Step 3000 | valid1 MSE : 0.2425 | valid1 NMSE : 0.3012
[2025-09-02 19:23:28,107][__main__][INFO] - Step 3100 | valid1 MSE : 0.2420 | valid1 NMSE : 0.3007
[2025-09-02 19:24:43,627][__main__][INFO] - Step 3200 | valid1 MSE : 0.2417 | valid1 NMSE : 0.3003
[2025-09-02 19:25:58,441][__main__][INFO] - Step 3300 | valid1 MSE : 0.2413 | valid1 NMSE : 0.2998
[2025-09-02 19:27:13,906][__main__][INFO] - Step 3400 | valid1 MSE : 0.2411 | valid1 NMSE : 0.2995
[2025-09-02 19:28:29,623][__main__][INFO] - Step 3500 | valid1 MSE : 0.2406 | valid1 NMSE : 0.2991
[2025-09-02 19:29:45,418][__main__][INFO] - Step 3600 | valid1 MSE : 0.2405 | valid1 NMSE : 0.2989
[2025-09-02 19:30:59,884][__main__][INFO] - Step 3700 | valid1 MSE : 0.2402 | valid1 NMSE : 0.2987
[2025-09-02 19:32:13,461][__main__][INFO] - Step 3800 | valid1 MSE : 0.2399 | valid1 NMSE : 0.2983
[2025-09-02 19:33:26,866][__main__][INFO] - Step 3900 | valid1 MSE : 0.2398 | valid1 NMSE : 0.2983
[2025-09-02 19:34:41,012][__main__][INFO] - Step 4000 | valid1 MSE : 0.2393 | valid1 NMSE : 0.2977
[2025-09-02 19:35:56,117][__main__][INFO] - Step 4100 | valid1 MSE : 0.2394 | valid1 NMSE : 0.2979
[2025-09-02 19:37:11,634][__main__][INFO] - Step 4200 | valid1 MSE : 0.2387 | valid1 NMSE : 0.2971
[2025-09-02 19:38:25,942][__main__][INFO] - Step 4300 | valid1 MSE : 0.2386 | valid1 NMSE : 0.2969
[2025-09-02 19:39:39,785][__main__][INFO] - Step 4400 | valid1 MSE : 0.2386 | valid1 NMSE : 0.2968
[2025-09-02 19:40:53,110][__main__][INFO] - Step 4500 | valid1 MSE : 0.2383 | valid1 NMSE : 0.2966
[2025-09-02 19:42:07,135][__main__][INFO] - Step 4600 | valid1 MSE : 0.2381 | valid1 NMSE : 0.2964
[2025-09-02 19:43:22,151][__main__][INFO] - Step 4700 | valid1 MSE : 0.2380 | valid1 NMSE : 0.2964
[2025-09-02 19:44:37,182][__main__][INFO] - Step 4800 | valid1 MSE : 0.2378 | valid1 NMSE : 0.2960
[2025-09-02 19:45:53,195][__main__][INFO] - Step 4900 | valid1 MSE : 0.2377 | valid1 NMSE : 0.2959
[2025-09-02 19:47:08,447][__main__][INFO] - Step 5000 | valid1 MSE : 0.2376 | valid1 NMSE : 0.2959
[2025-09-02 19:48:23,425][__main__][INFO] - Step 5100 | valid1 MSE : 0.2374 | valid1 NMSE : 0.2955
[2025-09-02 19:49:38,971][__main__][INFO] - Step 5200 | valid1 MSE : 0.2373 | valid1 NMSE : 0.2956
[2025-09-02 19:50:55,552][__main__][INFO] - Step 5300 | valid1 MSE : 0.2373 | valid1 NMSE : 0.2955
[2025-09-02 19:52:10,613][__main__][INFO] - Step 5400 | valid1 MSE : 0.2368 | valid1 NMSE : 0.2949
[2025-09-02 19:53:25,524][__main__][INFO] - Step 5500 | valid1 MSE : 0.2368 | valid1 NMSE : 0.2948
[2025-09-02 19:54:39,485][__main__][INFO] - Step 5600 | valid1 MSE : 0.2366 | valid1 NMSE : 0.2946
[2025-09-02 19:55:53,024][__main__][INFO] - Step 5700 | valid1 MSE : 0.2365 | valid1 NMSE : 0.2946
[2025-09-02 19:57:07,570][__main__][INFO] - Step 5800 | valid1 MSE : 0.2363 | valid1 NMSE : 0.2944
[2025-09-02 19:58:23,111][__main__][INFO] - Step 5900 | valid1 MSE : 0.2363 | valid1 NMSE : 0.2944
[2025-09-02 19:59:37,392][__main__][INFO] - Step 6000 | valid1 MSE : 0.2361 | valid1 NMSE : 0.2942
[2025-09-02 19:59:37,396][__main__][INFO] - Training done in 76.053 min
[2025-09-02 19:59:37,396][__main__][INFO] - Average time per step: 0.761 s
[2025-09-02 19:59:37,428][__main__][INFO] - End of training
[2025-09-02 19:59:38,276][__main__][INFO] - Plotted losses
[2025-09-02 19:59:38,277][__main__][INFO] - Computing test metrics
[2025-09-02 19:59:49,097][__main__][INFO] - Evaluation done in 0.180 min
[2025-09-02 20:00:04,432][__main__][INFO] - Evaluation done in 0.076 min
[2025-09-02 20:00:10,580][__main__][INFO] - Saved plots
[2025-09-02 20:00:10,580][__main__][INFO] - Final modulations: {'beta': np.float32(-0.0053487737), 'alpha': np.float32(1.0382895)}
[2025-09-02 20:00:10,580][__main__][INFO] - End of script

[2025-09-02 20:00:28,286][__main__][INFO] - =====Running data script=====
[2025-09-02 20:00:29,455][__main__][INFO] - Found constant windows!
[2025-09-02 20:00:52,500][__main__][INFO] - End of script

[2025-09-02 20:00:57,386][__main__][INFO] - =====Running train script=====
[2025-09-02 20:00:57,791][__main__][INFO] - Fetched main configs, save directory : ../outputs/bench_sets/traffic/168_24/seed_3/revin/
[2025-09-02 20:00:57,791][__main__][INFO] - Model PatchTST, normalization revin, criterion NMSE, kwargs {'latent': False}
[2025-09-02 20:00:58,057][__main__][INFO] - Fetched dataloaders
[2025-09-02 20:00:58,057][__main__][INFO] - Batches: 3 * (X=[256, 1, 168],  y=[256, 1, 24])
[2025-09-02 20:01:00,242][__main__][INFO] - batch_size=256, learning_rate=1e-05, steps per epoch=3, epochs=2000
[2025-09-02 20:01:00,242][__main__][INFO] - Starting training...
[2025-09-02 20:01:00,242][__main__][INFO] - Using device: cuda
[2025-09-02 20:01:00,242][__main__][INFO] - Training 2000 epochs of 3 batches (6000 steps): , eval_freq: 100, print_freq: 100
[2025-09-02 20:02:13,200][__main__][INFO] - Step 1 | valid1 MSE : 0.9814 | valid1 NMSE : 1.1952
[2025-09-02 20:03:27,094][__main__][INFO] - Step 100 | valid1 MSE : 0.5255 | valid1 NMSE : 0.6008
[2025-09-02 20:04:40,900][__main__][INFO] - Step 200 | valid1 MSE : 0.4201 | valid1 NMSE : 0.4841
[2025-09-02 20:05:54,974][__main__][INFO] - Step 300 | valid1 MSE : 0.3710 | valid1 NMSE : 0.4332
[2025-09-02 20:07:10,360][__main__][INFO] - Step 400 | valid1 MSE : 0.3404 | valid1 NMSE : 0.4016
[2025-09-02 20:08:25,144][__main__][INFO] - Step 500 | valid1 MSE : 0.3185 | valid1 NMSE : 0.3793
[2025-09-02 20:09:41,631][__main__][INFO] - Step 600 | valid1 MSE : 0.3026 | valid1 NMSE : 0.3630
[2025-09-02 20:10:57,366][__main__][INFO] - Step 700 | valid1 MSE : 0.2909 | valid1 NMSE : 0.3510
[2025-09-02 20:12:12,383][__main__][INFO] - Step 800 | valid1 MSE : 0.2819 | valid1 NMSE : 0.3420
[2025-09-02 20:13:27,816][__main__][INFO] - Step 900 | valid1 MSE : 0.2753 | valid1 NMSE : 0.3352
[2025-09-02 20:14:44,828][__main__][INFO] - Step 1000 | valid1 MSE : 0.2702 | valid1 NMSE : 0.3297
[2025-09-02 20:15:59,795][__main__][INFO] - Step 1100 | valid1 MSE : 0.2658 | valid1 NMSE : 0.3253
[2025-09-02 20:17:14,888][__main__][INFO] - Step 1200 | valid1 MSE : 0.2626 | valid1 NMSE : 0.3218
[2025-09-02 20:18:28,979][__main__][INFO] - Step 1300 | valid1 MSE : 0.2598 | valid1 NMSE : 0.3189
[2025-09-02 20:19:42,382][__main__][INFO] - Step 1400 | valid1 MSE : 0.2575 | valid1 NMSE : 0.3166
[2025-09-02 20:20:56,571][__main__][INFO] - Step 1500 | valid1 MSE : 0.2555 | valid1 NMSE : 0.3145
[2025-09-02 20:22:12,194][__main__][INFO] - Step 1600 | valid1 MSE : 0.2538 | valid1 NMSE : 0.3126
[2025-09-02 20:23:26,804][__main__][INFO] - Step 1700 | valid1 MSE : 0.2525 | valid1 NMSE : 0.3111
[2025-09-02 20:24:42,021][__main__][INFO] - Step 1800 | valid1 MSE : 0.2514 | valid1 NMSE : 0.3100
[2025-09-02 20:25:55,650][__main__][INFO] - Step 1900 | valid1 MSE : 0.2505 | valid1 NMSE : 0.3091
[2025-09-02 20:27:09,412][__main__][INFO] - Step 2000 | valid1 MSE : 0.2493 | valid1 NMSE : 0.3078
[2025-09-02 20:28:24,248][__main__][INFO] - Step 2100 | valid1 MSE : 0.2485 | valid1 NMSE : 0.3070
[2025-09-02 20:29:38,044][__main__][INFO] - Step 2200 | valid1 MSE : 0.2478 | valid1 NMSE : 0.3062
[2025-09-02 20:30:52,898][__main__][INFO] - Step 2300 | valid1 MSE : 0.2471 | valid1 NMSE : 0.3055
[2025-09-02 20:32:08,364][__main__][INFO] - Step 2400 | valid1 MSE : 0.2464 | valid1 NMSE : 0.3048
[2025-09-02 20:33:23,858][__main__][INFO] - Step 2500 | valid1 MSE : 0.2461 | valid1 NMSE : 0.3045
[2025-09-02 20:34:39,357][__main__][INFO] - Step 2600 | valid1 MSE : 0.2453 | valid1 NMSE : 0.3035
[2025-09-02 20:35:55,388][__main__][INFO] - Step 2700 | valid1 MSE : 0.2448 | valid1 NMSE : 0.3031
[2025-09-02 20:37:10,917][__main__][INFO] - Step 2800 | valid1 MSE : 0.2445 | valid1 NMSE : 0.3027
[2025-09-02 20:38:27,511][__main__][INFO] - Step 2900 | valid1 MSE : 0.2438 | valid1 NMSE : 0.3020
[2025-09-02 20:39:43,590][__main__][INFO] - Step 3000 | valid1 MSE : 0.2434 | valid1 NMSE : 0.3016
[2025-09-02 20:40:58,137][__main__][INFO] - Step 3100 | valid1 MSE : 0.2431 | valid1 NMSE : 0.3012
[2025-09-02 20:42:11,885][__main__][INFO] - Step 3200 | valid1 MSE : 0.2429 | valid1 NMSE : 0.3008
[2025-09-02 20:43:24,961][__main__][INFO] - Step 3300 | valid1 MSE : 0.2425 | valid1 NMSE : 0.3007
[2025-09-02 20:44:38,956][__main__][INFO] - Step 3400 | valid1 MSE : 0.2422 | valid1 NMSE : 0.3003
[2025-09-02 20:45:53,780][__main__][INFO] - Step 3500 | valid1 MSE : 0.2419 | valid1 NMSE : 0.2999
[2025-09-02 20:47:09,225][__main__][INFO] - Step 3600 | valid1 MSE : 0.2417 | valid1 NMSE : 0.2997
[2025-09-02 20:48:23,380][__main__][INFO] - Step 3700 | valid1 MSE : 0.2414 | valid1 NMSE : 0.2993
[2025-09-02 20:49:36,690][__main__][INFO] - Step 3800 | valid1 MSE : 0.2410 | valid1 NMSE : 0.2988
[2025-09-02 20:50:50,381][__main__][INFO] - Step 3900 | valid1 MSE : 0.2408 | valid1 NMSE : 0.2986
[2025-09-02 20:52:04,573][__main__][INFO] - Step 4000 | valid1 MSE : 0.2407 | valid1 NMSE : 0.2985
[2025-09-02 20:53:19,984][__main__][INFO] - Step 4100 | valid1 MSE : 0.2405 | valid1 NMSE : 0.2982
[2025-09-02 20:54:36,361][__main__][INFO] - Step 4200 | valid1 MSE : 0.2401 | valid1 NMSE : 0.2978
[2025-09-02 20:55:50,874][__main__][INFO] - Step 4300 | valid1 MSE : 0.2400 | valid1 NMSE : 0.2977
[2025-09-02 20:57:06,045][__main__][INFO] - Step 4400 | valid1 MSE : 0.2399 | valid1 NMSE : 0.2976
[2025-09-02 20:58:20,922][__main__][INFO] - Step 4500 | valid1 MSE : 0.2395 | valid1 NMSE : 0.2972
[2025-09-02 20:59:36,258][__main__][INFO] - Step 4600 | valid1 MSE : 0.2394 | valid1 NMSE : 0.2970
[2025-09-02 21:00:52,685][__main__][INFO] - Step 4700 | valid1 MSE : 0.2393 | valid1 NMSE : 0.2970
[2025-09-02 21:02:07,916][__main__][INFO] - Step 4800 | valid1 MSE : 0.2392 | valid1 NMSE : 0.2969
[2025-09-02 21:03:22,426][__main__][INFO] - Step 4900 | valid1 MSE : 0.2388 | valid1 NMSE : 0.2965
[2025-09-02 21:04:36,359][__main__][INFO] - Step 5000 | valid1 MSE : 0.2386 | valid1 NMSE : 0.2962
[2025-09-02 21:05:49,646][__main__][INFO] - Step 5100 | valid1 MSE : 0.2383 | valid1 NMSE : 0.2958
[2025-09-02 21:07:04,156][__main__][INFO] - Step 5200 | valid1 MSE : 0.2382 | valid1 NMSE : 0.2958
[2025-09-02 21:08:19,162][__main__][INFO] - Step 5300 | valid1 MSE : 0.2381 | valid1 NMSE : 0.2956
[2025-09-02 21:09:32,865][__main__][INFO] - Step 5400 | valid1 MSE : 0.2381 | valid1 NMSE : 0.2957
[2025-09-02 21:10:47,765][__main__][INFO] - Step 5500 | valid1 MSE : 0.2378 | valid1 NMSE : 0.2953
[2025-09-02 21:12:01,702][__main__][INFO] - Step 5600 | valid1 MSE : 0.2379 | valid1 NMSE : 0.2953
[2025-09-02 21:13:14,947][__main__][INFO] - Step 5700 | valid1 MSE : 0.2377 | valid1 NMSE : 0.2953
[2025-09-02 21:14:29,094][__main__][INFO] - Step 5800 | valid1 MSE : 0.2374 | valid1 NMSE : 0.2948
[2025-09-02 21:15:44,143][__main__][INFO] - Step 5900 | valid1 MSE : 0.2373 | valid1 NMSE : 0.2948
[2025-09-02 21:16:58,404][__main__][INFO] - Step 6000 | valid1 MSE : 0.2371 | valid1 NMSE : 0.2945
[2025-09-02 21:16:58,405][__main__][INFO] - Training done in 75.969 min
[2025-09-02 21:16:58,405][__main__][INFO] - Average time per step: 0.760 s
[2025-09-02 21:16:58,458][__main__][INFO] - End of training
[2025-09-02 21:16:59,319][__main__][INFO] - Plotted losses
[2025-09-02 21:16:59,319][__main__][INFO] - Computing test metrics
[2025-09-02 21:17:10,146][__main__][INFO] - Evaluation done in 0.180 min
[2025-09-02 21:17:25,498][__main__][INFO] - Evaluation done in 0.075 min
[2025-09-02 21:17:31,702][__main__][INFO] - Saved plots
[2025-09-02 21:17:31,702][__main__][INFO] - Final modulations: {'beta': np.float32(-0.0051942463), 'alpha': np.float32(1.0375215)}
[2025-09-02 21:17:31,702][__main__][INFO] - End of script

[2025-09-02 21:17:48,809][__main__][INFO] - =====Running data script=====
[2025-09-02 21:17:50,025][__main__][INFO] - Found constant windows!
[2025-09-02 21:18:12,821][__main__][INFO] - End of script

[2025-09-02 21:18:17,793][__main__][INFO] - =====Running train script=====
[2025-09-02 21:18:18,438][__main__][INFO] - Fetched main configs, save directory : ../outputs/bench_sets/traffic/168_24/seed_4/revin/
[2025-09-02 21:18:18,438][__main__][INFO] - Model PatchTST, normalization revin, criterion NMSE, kwargs {'latent': False}
[2025-09-02 21:18:18,705][__main__][INFO] - Fetched dataloaders
[2025-09-02 21:18:18,705][__main__][INFO] - Batches: 3 * (X=[256, 1, 168],  y=[256, 1, 24])
[2025-09-02 21:18:21,003][__main__][INFO] - batch_size=256, learning_rate=1e-05, steps per epoch=3, epochs=2000
[2025-09-02 21:18:21,003][__main__][INFO] - Starting training...
[2025-09-02 21:18:21,004][__main__][INFO] - Using device: cuda
[2025-09-02 21:18:21,004][__main__][INFO] - Training 2000 epochs of 3 batches (6000 steps): , eval_freq: 100, print_freq: 100
[2025-09-02 21:19:34,984][__main__][INFO] - Step 1 | valid1 MSE : 1.0279 | valid1 NMSE : 1.2606
[2025-09-02 21:20:50,675][__main__][INFO] - Step 100 | valid1 MSE : 0.5293 | valid1 NMSE : 0.6100
[2025-09-02 21:22:06,100][__main__][INFO] - Step 200 | valid1 MSE : 0.4188 | valid1 NMSE : 0.4856
[2025-09-02 21:23:21,323][__main__][INFO] - Step 300 | valid1 MSE : 0.3688 | valid1 NMSE : 0.4328
[2025-09-02 21:24:38,225][__main__][INFO] - Step 400 | valid1 MSE : 0.3368 | valid1 NMSE : 0.3996
[2025-09-02 21:25:53,522][__main__][INFO] - Step 500 | valid1 MSE : 0.3145 | valid1 NMSE : 0.3763
[2025-09-02 21:27:08,870][__main__][INFO] - Step 600 | valid1 MSE : 0.2975 | valid1 NMSE : 0.3587
[2025-09-02 21:28:22,708][__main__][INFO] - Step 700 | valid1 MSE : 0.2853 | valid1 NMSE : 0.3458
[2025-09-02 21:29:36,154][__main__][INFO] - Step 800 | valid1 MSE : 0.2758 | valid1 NMSE : 0.3358
[2025-09-02 21:30:49,866][__main__][INFO] - Step 900 | valid1 MSE : 0.2686 | valid1 NMSE : 0.3283
[2025-09-02 21:32:04,823][__main__][INFO] - Step 1000 | valid1 MSE : 0.2631 | valid1 NMSE : 0.3224
[2025-09-02 21:33:18,546][__main__][INFO] - Step 1100 | valid1 MSE : 0.2588 | valid1 NMSE : 0.3177
[2025-09-02 21:34:32,857][__main__][INFO] - Step 1200 | valid1 MSE : 0.2551 | valid1 NMSE : 0.3139
[2025-09-02 21:35:46,339][__main__][INFO] - Step 1300 | valid1 MSE : 0.2521 | valid1 NMSE : 0.3108
[2025-09-02 21:36:59,628][__main__][INFO] - Step 1400 | valid1 MSE : 0.2498 | valid1 NMSE : 0.3082
[2025-09-02 21:38:13,238][__main__][INFO] - Step 1500 | valid1 MSE : 0.2477 | valid1 NMSE : 0.3060
[2025-09-02 21:39:28,502][__main__][INFO] - Step 1600 | valid1 MSE : 0.2462 | valid1 NMSE : 0.3045
[2025-09-02 21:40:42,855][__main__][INFO] - Step 1700 | valid1 MSE : 0.2446 | valid1 NMSE : 0.3028
[2025-09-02 21:41:58,212][__main__][INFO] - Step 1800 | valid1 MSE : 0.2434 | valid1 NMSE : 0.3014
[2025-09-02 21:43:11,875][__main__][INFO] - Step 1900 | valid1 MSE : 0.2424 | valid1 NMSE : 0.3003
[2025-09-02 21:44:26,114][__main__][INFO] - Step 2000 | valid1 MSE : 0.2413 | valid1 NMSE : 0.2991
[2025-09-02 21:45:41,832][__main__][INFO] - Step 2100 | valid1 MSE : 0.2403 | valid1 NMSE : 0.2980
[2025-09-02 21:46:56,728][__main__][INFO] - Step 2200 | valid1 MSE : 0.2396 | valid1 NMSE : 0.2973
[2025-09-02 21:48:12,606][__main__][INFO] - Step 2300 | valid1 MSE : 0.2389 | valid1 NMSE : 0.2965
[2025-09-02 21:49:28,344][__main__][INFO] - Step 2400 | valid1 MSE : 0.2382 | valid1 NMSE : 0.2956
[2025-09-02 21:50:42,771][__main__][INFO] - Step 2500 | valid1 MSE : 0.2375 | valid1 NMSE : 0.2951
[2025-09-02 21:51:56,194][__main__][INFO] - Step 2600 | valid1 MSE : 0.2369 | valid1 NMSE : 0.2943
[2025-09-02 21:53:09,661][__main__][INFO] - Step 2700 | valid1 MSE : 0.2365 | valid1 NMSE : 0.2940
[2025-09-02 21:54:22,128][__main__][INFO] - Step 2800 | valid1 MSE : 0.2360 | valid1 NMSE : 0.2935
[2025-09-02 21:55:35,722][__main__][INFO] - Step 2900 | valid1 MSE : 0.2354 | valid1 NMSE : 0.2927
[2025-09-02 21:56:49,936][__main__][INFO] - Step 3000 | valid1 MSE : 0.2350 | valid1 NMSE : 0.2924
[2025-09-02 21:58:02,852][__main__][INFO] - Step 3100 | valid1 MSE : 0.2347 | valid1 NMSE : 0.2919
[2025-09-02 21:59:16,044][__main__][INFO] - Step 3200 | valid1 MSE : 0.2343 | valid1 NMSE : 0.2915
[2025-09-02 22:00:28,395][__main__][INFO] - Step 3300 | valid1 MSE : 0.2341 | valid1 NMSE : 0.2912
[2025-09-02 22:01:41,508][__main__][INFO] - Step 3400 | valid1 MSE : 0.2335 | valid1 NMSE : 0.2905
[2025-09-02 22:02:55,923][__main__][INFO] - Step 3500 | valid1 MSE : 0.2334 | valid1 NMSE : 0.2906
[2025-09-02 22:04:10,030][__main__][INFO] - Step 3600 | valid1 MSE : 0.2330 | valid1 NMSE : 0.2900
[2025-09-02 22:05:23,858][__main__][INFO] - Step 3700 | valid1 MSE : 0.2327 | valid1 NMSE : 0.2898
[2025-09-02 22:06:36,468][__main__][INFO] - Step 3800 | valid1 MSE : 0.2327 | valid1 NMSE : 0.2897
[2025-09-02 22:07:50,069][__main__][INFO] - Step 3900 | valid1 MSE : 0.2322 | valid1 NMSE : 0.2891
[2025-09-02 22:09:04,954][__main__][INFO] - Step 4000 | valid1 MSE : 0.2322 | valid1 NMSE : 0.2891
[2025-09-02 22:10:20,265][__main__][INFO] - Step 4100 | valid1 MSE : 0.2319 | valid1 NMSE : 0.2887
[2025-09-02 22:11:37,001][__main__][INFO] - Step 4200 | valid1 MSE : 0.2317 | valid1 NMSE : 0.2886
[2025-09-02 22:12:51,409][__main__][INFO] - Step 4300 | valid1 MSE : 0.2315 | valid1 NMSE : 0.2884
[2025-09-02 22:14:06,617][__main__][INFO] - Step 4400 | valid1 MSE : 0.2314 | valid1 NMSE : 0.2883
[2025-09-02 22:15:20,074][__main__][INFO] - Step 4500 | valid1 MSE : 0.2310 | valid1 NMSE : 0.2877
[2025-09-02 22:16:34,185][__main__][INFO] - Step 4600 | valid1 MSE : 0.2313 | valid1 NMSE : 0.2881
[2025-09-02 22:17:48,954][__main__][INFO] - Step 4700 | valid1 MSE : 0.2307 | valid1 NMSE : 0.2873
[2025-09-02 22:19:02,146][__main__][INFO] - Step 4800 | valid1 MSE : 0.2304 | valid1 NMSE : 0.2871
[2025-09-02 22:20:15,610][__main__][INFO] - Step 4900 | valid1 MSE : 0.2302 | valid1 NMSE : 0.2869
[2025-09-02 22:21:28,713][__main__][INFO] - Step 5000 | valid1 MSE : 0.2302 | valid1 NMSE : 0.2870
[2025-09-02 22:22:41,263][__main__][INFO] - Step 5100 | valid1 MSE : 0.2299 | valid1 NMSE : 0.2866
[2025-09-02 22:23:54,306][__main__][INFO] - Step 5200 | valid1 MSE : 0.2297 | valid1 NMSE : 0.2864
[2025-09-02 22:25:09,206][__main__][INFO] - Step 5300 | valid1 MSE : 0.2299 | valid1 NMSE : 0.2868
[2025-09-02 22:26:23,441][__main__][INFO] - Step 5400 | valid1 MSE : 0.2294 | valid1 NMSE : 0.2860
[2025-09-02 22:27:37,263][__main__][INFO] - Step 5500 | valid1 MSE : 0.2294 | valid1 NMSE : 0.2861
[2025-09-02 22:28:51,073][__main__][INFO] - Step 5600 | valid1 MSE : 0.2293 | valid1 NMSE : 0.2859
[2025-09-02 22:30:03,457][__main__][INFO] - Step 5700 | valid1 MSE : 0.2291 | valid1 NMSE : 0.2857
[2025-09-02 22:31:17,859][__main__][INFO] - Step 5800 | valid1 MSE : 0.2289 | valid1 NMSE : 0.2855
[2025-09-02 22:32:34,795][__main__][INFO] - Step 5900 | valid1 MSE : 0.2286 | valid1 NMSE : 0.2851
[2025-09-02 22:33:50,400][__main__][INFO] - Step 6000 | valid1 MSE : 0.2285 | valid1 NMSE : 0.2851
[2025-09-02 22:33:50,401][__main__][INFO] - Training done in 75.490 min
[2025-09-02 22:33:50,401][__main__][INFO] - Average time per step: 0.755 s
[2025-09-02 22:33:50,433][__main__][INFO] - End of training
[2025-09-02 22:33:51,363][__main__][INFO] - Plotted losses
[2025-09-02 22:33:51,364][__main__][INFO] - Computing test metrics
[2025-09-02 22:34:02,426][__main__][INFO] - Evaluation done in 0.184 min
[2025-09-02 22:34:18,004][__main__][INFO] - Evaluation done in 0.078 min
[2025-09-02 22:34:24,057][__main__][INFO] - Saved plots
[2025-09-02 22:34:24,057][__main__][INFO] - Final modulations: {'beta': np.float32(-0.0046473104), 'alpha': np.float32(1.0370532)}
[2025-09-02 22:34:24,057][__main__][INFO] - End of script

[2025-09-02 22:34:42,667][__main__][INFO] - =====Running data script=====
[2025-09-02 22:34:44,034][__main__][INFO] - Found constant windows!
[2025-09-02 22:35:09,142][__main__][INFO] - End of script

[2025-09-02 22:35:14,505][__main__][INFO] - =====Running train script=====
[2025-09-02 22:35:14,900][__main__][INFO] - Fetched main configs, save directory : ../outputs/bench_sets/traffic/168_24/seed_5/revin/
[2025-09-02 22:35:14,900][__main__][INFO] - Model PatchTST, normalization revin, criterion NMSE, kwargs {'latent': False}
[2025-09-02 22:35:15,161][__main__][INFO] - Fetched dataloaders
[2025-09-02 22:35:15,162][__main__][INFO] - Batches: 3 * (X=[256, 1, 168],  y=[256, 1, 24])
[2025-09-02 22:35:17,432][__main__][INFO] - batch_size=256, learning_rate=1e-05, steps per epoch=3, epochs=2000
[2025-09-02 22:35:17,432][__main__][INFO] - Starting training...
[2025-09-02 22:35:17,432][__main__][INFO] - Using device: cuda
[2025-09-02 22:35:17,433][__main__][INFO] - Training 2000 epochs of 3 batches (6000 steps): , eval_freq: 100, print_freq: 100
[2025-09-02 22:36:32,711][__main__][INFO] - Step 1 | valid1 MSE : 1.0014 | valid1 NMSE : 1.2238
[2025-09-02 22:37:48,738][__main__][INFO] - Step 100 | valid1 MSE : 0.5254 | valid1 NMSE : 0.6069
[2025-09-02 22:39:03,143][__main__][INFO] - Step 200 | valid1 MSE : 0.4165 | valid1 NMSE : 0.4867
[2025-09-02 22:40:17,249][__main__][INFO] - Step 300 | valid1 MSE : 0.3682 | valid1 NMSE : 0.4362
[2025-09-02 22:41:32,540][__main__][INFO] - Step 400 | valid1 MSE : 0.3378 | valid1 NMSE : 0.4047
[2025-09-02 22:42:46,190][__main__][INFO] - Step 500 | valid1 MSE : 0.3159 | valid1 NMSE : 0.3821
[2025-09-02 22:44:01,056][__main__][INFO] - Step 600 | valid1 MSE : 0.2999 | valid1 NMSE : 0.3656
[2025-09-02 22:45:14,802][__main__][INFO] - Step 700 | valid1 MSE : 0.2878 | valid1 NMSE : 0.3531
[2025-09-02 22:46:28,246][__main__][INFO] - Step 800 | valid1 MSE : 0.2788 | valid1 NMSE : 0.3437
[2025-09-02 22:47:42,013][__main__][INFO] - Step 900 | valid1 MSE : 0.2720 | valid1 NMSE : 0.3366
[2025-09-02 22:48:57,638][__main__][INFO] - Step 1000 | valid1 MSE : 0.2665 | valid1 NMSE : 0.3310
[2025-09-02 22:50:12,084][__main__][INFO] - Step 1100 | valid1 MSE : 0.2621 | valid1 NMSE : 0.3262
[2025-09-02 22:51:26,981][__main__][INFO] - Step 1200 | valid1 MSE : 0.2586 | valid1 NMSE : 0.3226
[2025-09-02 22:52:40,620][__main__][INFO] - Step 1300 | valid1 MSE : 0.2557 | valid1 NMSE : 0.3195
[2025-09-02 22:53:54,113][__main__][INFO] - Step 1400 | valid1 MSE : 0.2535 | valid1 NMSE : 0.3171
[2025-09-02 22:55:07,860][__main__][INFO] - Step 1500 | valid1 MSE : 0.2515 | valid1 NMSE : 0.3149
[2025-09-02 22:56:25,826][__main__][INFO] - Step 1600 | valid1 MSE : 0.2497 | valid1 NMSE : 0.3132
[2025-09-02 22:57:42,001][__main__][INFO] - Step 1700 | valid1 MSE : 0.2484 | valid1 NMSE : 0.3117
[2025-09-02 22:58:59,209][__main__][INFO] - Step 1800 | valid1 MSE : 0.2471 | valid1 NMSE : 0.3104
[2025-09-02 23:00:14,558][__main__][INFO] - Step 1900 | valid1 MSE : 0.2459 | valid1 NMSE : 0.3091
[2025-09-02 23:01:30,944][__main__][INFO] - Step 2000 | valid1 MSE : 0.2447 | valid1 NMSE : 0.3077
[2025-09-02 23:02:47,041][__main__][INFO] - Step 2100 | valid1 MSE : 0.2439 | valid1 NMSE : 0.3068
[2025-09-02 23:04:00,929][__main__][INFO] - Step 2200 | valid1 MSE : 0.2430 | valid1 NMSE : 0.3059
[2025-09-02 23:05:15,520][__main__][INFO] - Step 2300 | valid1 MSE : 0.2424 | valid1 NMSE : 0.3052
[2025-09-02 23:06:30,396][__main__][INFO] - Step 2400 | valid1 MSE : 0.2418 | valid1 NMSE : 0.3045
[2025-09-02 23:07:43,886][__main__][INFO] - Step 2500 | valid1 MSE : 0.2410 | valid1 NMSE : 0.3037
[2025-09-02 23:08:57,417][__main__][INFO] - Step 2600 | valid1 MSE : 0.2406 | valid1 NMSE : 0.3032
[2025-09-02 23:10:11,642][__main__][INFO] - Step 2700 | valid1 MSE : 0.2399 | valid1 NMSE : 0.3025
[2025-09-02 23:11:25,110][__main__][INFO] - Step 2800 | valid1 MSE : 0.2396 | valid1 NMSE : 0.3020
[2025-09-02 23:12:39,743][__main__][INFO] - Step 2900 | valid1 MSE : 0.2391 | valid1 NMSE : 0.3016
[2025-09-02 23:13:54,906][__main__][INFO] - Step 3000 | valid1 MSE : 0.2387 | valid1 NMSE : 0.3012
[2025-09-02 23:15:08,946][__main__][INFO] - Step 3100 | valid1 MSE : 0.2384 | valid1 NMSE : 0.3008
[2025-09-02 23:16:22,609][__main__][INFO] - Step 3200 | valid1 MSE : 0.2381 | valid1 NMSE : 0.3004
[2025-09-02 23:17:35,674][__main__][INFO] - Step 3300 | valid1 MSE : 0.2376 | valid1 NMSE : 0.2999
[2025-09-02 23:18:49,220][__main__][INFO] - Step 3400 | valid1 MSE : 0.2371 | valid1 NMSE : 0.2994
[2025-09-02 23:20:05,695][__main__][INFO] - Step 3500 | valid1 MSE : 0.2370 | valid1 NMSE : 0.2993
[2025-09-02 23:21:23,843][__main__][INFO] - Step 3600 | valid1 MSE : 0.2367 | valid1 NMSE : 0.2990
[2025-09-02 23:22:39,800][__main__][INFO] - Step 3700 | valid1 MSE : 0.2364 | valid1 NMSE : 0.2986
[2025-09-02 23:23:55,277][__main__][INFO] - Step 3800 | valid1 MSE : 0.2360 | valid1 NMSE : 0.2982
[2025-09-02 23:25:10,312][__main__][INFO] - Step 3900 | valid1 MSE : 0.2358 | valid1 NMSE : 0.2980
[2025-09-02 23:26:26,363][__main__][INFO] - Step 4000 | valid1 MSE : 0.2357 | valid1 NMSE : 0.2977
[2025-09-02 23:27:41,269][__main__][INFO] - Step 4100 | valid1 MSE : 0.2353 | valid1 NMSE : 0.2974
[2025-09-02 23:28:57,028][__main__][INFO] - Step 4200 | valid1 MSE : 0.2354 | valid1 NMSE : 0.2976
[2025-09-02 23:30:10,901][__main__][INFO] - Step 4300 | valid1 MSE : 0.2353 | valid1 NMSE : 0.2973
[2025-09-02 23:31:24,346][__main__][INFO] - Step 4400 | valid1 MSE : 0.2347 | valid1 NMSE : 0.2968
[2025-09-02 23:32:37,350][__main__][INFO] - Step 4500 | valid1 MSE : 0.2346 | valid1 NMSE : 0.2967
[2025-09-02 23:33:51,111][__main__][INFO] - Step 4600 | valid1 MSE : 0.2345 | valid1 NMSE : 0.2965
[2025-09-02 23:35:06,322][__main__][INFO] - Step 4700 | valid1 MSE : 0.2340 | valid1 NMSE : 0.2960
[2025-09-02 23:36:20,165][__main__][INFO] - Step 4800 | valid1 MSE : 0.2340 | valid1 NMSE : 0.2960
[2025-09-02 23:37:34,073][__main__][INFO] - Step 4900 | valid1 MSE : 0.2337 | valid1 NMSE : 0.2956
[2025-09-02 23:38:47,903][__main__][INFO] - Step 5000 | valid1 MSE : 0.2338 | valid1 NMSE : 0.2958
[2025-09-02 23:40:01,246][__main__][INFO] - Step 5100 | valid1 MSE : 0.2335 | valid1 NMSE : 0.2954
[2025-09-02 23:41:15,296][__main__][INFO] - Step 5200 | valid1 MSE : 0.2331 | valid1 NMSE : 0.2950
[2025-09-02 23:42:30,391][__main__][INFO] - Step 5300 | valid1 MSE : 0.2330 | valid1 NMSE : 0.2949
[2025-09-02 23:43:44,932][__main__][INFO] - Step 5400 | valid1 MSE : 0.2331 | valid1 NMSE : 0.2950
[2025-09-02 23:45:02,111][__main__][INFO] - Step 5500 | valid1 MSE : 0.2331 | valid1 NMSE : 0.2950
[2025-09-02 23:46:17,681][__main__][INFO] - Step 5600 | valid1 MSE : 0.2327 | valid1 NMSE : 0.2945
[2025-09-02 23:47:32,618][__main__][INFO] - Step 5700 | valid1 MSE : 0.2326 | valid1 NMSE : 0.2944
[2025-09-02 23:48:48,650][__main__][INFO] - Step 5800 | valid1 MSE : 0.2326 | valid1 NMSE : 0.2943
[2025-09-02 23:50:05,900][__main__][INFO] - Step 5900 | valid1 MSE : 0.2323 | valid1 NMSE : 0.2941
[2025-09-02 23:51:20,780][__main__][INFO] - Step 6000 | valid1 MSE : 0.2323 | valid1 NMSE : 0.2940
[2025-09-02 23:51:20,781][__main__][INFO] - Training done in 76.056 min
[2025-09-02 23:51:20,781][__main__][INFO] - Average time per step: 0.761 s
[2025-09-02 23:51:20,815][__main__][INFO] - End of training
[2025-09-02 23:51:21,786][__main__][INFO] - Plotted losses
[2025-09-02 23:51:21,786][__main__][INFO] - Computing test metrics
[2025-09-02 23:51:32,640][__main__][INFO] - Evaluation done in 0.181 min
[2025-09-02 23:51:48,000][__main__][INFO] - Evaluation done in 0.074 min
[2025-09-02 23:51:54,082][__main__][INFO] - Saved plots
[2025-09-02 23:51:54,082][__main__][INFO] - Final modulations: {'beta': np.float32(-0.006640486), 'alpha': np.float32(1.0374793)}
[2025-09-02 23:51:54,082][__main__][INFO] - End of script

==Table of ../outputs/bench_sets/traffic/168_24/==
+-----------------+-----------------+
|                 | revin           |
+=================+=================+
| Test MSE * 1e-7 | 0.0000 ± 0.0000 |
+-----------------+-----------------+
| Test NMSE       | 0.3116 ± 0.0038 |
+-----------------+-----------------+
==Table of ../outputs/bench_sets/traffic/168_24/==
+-----------------+-----------------+
|                 | revin           |
+=================+=================+
| Test MSE * 1e-7 | 0.0000 ± 0.0000 |
+-----------------+-----------------+
| Test NMSE       | 0.3009 ± 0.0088 |
+-----------------+-----------------+
[2025-09-02 23:52:31,542][__main__][INFO] - =====Running data script=====
[2025-09-02 23:52:32,690][__main__][INFO] - Found constant windows!
[2025-09-02 23:52:55,484][__main__][INFO] - End of script

[2025-09-02 23:53:00,923][__main__][INFO] - =====Running train script=====
[2025-09-02 23:53:01,295][__main__][INFO] - Fetched main configs, save directory : ../outputs/bench_sets/traffic/720_168/seed_1/revin/
[2025-09-02 23:53:01,295][__main__][INFO] - Model PatchTST, normalization revin, criterion NMSE, kwargs {'latent': False}
[2025-09-02 23:53:01,551][__main__][INFO] - Fetched dataloaders
[2025-09-02 23:53:01,551][__main__][INFO] - Batches: 3 * (X=[256, 1, 720],  y=[256, 1, 168])
[2025-09-02 23:53:03,760][__main__][INFO] - batch_size=256, learning_rate=1e-05, steps per epoch=3, epochs=2000
[2025-09-02 23:53:03,760][__main__][INFO] - Starting training...
[2025-09-02 23:53:03,760][__main__][INFO] - Using device: cuda
[2025-09-02 23:53:03,760][__main__][INFO] - Training 2000 epochs of 3 batches (6000 steps): , eval_freq: 100, print_freq: 100
[2025-09-02 23:53:20,233][__main__][INFO] - =====Running data script=====
[2025-09-02 23:53:21,488][__main__][INFO] - Found constant windows!
[2025-09-02 23:53:44,111][__main__][INFO] - End of script

[2025-09-02 23:53:48,998][__main__][INFO] - =====Running train script=====
[2025-09-02 23:53:49,356][__main__][INFO] - Fetched main configs, save directory : ../outputs/bench_sets/traffic/720_168/seed_2/revin/
[2025-09-02 23:53:49,356][__main__][INFO] - Model PatchTST, normalization revin, criterion NMSE, kwargs {'latent': False}
[2025-09-02 23:53:49,613][__main__][INFO] - Fetched dataloaders
[2025-09-02 23:53:49,614][__main__][INFO] - Batches: 3 * (X=[256, 1, 720],  y=[256, 1, 168])
[2025-09-02 23:53:51,442][__main__][INFO] - batch_size=256, learning_rate=1e-05, steps per epoch=3, epochs=2000
[2025-09-02 23:53:51,442][__main__][INFO] - Starting training...
[2025-09-02 23:53:51,442][__main__][INFO] - Using device: cuda
[2025-09-02 23:53:51,442][__main__][INFO] - Training 2000 epochs of 3 batches (6000 steps): , eval_freq: 100, print_freq: 100
[2025-09-02 23:54:08,157][__main__][INFO] - =====Running data script=====
[2025-09-02 23:54:09,371][__main__][INFO] - Found constant windows!
[2025-09-02 23:54:32,062][__main__][INFO] - End of script

[2025-09-02 23:54:37,090][__main__][INFO] - =====Running train script=====
[2025-09-02 23:54:37,443][__main__][INFO] - Fetched main configs, save directory : ../outputs/bench_sets/traffic/720_168/seed_3/revin/
[2025-09-02 23:54:37,443][__main__][INFO] - Model PatchTST, normalization revin, criterion NMSE, kwargs {'latent': False}
[2025-09-02 23:54:37,699][__main__][INFO] - Fetched dataloaders
[2025-09-02 23:54:37,699][__main__][INFO] - Batches: 3 * (X=[256, 1, 720],  y=[256, 1, 168])
[2025-09-02 23:54:39,819][__main__][INFO] - batch_size=256, learning_rate=1e-05, steps per epoch=3, epochs=2000
[2025-09-02 23:54:39,819][__main__][INFO] - Starting training...
[2025-09-02 23:54:39,819][__main__][INFO] - Using device: cuda
[2025-09-02 23:54:39,819][__main__][INFO] - Training 2000 epochs of 3 batches (6000 steps): , eval_freq: 100, print_freq: 100
[2025-09-02 23:54:55,792][__main__][INFO] - =====Running data script=====
[2025-09-02 23:54:56,988][__main__][INFO] - Found constant windows!
[2025-09-02 23:55:19,696][__main__][INFO] - End of script

[2025-09-02 23:55:25,507][__main__][INFO] - =====Running train script=====
[2025-09-02 23:55:25,908][__main__][INFO] - Fetched main configs, save directory : ../outputs/bench_sets/traffic/720_168/seed_4/revin/
[2025-09-02 23:55:25,908][__main__][INFO] - Model PatchTST, normalization revin, criterion NMSE, kwargs {'latent': False}
[2025-09-02 23:55:26,161][__main__][INFO] - Fetched dataloaders
[2025-09-02 23:55:26,161][__main__][INFO] - Batches: 3 * (X=[256, 1, 720],  y=[256, 1, 168])
[2025-09-02 23:55:28,125][__main__][INFO] - batch_size=256, learning_rate=1e-05, steps per epoch=3, epochs=2000
[2025-09-02 23:55:28,125][__main__][INFO] - Starting training...
[2025-09-02 23:55:28,125][__main__][INFO] - Using device: cuda
[2025-09-02 23:55:28,125][__main__][INFO] - Training 2000 epochs of 3 batches (6000 steps): , eval_freq: 100, print_freq: 100
[2025-09-02 23:55:44,598][__main__][INFO] - =====Running data script=====
[2025-09-02 23:55:45,758][__main__][INFO] - Found constant windows!
[2025-09-02 23:56:08,495][__main__][INFO] - End of script

[2025-09-02 23:56:13,359][__main__][INFO] - =====Running train script=====
[2025-09-02 23:56:13,706][__main__][INFO] - Fetched main configs, save directory : ../outputs/bench_sets/traffic/720_168/seed_5/revin/
[2025-09-02 23:56:13,706][__main__][INFO] - Model PatchTST, normalization revin, criterion NMSE, kwargs {'latent': False}
[2025-09-02 23:56:13,959][__main__][INFO] - Fetched dataloaders
[2025-09-02 23:56:13,959][__main__][INFO] - Batches: 3 * (X=[256, 1, 720],  y=[256, 1, 168])
[2025-09-02 23:56:16,141][__main__][INFO] - batch_size=256, learning_rate=1e-05, steps per epoch=3, epochs=2000
[2025-09-02 23:56:16,141][__main__][INFO] - Starting training...
[2025-09-02 23:56:16,141][__main__][INFO] - Using device: cuda
[2025-09-02 23:56:16,141][__main__][INFO] - Training 2000 epochs of 3 batches (6000 steps): , eval_freq: 100, print_freq: 100
[2025-09-02 23:56:52,484][__main__][INFO] - =====Running data script=====
[2025-09-02 23:57:03,733][__main__][INFO] - End of script

[2025-09-02 23:57:08,526][__main__][INFO] - =====Running train script=====
[2025-09-02 23:57:08,877][__main__][INFO] - Fetched main configs, save directory : ../outputs/bench_sets/solar/336_24/seed_1/revin/
[2025-09-02 23:57:08,877][__main__][INFO] - Model PatchTST, normalization revin, criterion NMSE, kwargs {'latent': False}
[2025-09-02 23:57:09,084][__main__][INFO] - Fetched dataloaders
[2025-09-02 23:57:09,084][__main__][INFO] - Batches: 1 * (X=[95, 1, 336],  y=[95, 1, 24])
[2025-09-02 23:57:10,876][__main__][INFO] - batch_size=256, learning_rate=1e-05, steps per epoch=1, epochs=2000
[2025-09-02 23:57:10,876][__main__][INFO] - Starting training...
[2025-09-02 23:57:10,877][__main__][INFO] - Using device: cuda
[2025-09-02 23:57:10,877][__main__][INFO] - Training 2000 epochs of 1 batches (2000 steps): , eval_freq: 100, print_freq: 100
[2025-09-02 23:58:05,902][__main__][INFO] - Step 1 | valid1 MSE : 0.8556 | valid1 NMSE : 1.1717
[2025-09-02 23:59:01,439][__main__][INFO] - Step 100 | valid1 MSE : 0.1874 | valid1 NMSE : 0.2886
[2025-09-02 23:59:56,938][__main__][INFO] - Step 200 | valid1 MSE : 0.1607 | valid1 NMSE : 0.2463
[2025-09-03 00:00:52,317][__main__][INFO] - Step 300 | valid1 MSE : 0.1465 | valid1 NMSE : 0.2254
[2025-09-03 00:01:47,471][__main__][INFO] - Step 400 | valid1 MSE : 0.1349 | valid1 NMSE : 0.2072
[2025-09-03 00:02:42,821][__main__][INFO] - Step 500 | valid1 MSE : 0.1272 | valid1 NMSE : 0.1940
[2025-09-03 00:03:37,697][__main__][INFO] - Step 600 | valid1 MSE : 0.1222 | valid1 NMSE : 0.1853
[2025-09-03 00:04:32,514][__main__][INFO] - Step 700 | valid1 MSE : 0.1186 | valid1 NMSE : 0.1786
[2025-09-03 00:05:27,464][__main__][INFO] - Step 800 | valid1 MSE : 0.1160 | valid1 NMSE : 0.1747
[2025-09-03 00:06:22,178][__main__][INFO] - Step 900 | valid1 MSE : 0.1152 | valid1 NMSE : 0.1717
[2025-09-03 00:07:16,542][__main__][INFO] - Step 1000 | valid1 MSE : 0.1129 | valid1 NMSE : 0.1681
[2025-09-03 00:08:12,284][__main__][INFO] - Step 1100 | valid1 MSE : 0.1118 | valid1 NMSE : 0.1663
[2025-09-03 00:09:08,613][__main__][INFO] - Step 1200 | valid1 MSE : 0.1112 | valid1 NMSE : 0.1663
[2025-09-03 00:10:05,612][__main__][INFO] - Step 1300 | valid1 MSE : 0.1092 | valid1 NMSE : 0.1631
[2025-09-03 00:11:02,428][__main__][INFO] - Step 1400 | valid1 MSE : 0.1085 | valid1 NMSE : 0.1621
[2025-09-03 00:11:59,325][__main__][INFO] - Step 1500 | valid1 MSE : 0.1084 | valid1 NMSE : 0.1611
[2025-09-03 00:12:55,961][__main__][INFO] - Step 1600 | valid1 MSE : 0.1078 | valid1 NMSE : 0.1606
[2025-09-03 00:13:52,671][__main__][INFO] - Step 1700 | valid1 MSE : 0.1080 | valid1 NMSE : 0.1606
[2025-09-03 00:14:49,393][__main__][INFO] - Step 1800 | valid1 MSE : 0.1077 | valid1 NMSE : 0.1601
[2025-09-03 00:15:44,651][__main__][INFO] - Step 1900 | valid1 MSE : 0.1070 | valid1 NMSE : 0.1589
[2025-09-03 00:16:39,859][__main__][INFO] - Step 2000 | valid1 MSE : 0.1063 | valid1 NMSE : 0.1580
[2025-09-03 00:16:39,860][__main__][INFO] - Training done in 19.483 min
[2025-09-03 00:16:39,860][__main__][INFO] - Average time per step: 0.584 s
[2025-09-03 00:16:39,916][__main__][INFO] - End of training
[2025-09-03 00:16:40,796][__main__][INFO] - Plotted losses
[2025-09-03 00:16:40,796][__main__][INFO] - Computing test metrics
[2025-09-03 00:16:52,167][__main__][INFO] - Evaluation done in 0.190 min
[2025-09-03 00:17:02,291][__main__][INFO] - Evaluation done in 0.082 min
[2025-09-03 00:17:05,888][__main__][INFO] - Saved plots
[2025-09-03 00:17:05,888][__main__][INFO] - Final modulations: {'beta': np.float32(-0.0011548407), 'alpha': np.float32(1.0095106)}
[2025-09-03 00:17:05,888][__main__][INFO] - End of script

[2025-09-03 00:17:23,715][__main__][INFO] - =====Running data script=====
[2025-09-03 00:17:34,331][__main__][INFO] - End of script

[2025-09-03 00:17:39,587][__main__][INFO] - =====Running train script=====
[2025-09-03 00:17:39,999][__main__][INFO] - Fetched main configs, save directory : ../outputs/bench_sets/solar/336_24/seed_2/revin/
[2025-09-03 00:17:39,999][__main__][INFO] - Model PatchTST, normalization revin, criterion NMSE, kwargs {'latent': False}
[2025-09-03 00:17:40,211][__main__][INFO] - Fetched dataloaders
[2025-09-03 00:17:40,211][__main__][INFO] - Batches: 1 * (X=[95, 1, 336],  y=[95, 1, 24])
[2025-09-03 00:17:42,688][__main__][INFO] - batch_size=256, learning_rate=1e-05, steps per epoch=1, epochs=2000
[2025-09-03 00:17:42,688][__main__][INFO] - Starting training...
[2025-09-03 00:17:42,688][__main__][INFO] - Using device: cuda
[2025-09-03 00:17:42,688][__main__][INFO] - Training 2000 epochs of 1 batches (2000 steps): , eval_freq: 100, print_freq: 100
[2025-09-03 00:18:37,869][__main__][INFO] - Step 1 | valid1 MSE : 1.0327 | valid1 NMSE : 1.4221
[2025-09-03 00:19:33,598][__main__][INFO] - Step 100 | valid1 MSE : 0.2015 | valid1 NMSE : 0.3083
[2025-09-03 00:20:29,236][__main__][INFO] - Step 200 | valid1 MSE : 0.1680 | valid1 NMSE : 0.2564
[2025-09-03 00:21:24,570][__main__][INFO] - Step 300 | valid1 MSE : 0.1547 | valid1 NMSE : 0.2332
[2025-09-03 00:22:20,024][__main__][INFO] - Step 400 | valid1 MSE : 0.1415 | valid1 NMSE : 0.2131
[2025-09-03 00:23:15,384][__main__][INFO] - Step 500 | valid1 MSE : 0.1310 | valid1 NMSE : 0.1977
[2025-09-03 00:24:10,592][__main__][INFO] - Step 600 | valid1 MSE : 0.1251 | valid1 NMSE : 0.1878
[2025-09-03 00:25:05,837][__main__][INFO] - Step 700 | valid1 MSE : 0.1204 | valid1 NMSE : 0.1803
[2025-09-03 00:26:01,152][__main__][INFO] - Step 800 | valid1 MSE : 0.1176 | valid1 NMSE : 0.1752
[2025-09-03 00:26:56,333][__main__][INFO] - Step 900 | valid1 MSE : 0.1156 | valid1 NMSE : 0.1721
[2025-09-03 00:27:51,337][__main__][INFO] - Step 1000 | valid1 MSE : 0.1143 | valid1 NMSE : 0.1693
[2025-09-03 00:28:46,498][__main__][INFO] - Step 1100 | valid1 MSE : 0.1127 | valid1 NMSE : 0.1675
[2025-09-03 00:29:41,683][__main__][INFO] - Step 1200 | valid1 MSE : 0.1123 | valid1 NMSE : 0.1663
[2025-09-03 00:30:37,370][__main__][INFO] - Step 1300 | valid1 MSE : 0.1107 | valid1 NMSE : 0.1641
[2025-09-03 00:31:32,858][__main__][INFO] - Step 1400 | valid1 MSE : 0.1099 | valid1 NMSE : 0.1621
[2025-09-03 00:32:29,695][__main__][INFO] - Step 1500 | valid1 MSE : 0.1096 | valid1 NMSE : 0.1606
[2025-09-03 00:33:26,405][__main__][INFO] - Step 1600 | valid1 MSE : 0.1090 | valid1 NMSE : 0.1597
[2025-09-03 00:34:23,070][__main__][INFO] - Step 1700 | valid1 MSE : 0.1086 | valid1 NMSE : 0.1592
[2025-09-03 00:35:19,692][__main__][INFO] - Step 1800 | valid1 MSE : 0.1094 | valid1 NMSE : 0.1610
[2025-09-03 00:36:16,180][__main__][INFO] - Step 1900 | valid1 MSE : 0.1073 | valid1 NMSE : 0.1578
[2025-09-03 00:37:12,635][__main__][INFO] - Step 2000 | valid1 MSE : 0.1078 | valid1 NMSE : 0.1589
[2025-09-03 00:37:12,636][__main__][INFO] - Training done in 19.499 min
[2025-09-03 00:37:12,636][__main__][INFO] - Average time per step: 0.585 s
[2025-09-03 00:37:12,675][__main__][INFO] - End of training
[2025-09-03 00:37:13,630][__main__][INFO] - Plotted losses
[2025-09-03 00:37:13,630][__main__][INFO] - Computing test metrics
[2025-09-03 00:37:25,285][__main__][INFO] - Evaluation done in 0.194 min
[2025-09-03 00:37:35,627][__main__][INFO] - Evaluation done in 0.085 min
[2025-09-03 00:37:38,651][__main__][INFO] - Saved plots
[2025-09-03 00:37:38,651][__main__][INFO] - Final modulations: {'beta': np.float32(-0.0016973218), 'alpha': np.float32(1.0098149)}
[2025-09-03 00:37:38,652][__main__][INFO] - End of script

[2025-09-03 00:37:57,303][__main__][INFO] - =====Running data script=====
[2025-09-03 00:38:08,592][__main__][INFO] - End of script

[2025-09-03 00:38:14,373][__main__][INFO] - =====Running train script=====
[2025-09-03 00:38:14,730][__main__][INFO] - Fetched main configs, save directory : ../outputs/bench_sets/solar/336_24/seed_3/revin/
[2025-09-03 00:38:14,730][__main__][INFO] - Model PatchTST, normalization revin, criterion NMSE, kwargs {'latent': False}
[2025-09-03 00:38:14,950][__main__][INFO] - Fetched dataloaders
[2025-09-03 00:38:14,950][__main__][INFO] - Batches: 1 * (X=[95, 1, 336],  y=[95, 1, 24])
[2025-09-03 00:38:17,374][__main__][INFO] - batch_size=256, learning_rate=1e-05, steps per epoch=1, epochs=2000
[2025-09-03 00:38:17,374][__main__][INFO] - Starting training...
[2025-09-03 00:38:17,374][__main__][INFO] - Using device: cuda
[2025-09-03 00:38:17,374][__main__][INFO] - Training 2000 epochs of 1 batches (2000 steps): , eval_freq: 100, print_freq: 100
[2025-09-03 00:39:13,020][__main__][INFO] - Step 1 | valid1 MSE : 0.9706 | valid1 NMSE : 1.3366
[2025-09-03 00:40:09,411][__main__][INFO] - Step 100 | valid1 MSE : 0.2077 | valid1 NMSE : 0.3168
[2025-09-03 00:41:05,131][__main__][INFO] - Step 200 | valid1 MSE : 0.1701 | valid1 NMSE : 0.2574
[2025-09-03 00:42:00,488][__main__][INFO] - Step 300 | valid1 MSE : 0.1532 | valid1 NMSE : 0.2318
[2025-09-03 00:42:55,921][__main__][INFO] - Step 400 | valid1 MSE : 0.1402 | valid1 NMSE : 0.2118
[2025-09-03 00:43:51,318][__main__][INFO] - Step 500 | valid1 MSE : 0.1304 | valid1 NMSE : 0.1956
[2025-09-03 00:44:46,522][__main__][INFO] - Step 600 | valid1 MSE : 0.1245 | valid1 NMSE : 0.1866
[2025-09-03 00:45:41,592][__main__][INFO] - Step 700 | valid1 MSE : 0.1202 | valid1 NMSE : 0.1803
[2025-09-03 00:46:36,862][__main__][INFO] - Step 800 | valid1 MSE : 0.1190 | valid1 NMSE : 0.1765
[2025-09-03 00:47:31,910][__main__][INFO] - Step 900 | valid1 MSE : 0.1165 | valid1 NMSE : 0.1735
[2025-09-03 00:48:26,870][__main__][INFO] - Step 1000 | valid1 MSE : 0.1141 | valid1 NMSE : 0.1698
[2025-09-03 00:49:21,925][__main__][INFO] - Step 1100 | valid1 MSE : 0.1128 | valid1 NMSE : 0.1686
[2025-09-03 00:50:16,866][__main__][INFO] - Step 1200 | valid1 MSE : 0.1120 | valid1 NMSE : 0.1669
[2025-09-03 00:51:12,540][__main__][INFO] - Step 1300 | valid1 MSE : 0.1119 | valid1 NMSE : 0.1664
[2025-09-03 00:52:07,972][__main__][INFO] - Step 1400 | valid1 MSE : 0.1118 | valid1 NMSE : 0.1665
[2025-09-03 00:53:03,383][__main__][INFO] - Step 1500 | valid1 MSE : 0.1104 | valid1 NMSE : 0.1640
[2025-09-03 00:53:58,834][__main__][INFO] - Step 1600 | valid1 MSE : 0.1096 | valid1 NMSE : 0.1636
[2025-09-03 00:54:54,191][__main__][INFO] - Step 1700 | valid1 MSE : 0.1087 | valid1 NMSE : 0.1622
[2025-09-03 00:55:49,458][__main__][INFO] - Step 1800 | valid1 MSE : 0.1085 | valid1 NMSE : 0.1615
[2025-09-03 00:56:46,330][__main__][INFO] - Step 1900 | valid1 MSE : 0.1082 | valid1 NMSE : 0.1606
[2025-09-03 00:57:42,828][__main__][INFO] - Step 2000 | valid1 MSE : 0.1078 | valid1 NMSE : 0.1599
[2025-09-03 00:57:42,829][__main__][INFO] - Training done in 19.424 min
[2025-09-03 00:57:42,829][__main__][INFO] - Average time per step: 0.583 s
[2025-09-03 00:57:42,874][__main__][INFO] - End of training
[2025-09-03 00:57:43,820][__main__][INFO] - Plotted losses
[2025-09-03 00:57:43,820][__main__][INFO] - Computing test metrics
[2025-09-03 00:57:55,439][__main__][INFO] - Evaluation done in 0.194 min
[2025-09-03 00:58:05,763][__main__][INFO] - Evaluation done in 0.085 min
[2025-09-03 00:58:08,892][__main__][INFO] - Saved plots
[2025-09-03 00:58:08,892][__main__][INFO] - Final modulations: {'beta': np.float32(-0.0014521728), 'alpha': np.float32(1.0093993)}
[2025-09-03 00:58:08,892][__main__][INFO] - End of script

[2025-09-03 00:58:27,979][__main__][INFO] - =====Running data script=====
[2025-09-03 00:58:39,344][__main__][INFO] - End of script

[2025-09-03 00:58:44,901][__main__][INFO] - =====Running train script=====
[2025-09-03 00:58:45,288][__main__][INFO] - Fetched main configs, save directory : ../outputs/bench_sets/solar/336_24/seed_4/revin/
[2025-09-03 00:58:45,288][__main__][INFO] - Model PatchTST, normalization revin, criterion NMSE, kwargs {'latent': False}
[2025-09-03 00:58:45,507][__main__][INFO] - Fetched dataloaders
[2025-09-03 00:58:45,507][__main__][INFO] - Batches: 1 * (X=[95, 1, 336],  y=[95, 1, 24])
[2025-09-03 00:58:47,941][__main__][INFO] - batch_size=256, learning_rate=1e-05, steps per epoch=1, epochs=2000
[2025-09-03 00:58:47,941][__main__][INFO] - Starting training...
[2025-09-03 00:58:47,941][__main__][INFO] - Using device: cuda
[2025-09-03 00:58:47,941][__main__][INFO] - Training 2000 epochs of 1 batches (2000 steps): , eval_freq: 100, print_freq: 100
[2025-09-03 00:59:44,787][__main__][INFO] - Step 1 | valid1 MSE : 1.0847 | valid1 NMSE : 1.4680
[2025-09-03 01:00:41,945][__main__][INFO] - Step 100 | valid1 MSE : 0.2010 | valid1 NMSE : 0.3089
[2025-09-03 01:01:39,122][__main__][INFO] - Step 200 | valid1 MSE : 0.1658 | valid1 NMSE : 0.2539
[2025-09-03 01:02:35,746][__main__][INFO] - Step 300 | valid1 MSE : 0.1483 | valid1 NMSE : 0.2292
[2025-09-03 01:03:31,677][__main__][INFO] - Step 400 | valid1 MSE : 0.1373 | valid1 NMSE : 0.2118
[2025-09-03 01:04:27,153][__main__][INFO] - Step 500 | valid1 MSE : 0.1292 | valid1 NMSE : 0.1970
[2025-09-03 01:05:22,495][__main__][INFO] - Step 600 | valid1 MSE : 0.1227 | valid1 NMSE : 0.1875
[2025-09-03 01:06:17,719][__main__][INFO] - Step 700 | valid1 MSE : 0.1195 | valid1 NMSE : 0.1807
[2025-09-03 01:07:12,857][__main__][INFO] - Step 800 | valid1 MSE : 0.1169 | valid1 NMSE : 0.1749
[2025-09-03 01:08:07,876][__main__][INFO] - Step 900 | valid1 MSE : 0.1143 | valid1 NMSE : 0.1724
[2025-09-03 01:09:02,628][__main__][INFO] - Step 1000 | valid1 MSE : 0.1123 | valid1 NMSE : 0.1684
[2025-09-03 01:09:57,559][__main__][INFO] - Step 1100 | valid1 MSE : 0.1111 | valid1 NMSE : 0.1675
[2025-09-03 01:10:52,430][__main__][INFO] - Step 1200 | valid1 MSE : 0.1100 | valid1 NMSE : 0.1647
[2025-09-03 01:11:48,090][__main__][INFO] - Step 1300 | valid1 MSE : 0.1094 | valid1 NMSE : 0.1626
[2025-09-03 01:12:43,644][__main__][INFO] - Step 1400 | valid1 MSE : 0.1082 | valid1 NMSE : 0.1619
[2025-09-03 01:13:39,049][__main__][INFO] - Step 1500 | valid1 MSE : 0.1093 | valid1 NMSE : 0.1622
[2025-09-03 01:14:34,562][__main__][INFO] - Step 1600 | valid1 MSE : 0.1080 | valid1 NMSE : 0.1604
[2025-09-03 01:15:29,859][__main__][INFO] - Step 1700 | valid1 MSE : 0.1080 | valid1 NMSE : 0.1599
[2025-09-03 01:16:25,057][__main__][INFO] - Step 1800 | valid1 MSE : 0.1075 | valid1 NMSE : 0.1609
[2025-09-03 01:17:20,277][__main__][INFO] - Step 1900 | valid1 MSE : 0.1075 | valid1 NMSE : 0.1602
[2025-09-03 01:18:15,472][__main__][INFO] - Step 2000 | valid1 MSE : 0.1061 | valid1 NMSE : 0.1585
[2025-09-03 01:18:15,473][__main__][INFO] - Training done in 19.459 min
[2025-09-03 01:18:15,473][__main__][INFO] - Average time per step: 0.584 s
[2025-09-03 01:18:15,511][__main__][INFO] - End of training
[2025-09-03 01:18:16,383][__main__][INFO] - Plotted losses
[2025-09-03 01:18:16,383][__main__][INFO] - Computing test metrics
[2025-09-03 01:18:27,580][__main__][INFO] - Evaluation done in 0.187 min
[2025-09-03 01:18:37,732][__main__][INFO] - Evaluation done in 0.082 min
[2025-09-03 01:18:40,857][__main__][INFO] - Saved plots
[2025-09-03 01:18:40,858][__main__][INFO] - Final modulations: {'beta': np.float32(-0.0011310031), 'alpha': np.float32(1.0092299)}
[2025-09-03 01:18:40,858][__main__][INFO] - End of script

[2025-09-03 01:18:57,746][__main__][INFO] - =====Running data script=====
[2025-09-03 01:19:08,260][__main__][INFO] - End of script

[2025-09-03 01:19:13,324][__main__][INFO] - =====Running train script=====
[2025-09-03 01:19:13,671][__main__][INFO] - Fetched main configs, save directory : ../outputs/bench_sets/solar/336_24/seed_5/revin/
[2025-09-03 01:19:13,671][__main__][INFO] - Model PatchTST, normalization revin, criterion NMSE, kwargs {'latent': False}
[2025-09-03 01:19:13,880][__main__][INFO] - Fetched dataloaders
[2025-09-03 01:19:13,881][__main__][INFO] - Batches: 1 * (X=[95, 1, 336],  y=[95, 1, 24])
[2025-09-03 01:19:16,152][__main__][INFO] - batch_size=256, learning_rate=1e-05, steps per epoch=1, epochs=2000
[2025-09-03 01:19:16,152][__main__][INFO] - Starting training...
[2025-09-03 01:19:16,152][__main__][INFO] - Using device: cuda
[2025-09-03 01:19:16,152][__main__][INFO] - Training 2000 epochs of 1 batches (2000 steps): , eval_freq: 100, print_freq: 100
[2025-09-03 01:20:12,627][__main__][INFO] - Step 1 | valid1 MSE : 0.9011 | valid1 NMSE : 1.2158
[2025-09-03 01:21:09,918][__main__][INFO] - Step 100 | valid1 MSE : 0.1848 | valid1 NMSE : 0.2846
[2025-09-03 01:22:06,959][__main__][INFO] - Step 200 | valid1 MSE : 0.1579 | valid1 NMSE : 0.2424
[2025-09-03 01:23:03,695][__main__][INFO] - Step 300 | valid1 MSE : 0.1422 | valid1 NMSE : 0.2186
[2025-09-03 01:24:00,368][__main__][INFO] - Step 400 | valid1 MSE : 0.1323 | valid1 NMSE : 0.2025
[2025-09-03 01:24:57,057][__main__][INFO] - Step 500 | valid1 MSE : 0.1247 | valid1 NMSE : 0.1909
[2025-09-03 01:25:53,534][__main__][INFO] - Step 600 | valid1 MSE : 0.1205 | valid1 NMSE : 0.1822
[2025-09-03 01:26:49,496][__main__][INFO] - Step 700 | valid1 MSE : 0.1174 | valid1 NMSE : 0.1768
[2025-09-03 01:27:44,903][__main__][INFO] - Step 800 | valid1 MSE : 0.1134 | valid1 NMSE : 0.1723
[2025-09-03 01:28:40,029][__main__][INFO] - Step 900 | valid1 MSE : 0.1133 | valid1 NMSE : 0.1692
[2025-09-03 01:29:34,996][__main__][INFO] - Step 1000 | valid1 MSE : 0.1107 | valid1 NMSE : 0.1674
[2025-09-03 01:30:29,925][__main__][INFO] - Step 1100 | valid1 MSE : 0.1098 | valid1 NMSE : 0.1652
[2025-09-03 01:31:24,582][__main__][INFO] - Step 1200 | valid1 MSE : 0.1089 | valid1 NMSE : 0.1634
[2025-09-03 01:32:20,163][__main__][INFO] - Step 1300 | valid1 MSE : 0.1094 | valid1 NMSE : 0.1644
[2025-09-03 01:33:15,486][__main__][INFO] - Step 1400 | valid1 MSE : 0.1080 | valid1 NMSE : 0.1621
[2025-09-03 01:34:10,923][__main__][INFO] - Step 1500 | valid1 MSE : 0.1070 | valid1 NMSE : 0.1605
[2025-09-03 01:35:06,229][__main__][INFO] - Step 1600 | valid1 MSE : 0.1074 | valid1 NMSE : 0.1605
[2025-09-03 01:36:01,471][__main__][INFO] - Step 1700 | valid1 MSE : 0.1068 | valid1 NMSE : 0.1591
[2025-09-03 01:36:56,813][__main__][INFO] - Step 1800 | valid1 MSE : 0.1059 | valid1 NMSE : 0.1589
[2025-09-03 01:37:52,009][__main__][INFO] - Step 1900 | valid1 MSE : 0.1051 | valid1 NMSE : 0.1573
[2025-09-03 01:38:47,172][__main__][INFO] - Step 2000 | valid1 MSE : 0.1052 | valid1 NMSE : 0.1572
[2025-09-03 01:38:47,172][__main__][INFO] - Training done in 19.517 min
[2025-09-03 01:38:47,172][__main__][INFO] - Average time per step: 0.586 s
[2025-09-03 01:38:47,208][__main__][INFO] - End of training
[2025-09-03 01:38:48,050][__main__][INFO] - Plotted losses
[2025-09-03 01:38:48,050][__main__][INFO] - Computing test metrics
[2025-09-03 01:38:59,157][__main__][INFO] - Evaluation done in 0.185 min
[2025-09-03 01:39:09,304][__main__][INFO] - Evaluation done in 0.082 min
[2025-09-03 01:39:12,428][__main__][INFO] - Saved plots
[2025-09-03 01:39:12,428][__main__][INFO] - Final modulations: {'beta': np.float32(-0.0013742568), 'alpha': np.float32(1.009926)}
[2025-09-03 01:39:12,428][__main__][INFO] - End of script

==Table of ../outputs/bench_sets/solar/336_24/==
+-----------------+-----------------+
|                 | revin           |
+=================+=================+
| Test MSE * 1e-7 | 0.0000 ± 0.0000 |
+-----------------+-----------------+
| Test NMSE       | 0.4634 ± 0.0083 |
+-----------------+-----------------+
==Table of ../outputs/bench_sets/solar/336_24/==
+-----------------+-----------------+
|                 | revin           |
+=================+=================+
| Test MSE * 1e-7 | 0.0000 ± 0.0000 |
+-----------------+-----------------+
| Test NMSE       | 0.4711 ± 0.0176 |
+-----------------+-----------------+
[2025-09-03 01:39:50,546][__main__][INFO] - =====Running data script=====
[2025-09-03 01:40:01,295][__main__][INFO] - End of script

[2025-09-03 01:40:06,401][__main__][INFO] - =====Running train script=====
[2025-09-03 01:40:06,784][__main__][INFO] - Fetched main configs, save directory : ../outputs/bench_sets/solar/168_24/seed_1/revin/
[2025-09-03 01:40:06,784][__main__][INFO] - Model PatchTST, normalization revin, criterion NMSE, kwargs {'latent': False}
[2025-09-03 01:40:06,997][__main__][INFO] - Fetched dataloaders
[2025-09-03 01:40:06,997][__main__][INFO] - Batches: 1 * (X=[95, 1, 168],  y=[95, 1, 24])
[2025-09-03 01:40:09,427][__main__][INFO] - batch_size=256, learning_rate=1e-05, steps per epoch=1, epochs=2000
[2025-09-03 01:40:09,427][__main__][INFO] - Starting training...
[2025-09-03 01:40:09,427][__main__][INFO] - Using device: cuda
[2025-09-03 01:40:09,427][__main__][INFO] - Training 2000 epochs of 1 batches (2000 steps): , eval_freq: 100, print_freq: 100
[2025-09-03 01:40:52,671][__main__][INFO] - Step 1 | valid1 MSE : 0.8867 | valid1 NMSE : 1.3263
[2025-09-03 01:41:36,263][__main__][INFO] - Step 100 | valid1 MSE : 0.2541 | valid1 NMSE : 0.4544
[2025-09-03 01:42:19,463][__main__][INFO] - Step 200 | valid1 MSE : 0.1743 | valid1 NMSE : 0.3254
[2025-09-03 01:43:02,158][__main__][INFO] - Step 300 | valid1 MSE : 0.1553 | valid1 NMSE : 0.2880
[2025-09-03 01:43:46,131][__main__][INFO] - Step 400 | valid1 MSE : 0.1456 | valid1 NMSE : 0.2692
[2025-09-03 01:44:30,193][__main__][INFO] - Step 500 | valid1 MSE : 0.1421 | valid1 NMSE : 0.2575
[2025-09-03 01:45:14,009][__main__][INFO] - Step 600 | valid1 MSE : 0.1381 | valid1 NMSE : 0.2488
[2025-09-03 01:45:58,493][__main__][INFO] - Step 700 | valid1 MSE : 0.1341 | valid1 NMSE : 0.2416
[2025-09-03 01:46:42,910][__main__][INFO] - Step 800 | valid1 MSE : 0.1316 | valid1 NMSE : 0.2367
[2025-09-03 01:47:27,084][__main__][INFO] - Step 900 | valid1 MSE : 0.1284 | valid1 NMSE : 0.2321
[2025-09-03 01:48:11,203][__main__][INFO] - Step 1000 | valid1 MSE : 0.1270 | valid1 NMSE : 0.2288
[2025-09-03 01:48:55,279][__main__][INFO] - Step 1100 | valid1 MSE : 0.1258 | valid1 NMSE : 0.2275
[2025-09-03 01:49:39,288][__main__][INFO] - Step 1200 | valid1 MSE : 0.1241 | valid1 NMSE : 0.2240
[2025-09-03 01:50:24,218][__main__][INFO] - Step 1300 | valid1 MSE : 0.1237 | valid1 NMSE : 0.2218
[2025-09-03 01:51:07,939][__main__][INFO] - Step 1400 | valid1 MSE : 0.1243 | valid1 NMSE : 0.2216
[2025-09-03 01:51:51,507][__main__][INFO] - Step 1500 | valid1 MSE : 0.1230 | valid1 NMSE : 0.2206
[2025-09-03 01:52:34,755][__main__][INFO] - Step 1600 | valid1 MSE : 0.1207 | valid1 NMSE : 0.2193
[2025-09-03 01:53:17,868][__main__][INFO] - Step 1700 | valid1 MSE : 0.1222 | valid1 NMSE : 0.2175
[2025-09-03 01:54:00,961][__main__][INFO] - Step 1800 | valid1 MSE : 0.1210 | valid1 NMSE : 0.2161
[2025-09-03 01:54:44,385][__main__][INFO] - Step 1900 | valid1 MSE : 0.1210 | valid1 NMSE : 0.2181
[2025-09-03 01:55:27,403][__main__][INFO] - Step 2000 | valid1 MSE : 0.1178 | valid1 NMSE : 0.2124
[2025-09-03 01:55:27,404][__main__][INFO] - Training done in 15.300 min
[2025-09-03 01:55:27,404][__main__][INFO] - Average time per step: 0.459 s
[2025-09-03 01:55:27,437][__main__][INFO] - End of training
[2025-09-03 01:55:28,149][__main__][INFO] - Plotted losses
[2025-09-03 01:55:28,149][__main__][INFO] - Computing test metrics
[2025-09-03 01:55:34,923][__main__][INFO] - Evaluation done in 0.113 min
[2025-09-03 01:55:43,517][__main__][INFO] - Evaluation done in 0.055 min
[2025-09-03 01:55:47,055][__main__][INFO] - Saved plots
[2025-09-03 01:55:47,055][__main__][INFO] - Final modulations: {'beta': np.float32(-0.0052207494), 'alpha': np.float32(1.0073193)}
[2025-09-03 01:55:47,055][__main__][INFO] - End of script

[2025-09-03 01:56:04,081][__main__][INFO] - =====Running data script=====
[2025-09-03 01:56:14,823][__main__][INFO] - End of script

[2025-09-03 01:56:19,901][__main__][INFO] - =====Running train script=====
[2025-09-03 01:56:20,269][__main__][INFO] - Fetched main configs, save directory : ../outputs/bench_sets/solar/168_24/seed_2/revin/
[2025-09-03 01:56:20,269][__main__][INFO] - Model PatchTST, normalization revin, criterion NMSE, kwargs {'latent': False}
[2025-09-03 01:56:20,489][__main__][INFO] - Fetched dataloaders
[2025-09-03 01:56:20,489][__main__][INFO] - Batches: 1 * (X=[95, 1, 168],  y=[95, 1, 24])
[2025-09-03 01:56:22,897][__main__][INFO] - batch_size=256, learning_rate=1e-05, steps per epoch=1, epochs=2000
[2025-09-03 01:56:22,898][__main__][INFO] - Starting training...
[2025-09-03 01:56:22,898][__main__][INFO] - Using device: cuda
[2025-09-03 01:56:22,898][__main__][INFO] - Training 2000 epochs of 1 batches (2000 steps): , eval_freq: 100, print_freq: 100
[2025-09-03 01:57:06,026][__main__][INFO] - Step 1 | valid1 MSE : 0.7653 | valid1 NMSE : 1.1773
[2025-09-03 01:57:49,270][__main__][INFO] - Step 100 | valid1 MSE : 0.2312 | valid1 NMSE : 0.4313
[2025-09-03 01:58:32,228][__main__][INFO] - Step 200 | valid1 MSE : 0.1717 | valid1 NMSE : 0.3293
[2025-09-03 01:59:15,232][__main__][INFO] - Step 300 | valid1 MSE : 0.1557 | valid1 NMSE : 0.2959
[2025-09-03 01:59:58,098][__main__][INFO] - Step 400 | valid1 MSE : 0.1477 | valid1 NMSE : 0.2765
[2025-09-03 02:00:40,970][__main__][INFO] - Step 500 | valid1 MSE : 0.1460 | valid1 NMSE : 0.2643
[2025-09-03 02:01:23,601][__main__][INFO] - Step 600 | valid1 MSE : 0.1352 | valid1 NMSE : 0.2498
[2025-09-03 02:02:06,901][__main__][INFO] - Step 700 | valid1 MSE : 0.1347 | valid1 NMSE : 0.2435
[2025-09-03 02:02:49,983][__main__][INFO] - Step 800 | valid1 MSE : 0.1294 | valid1 NMSE : 0.2372
[2025-09-03 02:03:32,899][__main__][INFO] - Step 900 | valid1 MSE : 0.1275 | valid1 NMSE : 0.2320
[2025-09-03 02:04:15,720][__main__][INFO] - Step 1000 | valid1 MSE : 0.1256 | valid1 NMSE : 0.2290
[2025-09-03 02:04:58,589][__main__][INFO] - Step 1100 | valid1 MSE : 0.1246 | valid1 NMSE : 0.2267
[2025-09-03 02:05:41,441][__main__][INFO] - Step 1200 | valid1 MSE : 0.1231 | valid1 NMSE : 0.2248
[2025-09-03 02:06:25,156][__main__][INFO] - Step 1300 | valid1 MSE : 0.1212 | valid1 NMSE : 0.2216
[2025-09-03 02:07:08,516][__main__][INFO] - Step 1400 | valid1 MSE : 0.1208 | valid1 NMSE : 0.2202
[2025-09-03 02:07:53,175][__main__][INFO] - Step 1500 | valid1 MSE : 0.1190 | valid1 NMSE : 0.2170
[2025-09-03 02:08:37,526][__main__][INFO] - Step 1600 | valid1 MSE : 0.1199 | valid1 NMSE : 0.2179
[2025-09-03 02:09:21,601][__main__][INFO] - Step 1700 | valid1 MSE : 0.1198 | valid1 NMSE : 0.2179
[2025-09-03 02:10:05,824][__main__][INFO] - Step 1800 | valid1 MSE : 0.1180 | valid1 NMSE : 0.2161
[2025-09-03 02:10:50,301][__main__][INFO] - Step 1900 | valid1 MSE : 0.1170 | valid1 NMSE : 0.2135
[2025-09-03 02:11:34,422][__main__][INFO] - Step 2000 | valid1 MSE : 0.1164 | valid1 NMSE : 0.2133
[2025-09-03 02:11:34,422][__main__][INFO] - Training done in 15.192 min
[2025-09-03 02:11:34,422][__main__][INFO] - Average time per step: 0.456 s
[2025-09-03 02:11:34,458][__main__][INFO] - End of training
[2025-09-03 02:11:35,203][__main__][INFO] - Plotted losses
[2025-09-03 02:11:35,203][__main__][INFO] - Computing test metrics
[2025-09-03 02:11:42,197][__main__][INFO] - Evaluation done in 0.117 min
[2025-09-03 02:11:50,949][__main__][INFO] - Evaluation done in 0.057 min
[2025-09-03 02:11:53,992][__main__][INFO] - Saved plots
[2025-09-03 02:11:53,993][__main__][INFO] - Final modulations: {'beta': np.float32(-0.0044141333), 'alpha': np.float32(1.0089495)}
[2025-09-03 02:11:53,993][__main__][INFO] - End of script

[2025-09-03 02:12:12,373][__main__][INFO] - =====Running data script=====
[2025-09-03 02:12:23,774][__main__][INFO] - End of script

[2025-09-03 02:12:29,192][__main__][INFO] - =====Running train script=====
[2025-09-03 02:12:29,576][__main__][INFO] - Fetched main configs, save directory : ../outputs/bench_sets/solar/168_24/seed_3/revin/
[2025-09-03 02:12:29,576][__main__][INFO] - Model PatchTST, normalization revin, criterion NMSE, kwargs {'latent': False}
[2025-09-03 02:12:29,786][__main__][INFO] - Fetched dataloaders
[2025-09-03 02:12:29,787][__main__][INFO] - Batches: 1 * (X=[95, 1, 168],  y=[95, 1, 24])
[2025-09-03 02:12:32,118][__main__][INFO] - batch_size=256, learning_rate=1e-05, steps per epoch=1, epochs=2000
[2025-09-03 02:12:32,118][__main__][INFO] - Starting training...
[2025-09-03 02:12:32,118][__main__][INFO] - Using device: cuda
[2025-09-03 02:12:32,118][__main__][INFO] - Training 2000 epochs of 1 batches (2000 steps): , eval_freq: 100, print_freq: 100
[2025-09-03 02:13:17,071][__main__][INFO] - Step 1 | valid1 MSE : 0.9288 | valid1 NMSE : 1.3915
[2025-09-03 02:14:01,600][__main__][INFO] - Step 100 | valid1 MSE : 0.2606 | valid1 NMSE : 0.4736
[2025-09-03 02:14:44,903][__main__][INFO] - Step 200 | valid1 MSE : 0.1807 | valid1 NMSE : 0.3395
[2025-09-03 02:15:28,314][__main__][INFO] - Step 300 | valid1 MSE : 0.1583 | valid1 NMSE : 0.2951
[2025-09-03 02:16:11,246][__main__][INFO] - Step 400 | valid1 MSE : 0.1488 | valid1 NMSE : 0.2740
[2025-09-03 02:16:53,974][__main__][INFO] - Step 500 | valid1 MSE : 0.1441 | valid1 NMSE : 0.2624
[2025-09-03 02:17:36,620][__main__][INFO] - Step 600 | valid1 MSE : 0.1400 | valid1 NMSE : 0.2518
[2025-09-03 02:18:19,879][__main__][INFO] - Step 700 | valid1 MSE : 0.1366 | valid1 NMSE : 0.2459
[2025-09-03 02:19:02,943][__main__][INFO] - Step 800 | valid1 MSE : 0.1340 | valid1 NMSE : 0.2405
[2025-09-03 02:19:45,914][__main__][INFO] - Step 900 | valid1 MSE : 0.1330 | valid1 NMSE : 0.2375
[2025-09-03 02:20:28,571][__main__][INFO] - Step 1000 | valid1 MSE : 0.1292 | valid1 NMSE : 0.2320
[2025-09-03 02:21:11,294][__main__][INFO] - Step 1100 | valid1 MSE : 0.1261 | valid1 NMSE : 0.2283
[2025-09-03 02:21:53,835][__main__][INFO] - Step 1200 | valid1 MSE : 0.1258 | valid1 NMSE : 0.2267
[2025-09-03 02:22:37,650][__main__][INFO] - Step 1300 | valid1 MSE : 0.1240 | valid1 NMSE : 0.2231
[2025-09-03 02:23:20,998][__main__][INFO] - Step 1400 | valid1 MSE : 0.1235 | valid1 NMSE : 0.2219
[2025-09-03 02:24:04,286][__main__][INFO] - Step 1500 | valid1 MSE : 0.1222 | valid1 NMSE : 0.2202
[2025-09-03 02:24:47,319][__main__][INFO] - Step 1600 | valid1 MSE : 0.1212 | valid1 NMSE : 0.2197
[2025-09-03 02:25:30,314][__main__][INFO] - Step 1700 | valid1 MSE : 0.1210 | valid1 NMSE : 0.2175
[2025-09-03 02:26:13,219][__main__][INFO] - Step 1800 | valid1 MSE : 0.1191 | valid1 NMSE : 0.2160
[2025-09-03 02:26:56,613][__main__][INFO] - Step 1900 | valid1 MSE : 0.1191 | valid1 NMSE : 0.2148
[2025-09-03 02:27:39,628][__main__][INFO] - Step 2000 | valid1 MSE : 0.1202 | valid1 NMSE : 0.2147
[2025-09-03 02:27:39,628][__main__][INFO] - Training done in 15.125 min
[2025-09-03 02:27:39,628][__main__][INFO] - Average time per step: 0.454 s
[2025-09-03 02:27:39,663][__main__][INFO] - End of training
[2025-09-03 02:27:40,393][__main__][INFO] - Plotted losses
[2025-09-03 02:27:40,393][__main__][INFO] - Computing test metrics
[2025-09-03 02:27:47,168][__main__][INFO] - Evaluation done in 0.113 min
[2025-09-03 02:27:55,738][__main__][INFO] - Evaluation done in 0.055 min
[2025-09-03 02:27:58,845][__main__][INFO] - Saved plots
[2025-09-03 02:27:58,845][__main__][INFO] - Final modulations: {'beta': np.float32(-0.0055259974), 'alpha': np.float32(1.007703)}
[2025-09-03 02:27:58,845][__main__][INFO] - End of script

[2025-09-03 02:28:15,902][__main__][INFO] - =====Running data script=====
[2025-09-03 02:28:26,584][__main__][INFO] - End of script

[2025-09-03 02:28:31,484][__main__][INFO] - =====Running train script=====
[2025-09-03 02:28:31,830][__main__][INFO] - Fetched main configs, save directory : ../outputs/bench_sets/solar/168_24/seed_4/revin/
[2025-09-03 02:28:31,830][__main__][INFO] - Model PatchTST, normalization revin, criterion NMSE, kwargs {'latent': False}
[2025-09-03 02:28:32,036][__main__][INFO] - Fetched dataloaders
[2025-09-03 02:28:32,036][__main__][INFO] - Batches: 1 * (X=[95, 1, 168],  y=[95, 1, 24])
[2025-09-03 02:28:34,301][__main__][INFO] - batch_size=256, learning_rate=1e-05, steps per epoch=1, epochs=2000
[2025-09-03 02:28:34,301][__main__][INFO] - Starting training...
[2025-09-03 02:28:34,301][__main__][INFO] - Using device: cuda
[2025-09-03 02:28:34,301][__main__][INFO] - Training 2000 epochs of 1 batches (2000 steps): , eval_freq: 100, print_freq: 100
[2025-09-03 02:29:17,779][__main__][INFO] - Step 1 | valid1 MSE : 0.9053 | valid1 NMSE : 1.3628
[2025-09-03 02:30:01,299][__main__][INFO] - Step 100 | valid1 MSE : 0.2652 | valid1 NMSE : 0.4844
[2025-09-03 02:30:44,304][__main__][INFO] - Step 200 | valid1 MSE : 0.1810 | valid1 NMSE : 0.3484
[2025-09-03 02:31:28,422][__main__][INFO] - Step 300 | valid1 MSE : 0.1608 | valid1 NMSE : 0.3085
[2025-09-03 02:32:12,497][__main__][INFO] - Step 400 | valid1 MSE : 0.1509 | valid1 NMSE : 0.2860
[2025-09-03 02:32:56,487][__main__][INFO] - Step 500 | valid1 MSE : 0.1444 | valid1 NMSE : 0.2712
[2025-09-03 02:33:40,414][__main__][INFO] - Step 600 | valid1 MSE : 0.1380 | valid1 NMSE : 0.2591
[2025-09-03 02:34:24,922][__main__][INFO] - Step 700 | valid1 MSE : 0.1371 | valid1 NMSE : 0.2520
[2025-09-03 02:35:09,169][__main__][INFO] - Step 800 | valid1 MSE : 0.1333 | valid1 NMSE : 0.2449
[2025-09-03 02:35:53,407][__main__][INFO] - Step 900 | valid1 MSE : 0.1330 | valid1 NMSE : 0.2408
[2025-09-03 02:36:37,496][__main__][INFO] - Step 1000 | valid1 MSE : 0.1261 | valid1 NMSE : 0.2337
[2025-09-03 02:37:21,592][__main__][INFO] - Step 1100 | valid1 MSE : 0.1259 | valid1 NMSE : 0.2314
[2025-09-03 02:38:05,433][__main__][INFO] - Step 1200 | valid1 MSE : 0.1262 | valid1 NMSE : 0.2285
[2025-09-03 02:38:49,479][__main__][INFO] - Step 1300 | valid1 MSE : 0.1221 | valid1 NMSE : 0.2255
[2025-09-03 02:39:33,007][__main__][INFO] - Step 1400 | valid1 MSE : 0.1221 | valid1 NMSE : 0.2235
[2025-09-03 02:40:16,403][__main__][INFO] - Step 1500 | valid1 MSE : 0.1224 | valid1 NMSE : 0.2242
[2025-09-03 02:40:59,739][__main__][INFO] - Step 1600 | valid1 MSE : 0.1228 | valid1 NMSE : 0.2213
[2025-09-03 02:41:42,773][__main__][INFO] - Step 1700 | valid1 MSE : 0.1229 | valid1 NMSE : 0.2230
[2025-09-03 02:42:25,806][__main__][INFO] - Step 1800 | valid1 MSE : 0.1213 | valid1 NMSE : 0.2196
[2025-09-03 02:43:09,190][__main__][INFO] - Step 1900 | valid1 MSE : 0.1192 | valid1 NMSE : 0.2189
[2025-09-03 02:43:52,227][__main__][INFO] - Step 2000 | valid1 MSE : 0.1190 | valid1 NMSE : 0.2193
[2025-09-03 02:43:52,227][__main__][INFO] - Training done in 15.299 min
[2025-09-03 02:43:52,227][__main__][INFO] - Average time per step: 0.459 s
[2025-09-03 02:43:52,262][__main__][INFO] - End of training
[2025-09-03 02:43:52,953][__main__][INFO] - Plotted losses
[2025-09-03 02:43:52,953][__main__][INFO] - Computing test metrics
[2025-09-03 02:43:59,726][__main__][INFO] - Evaluation done in 0.113 min
[2025-09-03 02:44:08,293][__main__][INFO] - Evaluation done in 0.055 min
[2025-09-03 02:44:11,439][__main__][INFO] - Saved plots
[2025-09-03 02:44:11,439][__main__][INFO] - Final modulations: {'beta': np.float32(-0.005206092), 'alpha': np.float32(1.0077611)}
[2025-09-03 02:44:11,439][__main__][INFO] - End of script

[2025-09-03 02:44:28,265][__main__][INFO] - =====Running data script=====
[2025-09-03 02:44:38,939][__main__][INFO] - End of script

[2025-09-03 02:44:43,891][__main__][INFO] - =====Running train script=====
[2025-09-03 02:44:44,248][__main__][INFO] - Fetched main configs, save directory : ../outputs/bench_sets/solar/168_24/seed_5/revin/
[2025-09-03 02:44:44,248][__main__][INFO] - Model PatchTST, normalization revin, criterion NMSE, kwargs {'latent': False}
[2025-09-03 02:44:44,466][__main__][INFO] - Fetched dataloaders
[2025-09-03 02:44:44,467][__main__][INFO] - Batches: 1 * (X=[95, 1, 168],  y=[95, 1, 24])
[2025-09-03 02:44:46,709][__main__][INFO] - batch_size=256, learning_rate=1e-05, steps per epoch=1, epochs=2000
[2025-09-03 02:44:46,709][__main__][INFO] - Starting training...
[2025-09-03 02:44:46,709][__main__][INFO] - Using device: cuda
[2025-09-03 02:44:46,709][__main__][INFO] - Training 2000 epochs of 1 batches (2000 steps): , eval_freq: 100, print_freq: 100
[2025-09-03 02:45:29,884][__main__][INFO] - Step 1 | valid1 MSE : 0.8733 | valid1 NMSE : 1.2879
[2025-09-03 02:46:13,410][__main__][INFO] - Step 100 | valid1 MSE : 0.2542 | valid1 NMSE : 0.4575
[2025-09-03 02:46:56,616][__main__][INFO] - Step 200 | valid1 MSE : 0.1745 | valid1 NMSE : 0.3303
[2025-09-03 02:47:39,603][__main__][INFO] - Step 300 | valid1 MSE : 0.1551 | valid1 NMSE : 0.2929
[2025-09-03 02:48:22,482][__main__][INFO] - Step 400 | valid1 MSE : 0.1450 | valid1 NMSE : 0.2718
[2025-09-03 02:49:05,188][__main__][INFO] - Step 500 | valid1 MSE : 0.1398 | valid1 NMSE : 0.2576
[2025-09-03 02:49:47,889][__main__][INFO] - Step 600 | valid1 MSE : 0.1375 | valid1 NMSE : 0.2499
[2025-09-03 02:50:31,158][__main__][INFO] - Step 700 | valid1 MSE : 0.1313 | valid1 NMSE : 0.2418
[2025-09-03 02:51:14,290][__main__][INFO] - Step 800 | valid1 MSE : 0.1281 | valid1 NMSE : 0.2358
[2025-09-03 02:51:57,306][__main__][INFO] - Step 900 | valid1 MSE : 0.1263 | valid1 NMSE : 0.2316
[2025-09-03 02:52:40,110][__main__][INFO] - Step 1000 | valid1 MSE : 0.1241 | valid1 NMSE : 0.2284
[2025-09-03 02:53:22,972][__main__][INFO] - Step 1100 | valid1 MSE : 0.1220 | valid1 NMSE : 0.2252
[2025-09-03 02:54:05,642][__main__][INFO] - Step 1200 | valid1 MSE : 0.1216 | valid1 NMSE : 0.2236
[2025-09-03 02:54:49,255][__main__][INFO] - Step 1300 | valid1 MSE : 0.1218 | valid1 NMSE : 0.2207
[2025-09-03 02:55:34,224][__main__][INFO] - Step 1400 | valid1 MSE : 0.1221 | valid1 NMSE : 0.2203
[2025-09-03 02:56:18,962][__main__][INFO] - Step 1500 | valid1 MSE : 0.1194 | valid1 NMSE : 0.2157
[2025-09-03 02:57:03,415][__main__][INFO] - Step 1600 | valid1 MSE : 0.1182 | valid1 NMSE : 0.2154
[2025-09-03 02:57:47,614][__main__][INFO] - Step 1700 | valid1 MSE : 0.1162 | valid1 NMSE : 0.2127
[2025-09-03 02:58:31,901][__main__][INFO] - Step 1800 | valid1 MSE : 0.1158 | valid1 NMSE : 0.2114
[2025-09-03 02:59:16,530][__main__][INFO] - Step 1900 | valid1 MSE : 0.1158 | valid1 NMSE : 0.2114
[2025-09-03 03:00:00,603][__main__][INFO] - Step 2000 | valid1 MSE : 0.1162 | valid1 NMSE : 0.2106
[2025-09-03 03:00:00,604][__main__][INFO] - Training done in 15.232 min
[2025-09-03 03:00:00,604][__main__][INFO] - Average time per step: 0.457 s
[2025-09-03 03:00:00,640][__main__][INFO] - End of training
[2025-09-03 03:00:01,383][__main__][INFO] - Plotted losses
[2025-09-03 03:00:01,383][__main__][INFO] - Computing test metrics
[2025-09-03 03:00:08,402][__main__][INFO] - Evaluation done in 0.117 min
[2025-09-03 03:00:17,193][__main__][INFO] - Evaluation done in 0.058 min
[2025-09-03 03:00:20,346][__main__][INFO] - Saved plots
[2025-09-03 03:00:20,346][__main__][INFO] - Final modulations: {'beta': np.float32(-0.0051360447), 'alpha': np.float32(1.0078701)}
[2025-09-03 03:00:20,346][__main__][INFO] - End of script

==Table of ../outputs/bench_sets/solar/168_24/==
+-----------------+-----------------+
|                 | revin           |
+=================+=================+
| Test MSE * 1e-7 | 0.0000 ± 0.0000 |
+-----------------+-----------------+
| Test NMSE       | 0.8077 ± 0.0072 |
+-----------------+-----------------+
==Table of ../outputs/bench_sets/solar/168_24/==
+-----------------+-----------------+
|                 | revin           |
+=================+=================+
| Test MSE * 1e-7 | 0.0000 ± 0.0000 |
+-----------------+-----------------+
| Test NMSE       | 0.8381 ± 0.0179 |
+-----------------+-----------------+
[2025-09-03 03:01:01,500][__main__][INFO] - =====Running data script=====
[2025-09-03 03:01:12,995][__main__][INFO] - End of script

[2025-09-03 03:01:18,442][__main__][INFO] - =====Running train script=====
[2025-09-03 03:01:18,892][__main__][INFO] - Fetched main configs, save directory : ../outputs/bench_sets/solar/720_168/seed_1/revin/
[2025-09-03 03:01:18,892][__main__][INFO] - Model PatchTST, normalization revin, criterion NMSE, kwargs {'latent': False}
[2025-09-03 03:01:19,110][__main__][INFO] - Fetched dataloaders
[2025-09-03 03:01:19,110][__main__][INFO] - Batches: 1 * (X=[95, 1, 720],  y=[95, 1, 168])
[2025-09-03 03:01:21,469][__main__][INFO] - batch_size=256, learning_rate=1e-05, steps per epoch=1, epochs=2000
[2025-09-03 03:01:21,470][__main__][INFO] - Starting training...
[2025-09-03 03:01:21,470][__main__][INFO] - Using device: cuda
[2025-09-03 03:01:21,470][__main__][INFO] - Training 2000 epochs of 1 batches (2000 steps): , eval_freq: 100, print_freq: 100
[2025-09-03 03:05:03,725][__main__][INFO] - Step 1 | valid1 MSE : 0.9401 | valid1 NMSE : 1.1605
[2025-09-03 03:08:43,472][__main__][INFO] - Step 100 | valid1 MSE : 0.1772 | valid1 NMSE : 0.2108
[2025-09-03 03:12:22,807][__main__][INFO] - Step 200 | valid1 MSE : 0.1592 | valid1 NMSE : 0.1904
[2025-09-03 03:15:59,077][__main__][INFO] - Step 300 | valid1 MSE : 0.1479 | valid1 NMSE : 0.1774
[2025-09-03 03:19:38,847][__main__][INFO] - Step 400 | valid1 MSE : 0.1416 | valid1 NMSE : 0.1705
[2025-09-03 03:23:22,554][__main__][INFO] - Step 500 | valid1 MSE : 0.1381 | valid1 NMSE : 0.1666
[2025-09-03 03:27:00,894][__main__][INFO] - Step 600 | valid1 MSE : 0.1363 | valid1 NMSE : 0.1645
[2025-09-03 03:30:38,888][__main__][INFO] - Step 700 | valid1 MSE : 0.1354 | valid1 NMSE : 0.1635
[2025-09-03 03:34:17,074][__main__][INFO] - Step 800 | valid1 MSE : 0.1352 | valid1 NMSE : 0.1634
[2025-09-03 03:37:51,325][__main__][INFO] - Step 900 | valid1 MSE : 0.1351 | valid1 NMSE : 0.1634
[2025-09-03 03:41:30,464][__main__][INFO] - Step 1000 | valid1 MSE : 0.1353 | valid1 NMSE : 0.1638
[2025-09-03 03:45:12,552][__main__][INFO] - Step 1100 | valid1 MSE : 0.1348 | valid1 NMSE : 0.1631
[2025-09-03 03:48:58,468][__main__][INFO] - Step 1200 | valid1 MSE : 0.1331 | valid1 NMSE : 0.1606
[2025-09-03 03:52:37,345][__main__][INFO] - Step 1300 | valid1 MSE : 0.1349 | valid1 NMSE : 0.1634
[2025-09-03 03:56:14,970][__main__][INFO] - Step 1400 | valid1 MSE : 0.1341 | valid1 NMSE : 0.1621
[2025-09-03 03:59:51,085][__main__][INFO] - Step 1500 | valid1 MSE : 0.1338 | valid1 NMSE : 0.1619
[2025-09-03 04:03:27,060][__main__][INFO] - Step 1600 | valid1 MSE : 0.1341 | valid1 NMSE : 0.1626
[2025-09-03 04:07:06,067][__main__][INFO] - Step 1700 | valid1 MSE : 0.1331 | valid1 NMSE : 0.1612
[2025-09-03 04:10:46,483][__main__][INFO] - Step 1800 | valid1 MSE : 0.1328 | valid1 NMSE : 0.1609
[2025-09-03 04:14:27,422][__main__][INFO] - Step 1900 | valid1 MSE : 0.1339 | valid1 NMSE : 0.1624
[2025-09-03 04:18:07,132][__main__][INFO] - Step 2000 | valid1 MSE : 0.1333 | valid1 NMSE : 0.1615
[2025-09-03 04:18:07,136][__main__][INFO] - Training done in 76.761 min
[2025-09-03 04:18:07,137][__main__][INFO] - Average time per step: 2.303 s
[2025-09-03 04:18:07,202][__main__][INFO] - End of training
[2025-09-03 04:18:08,083][__main__][INFO] - Plotted losses
[2025-09-03 04:18:08,083][__main__][INFO] - Computing test metrics
[2025-09-03 04:18:37,574][__main__][INFO] - Evaluation done in 0.492 min
[2025-09-03 04:19:23,001][__main__][INFO] - Evaluation done in 0.240 min
[2025-09-03 04:19:41,422][__main__][INFO] - Saved plots
[2025-09-03 04:19:41,423][__main__][INFO] - Final modulations: {'beta': np.float32(-0.005586327), 'alpha': np.float32(1.0098494)}
[2025-09-03 04:19:41,423][__main__][INFO] - End of script

[2025-09-03 04:19:59,442][__main__][INFO] - =====Running data script=====
[2025-09-03 04:20:09,991][__main__][INFO] - End of script

[2025-09-03 04:20:15,203][__main__][INFO] - =====Running train script=====
[2025-09-03 04:20:15,556][__main__][INFO] - Fetched main configs, save directory : ../outputs/bench_sets/solar/720_168/seed_2/revin/
[2025-09-03 04:20:15,556][__main__][INFO] - Model PatchTST, normalization revin, criterion NMSE, kwargs {'latent': False}
[2025-09-03 04:20:15,775][__main__][INFO] - Fetched dataloaders
[2025-09-03 04:20:15,775][__main__][INFO] - Batches: 1 * (X=[95, 1, 720],  y=[95, 1, 168])
[2025-09-03 04:20:18,164][__main__][INFO] - batch_size=256, learning_rate=1e-05, steps per epoch=1, epochs=2000
[2025-09-03 04:20:18,164][__main__][INFO] - Starting training...
[2025-09-03 04:20:18,164][__main__][INFO] - Using device: cuda
[2025-09-03 04:20:18,164][__main__][INFO] - Training 2000 epochs of 1 batches (2000 steps): , eval_freq: 100, print_freq: 100
[2025-09-03 04:23:58,383][__main__][INFO] - Step 1 | valid1 MSE : 0.8954 | valid1 NMSE : 1.1124
[2025-09-03 04:27:33,104][__main__][INFO] - Step 100 | valid1 MSE : 0.1840 | valid1 NMSE : 0.2181
[2025-09-03 04:31:16,327][__main__][INFO] - Step 200 | valid1 MSE : 0.1644 | valid1 NMSE : 0.1958
[2025-09-03 04:34:56,101][__main__][INFO] - Step 300 | valid1 MSE : 0.1517 | valid1 NMSE : 0.1817
[2025-09-03 04:38:37,122][__main__][INFO] - Step 400 | valid1 MSE : 0.1451 | valid1 NMSE : 0.1742
[2025-09-03 04:42:16,472][__main__][INFO] - Step 500 | valid1 MSE : 0.1396 | valid1 NMSE : 0.1682
[2025-09-03 04:45:51,762][__main__][INFO] - Step 600 | valid1 MSE : 0.1374 | valid1 NMSE : 0.1662
[2025-09-03 04:49:30,023][__main__][INFO] - Step 700 | valid1 MSE : 0.1367 | valid1 NMSE : 0.1652
[2025-09-03 04:53:08,338][__main__][INFO] - Step 800 | valid1 MSE : 0.1368 | valid1 NMSE : 0.1656
[2025-09-03 04:56:47,426][__main__][INFO] - Step 900 | valid1 MSE : 0.1367 | valid1 NMSE : 0.1655
[2025-09-03 05:00:28,863][__main__][INFO] - Step 1000 | valid1 MSE : 0.1373 | valid1 NMSE : 0.1664
[2025-09-03 05:04:09,232][__main__][INFO] - Step 1100 | valid1 MSE : 0.1350 | valid1 NMSE : 0.1633
[2025-09-03 05:07:49,480][__main__][INFO] - Step 1200 | valid1 MSE : 0.1346 | valid1 NMSE : 0.1629
[2025-09-03 05:11:26,024][__main__][INFO] - Step 1300 | valid1 MSE : 0.1346 | valid1 NMSE : 0.1630
[2025-09-03 05:15:02,651][__main__][INFO] - Step 1400 | valid1 MSE : 0.1341 | valid1 NMSE : 0.1623
[2025-09-03 05:18:38,120][__main__][INFO] - Step 1500 | valid1 MSE : 0.1339 | valid1 NMSE : 0.1621
[2025-09-03 05:22:13,954][__main__][INFO] - Step 1600 | valid1 MSE : 0.1346 | valid1 NMSE : 0.1632
[2025-09-03 05:25:50,422][__main__][INFO] - Step 1700 | valid1 MSE : 0.1340 | valid1 NMSE : 0.1619
[2025-09-03 05:29:26,857][__main__][INFO] - Step 1800 | valid1 MSE : 0.1350 | valid1 NMSE : 0.1639
[2025-09-03 05:33:03,072][__main__][INFO] - Step 1900 | valid1 MSE : 0.1347 | valid1 NMSE : 0.1636
[2025-09-03 05:36:41,208][__main__][INFO] - Step 2000 | valid1 MSE : 0.1329 | valid1 NMSE : 0.1609
[2025-09-03 05:36:41,212][__main__][INFO] - Training done in 76.384 min
[2025-09-03 05:36:41,212][__main__][INFO] - Average time per step: 2.292 s
[2025-09-03 05:36:41,260][__main__][INFO] - End of training
[2025-09-03 05:36:42,108][__main__][INFO] - Plotted losses
[2025-09-03 05:36:42,108][__main__][INFO] - Computing test metrics
[2025-09-03 05:37:11,259][__main__][INFO] - Evaluation done in 0.486 min
[2025-09-03 05:37:56,742][__main__][INFO] - Evaluation done in 0.236 min
[2025-09-03 05:38:14,374][__main__][INFO] - Saved plots
[2025-09-03 05:38:14,375][__main__][INFO] - Final modulations: {'beta': np.float32(-0.0051576123), 'alpha': np.float32(1.0098464)}
[2025-09-03 05:38:14,375][__main__][INFO] - End of script

[2025-09-03 05:38:30,867][__main__][INFO] - =====Running data script=====
[2025-09-03 05:38:41,126][__main__][INFO] - End of script

[2025-09-03 05:38:46,116][__main__][INFO] - =====Running train script=====
[2025-09-03 05:38:46,357][__main__][INFO] - Fetched main configs, save directory : ../outputs/bench_sets/solar/720_168/seed_3/revin/
[2025-09-03 05:38:46,357][__main__][INFO] - Model PatchTST, normalization revin, criterion NMSE, kwargs {'latent': False}
[2025-09-03 05:38:46,564][__main__][INFO] - Fetched dataloaders
[2025-09-03 05:38:46,564][__main__][INFO] - Batches: 1 * (X=[95, 1, 720],  y=[95, 1, 168])
[2025-09-03 05:38:48,990][__main__][INFO] - batch_size=256, learning_rate=1e-05, steps per epoch=1, epochs=2000
[2025-09-03 05:38:48,991][__main__][INFO] - Starting training...
[2025-09-03 05:38:48,991][__main__][INFO] - Using device: cuda
[2025-09-03 05:38:48,991][__main__][INFO] - Training 2000 epochs of 1 batches (2000 steps): , eval_freq: 100, print_freq: 100
[2025-09-03 05:42:27,864][__main__][INFO] - Step 1 | valid1 MSE : 0.9278 | valid1 NMSE : 1.1585
[2025-09-03 05:46:04,993][__main__][INFO] - Step 100 | valid1 MSE : 0.1837 | valid1 NMSE : 0.2187
[2025-09-03 05:49:45,399][__main__][INFO] - Step 200 | valid1 MSE : 0.1619 | valid1 NMSE : 0.1943
[2025-09-03 05:53:20,559][__main__][INFO] - Step 300 | valid1 MSE : 0.1498 | valid1 NMSE : 0.1804
[2025-09-03 05:56:57,430][__main__][INFO] - Step 400 | valid1 MSE : 0.1429 | valid1 NMSE : 0.1725
[2025-09-03 06:00:35,775][__main__][INFO] - Step 500 | valid1 MSE : 0.1399 | valid1 NMSE : 0.1694
[2025-09-03 06:04:11,184][__main__][INFO] - Step 600 | valid1 MSE : 0.1378 | valid1 NMSE : 0.1672
[2025-09-03 06:07:45,764][__main__][INFO] - Step 700 | valid1 MSE : 0.1368 | valid1 NMSE : 0.1661
[2025-09-03 06:11:22,587][__main__][INFO] - Step 800 | valid1 MSE : 0.1360 | valid1 NMSE : 0.1652
[2025-09-03 06:14:58,023][__main__][INFO] - Step 900 | valid1 MSE : 0.1370 | valid1 NMSE : 0.1667
[2025-09-03 06:18:36,401][__main__][INFO] - Step 1000 | valid1 MSE : 0.1353 | valid1 NMSE : 0.1644
[2025-09-03 06:22:15,223][__main__][INFO] - Step 1100 | valid1 MSE : 0.1350 | valid1 NMSE : 0.1641
[2025-09-03 06:25:56,428][__main__][INFO] - Step 1200 | valid1 MSE : 0.1357 | valid1 NMSE : 0.1652
[2025-09-03 06:29:32,982][__main__][INFO] - Step 1300 | valid1 MSE : 0.1349 | valid1 NMSE : 0.1642
[2025-09-03 06:33:10,405][__main__][INFO] - Step 1400 | valid1 MSE : 0.1344 | valid1 NMSE : 0.1636
[2025-09-03 06:36:45,102][__main__][INFO] - Step 1500 | valid1 MSE : 0.1337 | valid1 NMSE : 0.1628
[2025-09-03 06:40:21,487][__main__][INFO] - Step 1600 | valid1 MSE : 0.1340 | valid1 NMSE : 0.1633
[2025-09-03 06:43:58,283][__main__][INFO] - Step 1700 | valid1 MSE : 0.1343 | valid1 NMSE : 0.1634
[2025-09-03 06:47:34,849][__main__][INFO] - Step 1800 | valid1 MSE : 0.1345 | valid1 NMSE : 0.1638
[2025-09-03 06:51:11,608][__main__][INFO] - Step 1900 | valid1 MSE : 0.1337 | valid1 NMSE : 0.1629
[2025-09-03 06:54:50,080][__main__][INFO] - Step 2000 | valid1 MSE : 0.1347 | valid1 NMSE : 0.1642
[2025-09-03 06:54:50,084][__main__][INFO] - Training done in 76.018 min
[2025-09-03 06:54:50,084][__main__][INFO] - Average time per step: 2.281 s
[2025-09-03 06:54:50,145][__main__][INFO] - End of training
[2025-09-03 06:54:50,983][__main__][INFO] - Plotted losses
[2025-09-03 06:54:50,983][__main__][INFO] - Computing test metrics
[2025-09-03 06:55:20,163][__main__][INFO] - Evaluation done in 0.486 min
[2025-09-03 06:56:05,424][__main__][INFO] - Evaluation done in 0.236 min
[2025-09-03 06:56:23,041][__main__][INFO] - Saved plots
[2025-09-03 06:56:23,041][__main__][INFO] - Final modulations: {'beta': np.float32(-0.005672567), 'alpha': np.float32(1.0096734)}
[2025-09-03 06:56:23,041][__main__][INFO] - End of script

[2025-09-03 06:56:40,371][__main__][INFO] - =====Running data script=====
[2025-09-03 06:56:50,682][__main__][INFO] - End of script

[2025-09-03 06:56:55,387][__main__][INFO] - =====Running train script=====
[2025-09-03 06:56:55,701][__main__][INFO] - Fetched main configs, save directory : ../outputs/bench_sets/solar/720_168/seed_4/revin/
[2025-09-03 06:56:55,701][__main__][INFO] - Model PatchTST, normalization revin, criterion NMSE, kwargs {'latent': False}
[2025-09-03 06:56:55,901][__main__][INFO] - Fetched dataloaders
[2025-09-03 06:56:55,902][__main__][INFO] - Batches: 1 * (X=[95, 1, 720],  y=[95, 1, 168])
[2025-09-03 06:56:58,051][__main__][INFO] - batch_size=256, learning_rate=1e-05, steps per epoch=1, epochs=2000
[2025-09-03 06:56:58,052][__main__][INFO] - Starting training...
[2025-09-03 06:56:58,052][__main__][INFO] - Using device: cuda
[2025-09-03 06:56:58,052][__main__][INFO] - Training 2000 epochs of 1 batches (2000 steps): , eval_freq: 100, print_freq: 100
[2025-09-03 07:00:36,623][__main__][INFO] - Step 1 | valid1 MSE : 0.8796 | valid1 NMSE : 1.0831
[2025-09-03 07:04:14,437][__main__][INFO] - Step 100 | valid1 MSE : 0.1825 | valid1 NMSE : 0.2172
[2025-09-03 07:07:54,221][__main__][INFO] - Step 200 | valid1 MSE : 0.1650 | valid1 NMSE : 0.1962
[2025-09-03 07:11:28,131][__main__][INFO] - Step 300 | valid1 MSE : 0.1508 | valid1 NMSE : 0.1804
[2025-09-03 07:15:04,117][__main__][INFO] - Step 400 | valid1 MSE : 0.1445 | valid1 NMSE : 0.1730
[2025-09-03 07:18:41,315][__main__][INFO] - Step 500 | valid1 MSE : 0.1403 | valid1 NMSE : 0.1686
[2025-09-03 07:22:16,141][__main__][INFO] - Step 600 | valid1 MSE : 0.1380 | valid1 NMSE : 0.1659
[2025-09-03 07:25:52,886][__main__][INFO] - Step 700 | valid1 MSE : 0.1362 | valid1 NMSE : 0.1641
[2025-09-03 07:29:29,566][__main__][INFO] - Step 800 | valid1 MSE : 0.1368 | valid1 NMSE : 0.1649
[2025-09-03 07:33:05,044][__main__][INFO] - Step 900 | valid1 MSE : 0.1356 | valid1 NMSE : 0.1638
[2025-09-03 07:36:43,055][__main__][INFO] - Step 1000 | valid1 MSE : 0.1359 | valid1 NMSE : 0.1638
[2025-09-03 07:40:21,144][__main__][INFO] - Step 1100 | valid1 MSE : 0.1356 | valid1 NMSE : 0.1638
[2025-09-03 07:44:01,773][__main__][INFO] - Step 1200 | valid1 MSE : 0.1364 | valid1 NMSE : 0.1650
[2025-09-03 07:47:38,120][__main__][INFO] - Step 1300 | valid1 MSE : 0.1341 | valid1 NMSE : 0.1619
[2025-09-03 07:51:14,739][__main__][INFO] - Step 1400 | valid1 MSE : 0.1347 | valid1 NMSE : 0.1623
[2025-09-03 07:54:49,654][__main__][INFO] - Step 1500 | valid1 MSE : 0.1345 | valid1 NMSE : 0.1625
[2025-09-03 07:58:24,798][__main__][INFO] - Step 1600 | valid1 MSE : 0.1351 | valid1 NMSE : 0.1635
[2025-09-03 08:02:00,718][__main__][INFO] - Step 1700 | valid1 MSE : 0.1366 | valid1 NMSE : 0.1655
[2025-09-03 08:05:36,614][__main__][INFO] - Step 1800 | valid1 MSE : 0.1338 | valid1 NMSE : 0.1617
[2025-09-03 08:09:13,185][__main__][INFO] - Step 1900 | valid1 MSE : 0.1340 | valid1 NMSE : 0.1618
[2025-09-03 08:12:49,709][__main__][INFO] - Step 2000 | valid1 MSE : 0.1337 | valid1 NMSE : 0.1612
[2025-09-03 08:12:49,713][__main__][INFO] - Training done in 75.861 min
[2025-09-03 08:12:49,713][__main__][INFO] - Average time per step: 2.276 s
[2025-09-03 08:12:49,777][__main__][INFO] - End of training
[2025-09-03 08:12:50,599][__main__][INFO] - Plotted losses
[2025-09-03 08:12:50,599][__main__][INFO] - Computing test metrics
[2025-09-03 08:13:19,708][__main__][INFO] - Evaluation done in 0.485 min
[2025-09-03 08:14:04,836][__main__][INFO] - Evaluation done in 0.235 min
[2025-09-03 08:14:22,890][__main__][INFO] - Saved plots
[2025-09-03 08:14:22,890][__main__][INFO] - Final modulations: {'beta': np.float32(-0.0048503177), 'alpha': np.float32(1.009888)}
[2025-09-03 08:14:22,890][__main__][INFO] - End of script

[2025-09-03 08:14:39,569][__main__][INFO] - =====Running data script=====
[2025-09-03 08:14:49,835][__main__][INFO] - End of script

[2025-09-03 08:14:54,654][__main__][INFO] - =====Running train script=====
[2025-09-03 08:14:54,897][__main__][INFO] - Fetched main configs, save directory : ../outputs/bench_sets/solar/720_168/seed_5/revin/
[2025-09-03 08:14:54,897][__main__][INFO] - Model PatchTST, normalization revin, criterion NMSE, kwargs {'latent': False}
[2025-09-03 08:14:55,100][__main__][INFO] - Fetched dataloaders
[2025-09-03 08:14:55,100][__main__][INFO] - Batches: 1 * (X=[95, 1, 720],  y=[95, 1, 168])
[2025-09-03 08:14:57,551][__main__][INFO] - batch_size=256, learning_rate=1e-05, steps per epoch=1, epochs=2000
[2025-09-03 08:14:57,551][__main__][INFO] - Starting training...
[2025-09-03 08:14:57,551][__main__][INFO] - Using device: cuda
[2025-09-03 08:14:57,551][__main__][INFO] - Training 2000 epochs of 1 batches (2000 steps): , eval_freq: 100, print_freq: 100
[2025-09-03 08:18:36,341][__main__][INFO] - Step 1 | valid1 MSE : 0.9224 | valid1 NMSE : 1.1200
[2025-09-03 08:22:14,017][__main__][INFO] - Step 100 | valid1 MSE : 0.1802 | valid1 NMSE : 0.2143
[2025-09-03 08:25:54,190][__main__][INFO] - Step 200 | valid1 MSE : 0.1609 | valid1 NMSE : 0.1914
[2025-09-03 08:29:29,019][__main__][INFO] - Step 300 | valid1 MSE : 0.1491 | valid1 NMSE : 0.1778
[2025-09-03 08:33:05,917][__main__][INFO] - Step 400 | valid1 MSE : 0.1432 | valid1 NMSE : 0.1708
[2025-09-03 08:36:43,910][__main__][INFO] - Step 500 | valid1 MSE : 0.1394 | valid1 NMSE : 0.1666
[2025-09-03 08:40:18,588][__main__][INFO] - Step 600 | valid1 MSE : 0.1371 | valid1 NMSE : 0.1642
[2025-09-03 08:43:55,022][__main__][INFO] - Step 700 | valid1 MSE : 0.1365 | valid1 NMSE : 0.1634
[2025-09-03 08:47:32,251][__main__][INFO] - Step 800 | valid1 MSE : 0.1353 | valid1 NMSE : 0.1622
[2025-09-03 08:51:07,901][__main__][INFO] - Step 900 | valid1 MSE : 0.1349 | valid1 NMSE : 0.1620
[2025-09-03 08:54:45,599][__main__][INFO] - Step 1000 | valid1 MSE : 0.1346 | valid1 NMSE : 0.1614
[2025-09-03 08:58:23,774][__main__][INFO] - Step 1100 | valid1 MSE : 0.1346 | valid1 NMSE : 0.1616
[2025-09-03 09:02:04,685][__main__][INFO] - Step 1200 | valid1 MSE : 0.1335 | valid1 NMSE : 0.1603
[2025-09-03 09:05:41,521][__main__][INFO] - Step 1300 | valid1 MSE : 0.1343 | valid1 NMSE : 0.1613
[2025-09-03 09:09:17,844][__main__][INFO] - Step 1400 | valid1 MSE : 0.1346 | valid1 NMSE : 0.1618
[2025-09-03 09:12:52,538][__main__][INFO] - Step 1500 | valid1 MSE : 0.1342 | valid1 NMSE : 0.1612
[2025-09-03 09:16:27,995][__main__][INFO] - Step 1600 | valid1 MSE : 0.1332 | valid1 NMSE : 0.1595
[2025-09-03 09:20:04,589][__main__][INFO] - Step 1700 | valid1 MSE : 0.1338 | valid1 NMSE : 0.1608
[2025-09-03 09:23:40,082][__main__][INFO] - Step 1800 | valid1 MSE : 0.1338 | valid1 NMSE : 0.1607
[2025-09-03 09:27:16,116][__main__][INFO] - Step 1900 | valid1 MSE : 0.1336 | valid1 NMSE : 0.1609
[2025-09-03 09:30:54,196][__main__][INFO] - Step 2000 | valid1 MSE : 0.1334 | valid1 NMSE : 0.1605
[2025-09-03 09:30:54,199][__main__][INFO] - Training done in 75.944 min
[2025-09-03 09:30:54,199][__main__][INFO] - Average time per step: 2.278 s
[2025-09-03 09:30:54,244][__main__][INFO] - End of training
[2025-09-03 09:30:55,036][__main__][INFO] - Plotted losses
[2025-09-03 09:30:55,036][__main__][INFO] - Computing test metrics
[2025-09-03 09:31:24,930][__main__][INFO] - Evaluation done in 0.498 min
[2025-09-03 09:32:10,707][__main__][INFO] - Evaluation done in 0.243 min
[2025-09-03 09:32:28,836][__main__][INFO] - Saved plots
[2025-09-03 09:32:28,836][__main__][INFO] - Final modulations: {'beta': np.float32(-0.0054417867), 'alpha': np.float32(1.0097419)}
[2025-09-03 09:32:28,837][__main__][INFO] - End of script

==Table of ../outputs/bench_sets/solar/720_168/==
+-----------------+-----------------+
|                 | revin           |
+=================+=================+
| Test MSE * 1e-7 | 0.0000 ± 0.0000 |
+-----------------+-----------------+
| Test NMSE       | 0.2864 ± 0.0019 |
+-----------------+-----------------+
==Table of ../outputs/bench_sets/solar/720_168/==
+-----------------+-----------------+
|                 | revin           |
+=================+=================+
| Test MSE * 1e-7 | 0.0000 ± 0.0000 |
+-----------------+-----------------+
| Test NMSE       | 0.2862 ± 0.0035 |
+-----------------+-----------------+
