[2025-07-29 13:32:38,583][__main__][INFO] - =====Running main script=====
[2025-07-29 13:32:38,591][__main__][INFO] - Fetched main configs, save directory : ../outputs/benchmark_min_all/seed_1/PatchTST_instance/
[2025-07-29 13:32:38,591][__main__][INFO] - Model PatchTST, normalization instance, criterion MSE, kwargs {}
[2025-07-29 13:32:38,658][__main__][INFO] - Fetched dataloaders
[2025-07-29 13:32:38,663][__main__][INFO] - Training data shape : ((140, 1, 1000), (140, 1, 1000))
[2025-07-29 13:32:38,663][__main__][INFO] - Batch sizes : X=torch.Size([10, 1, 100]), c=torch.Size([10, 1, 120]), y=torch.Size([10, 1, 20])
[2025-07-29 13:32:42,085][__main__][INFO] - batch_size=10, learning_rate=0.0001, steps per epoch=14, epochs=300
[2025-07-29 13:32:42,086][__main__][INFO] - Starting training...
[2025-07-29 13:32:42,086][__main__][INFO] - Using device: cuda
[2025-07-29 13:32:42,086][__main__][INFO] - Training 300 epochs of 14 batches (4200 steps): , eval_freq: 100, print_freq: 100
[2025-07-29 13:32:52,966][__main__][INFO] - Step 1 | valid1 MSE : 1.0118 | valid1 MAE : 0.8231 | valid1 NMSE : 1.7048 | valid1 RMSE : 0.0010
[2025-07-29 13:33:04,164][__main__][INFO] - Step 100 | valid1 MSE : 0.0063 | valid1 MAE : 0.0631 | valid1 NMSE : 0.0106 | valid1 RMSE : 0.0000
[2025-07-29 13:33:15,325][__main__][INFO] - Step 200 | valid1 MSE : 0.0052 | valid1 MAE : 0.0573 | valid1 NMSE : 0.0089 | valid1 RMSE : 0.0000
[2025-07-29 13:33:26,642][__main__][INFO] - Step 300 | valid1 MSE : 0.0053 | valid1 MAE : 0.0585 | valid1 NMSE : 0.0091 | valid1 RMSE : 0.0000
[2025-07-29 13:33:38,109][__main__][INFO] - Step 400 | valid1 MSE : 0.0051 | valid1 MAE : 0.0569 | valid1 NMSE : 0.0086 | valid1 RMSE : 0.0000
[2025-07-29 13:33:49,640][__main__][INFO] - Step 500 | valid1 MSE : 0.0051 | valid1 MAE : 0.0574 | valid1 NMSE : 0.0087 | valid1 RMSE : 0.0000
[2025-07-29 13:34:01,097][__main__][INFO] - Step 600 | valid1 MSE : 0.0046 | valid1 MAE : 0.0539 | valid1 NMSE : 0.0078 | valid1 RMSE : 0.0000
[2025-07-29 13:34:12,592][__main__][INFO] - Step 700 | valid1 MSE : 0.0051 | valid1 MAE : 0.0573 | valid1 NMSE : 0.0087 | valid1 RMSE : 0.0000
[2025-07-29 13:34:24,090][__main__][INFO] - Step 800 | valid1 MSE : 0.0046 | valid1 MAE : 0.0545 | valid1 NMSE : 0.0079 | valid1 RMSE : 0.0000
[2025-07-29 13:34:35,699][__main__][INFO] - Step 900 | valid1 MSE : 0.0053 | valid1 MAE : 0.0584 | valid1 NMSE : 0.0090 | valid1 RMSE : 0.0000
[2025-07-29 13:34:47,051][__main__][INFO] - Step 1000 | valid1 MSE : 0.0049 | valid1 MAE : 0.0558 | valid1 NMSE : 0.0082 | valid1 RMSE : 0.0000
[2025-07-29 13:34:58,585][__main__][INFO] - Step 1100 | valid1 MSE : 0.0045 | valid1 MAE : 0.0535 | valid1 NMSE : 0.0076 | valid1 RMSE : 0.0000
[2025-07-29 13:35:10,204][__main__][INFO] - Step 1200 | valid1 MSE : 0.0053 | valid1 MAE : 0.0585 | valid1 NMSE : 0.0091 | valid1 RMSE : 0.0000
[2025-07-29 13:35:21,565][__main__][INFO] - Step 1300 | valid1 MSE : 0.0053 | valid1 MAE : 0.0578 | valid1 NMSE : 0.0090 | valid1 RMSE : 0.0000
[2025-07-29 13:35:33,045][__main__][INFO] - Step 1400 | valid1 MSE : 0.0043 | valid1 MAE : 0.0522 | valid1 NMSE : 0.0072 | valid1 RMSE : 0.0000
[2025-07-29 13:35:44,527][__main__][INFO] - Step 1500 | valid1 MSE : 0.0045 | valid1 MAE : 0.0539 | valid1 NMSE : 0.0077 | valid1 RMSE : 0.0000
[2025-07-29 13:35:56,180][__main__][INFO] - Step 1600 | valid1 MSE : 0.0045 | valid1 MAE : 0.0539 | valid1 NMSE : 0.0077 | valid1 RMSE : 0.0000
[2025-07-29 13:36:07,895][__main__][INFO] - Step 1700 | valid1 MSE : 0.0050 | valid1 MAE : 0.0567 | valid1 NMSE : 0.0085 | valid1 RMSE : 0.0000
[2025-07-29 13:36:19,534][__main__][INFO] - Step 1800 | valid1 MSE : 0.0048 | valid1 MAE : 0.0556 | valid1 NMSE : 0.0082 | valid1 RMSE : 0.0000
[2025-07-29 13:36:30,792][__main__][INFO] - Step 1900 | valid1 MSE : 0.0049 | valid1 MAE : 0.0560 | valid1 NMSE : 0.0083 | valid1 RMSE : 0.0000
[2025-07-29 13:36:42,229][__main__][INFO] - Step 2000 | valid1 MSE : 0.0045 | valid1 MAE : 0.0536 | valid1 NMSE : 0.0076 | valid1 RMSE : 0.0000
[2025-07-29 13:36:53,782][__main__][INFO] - Step 2100 | valid1 MSE : 0.0046 | valid1 MAE : 0.0542 | valid1 NMSE : 0.0078 | valid1 RMSE : 0.0000
[2025-07-29 13:37:05,188][__main__][INFO] - Step 2200 | valid1 MSE : 0.0045 | valid1 MAE : 0.0534 | valid1 NMSE : 0.0077 | valid1 RMSE : 0.0000
[2025-07-29 13:37:16,581][__main__][INFO] - Step 2300 | valid1 MSE : 0.0048 | valid1 MAE : 0.0554 | valid1 NMSE : 0.0081 | valid1 RMSE : 0.0000
[2025-07-29 13:37:27,953][__main__][INFO] - Step 2400 | valid1 MSE : 0.0048 | valid1 MAE : 0.0553 | valid1 NMSE : 0.0082 | valid1 RMSE : 0.0000
[2025-07-29 13:37:39,531][__main__][INFO] - Step 2500 | valid1 MSE : 0.0050 | valid1 MAE : 0.0564 | valid1 NMSE : 0.0084 | valid1 RMSE : 0.0000
[2025-07-29 13:37:50,877][__main__][INFO] - Step 2600 | valid1 MSE : 0.0048 | valid1 MAE : 0.0554 | valid1 NMSE : 0.0081 | valid1 RMSE : 0.0000
[2025-07-29 13:38:02,277][__main__][INFO] - Step 2700 | valid1 MSE : 0.0052 | valid1 MAE : 0.0577 | valid1 NMSE : 0.0088 | valid1 RMSE : 0.0000
[2025-07-29 13:38:13,528][__main__][INFO] - Step 2800 | valid1 MSE : 0.0048 | valid1 MAE : 0.0553 | valid1 NMSE : 0.0081 | valid1 RMSE : 0.0000
[2025-07-29 13:38:25,086][__main__][INFO] - Step 2900 | valid1 MSE : 0.0044 | valid1 MAE : 0.0531 | valid1 NMSE : 0.0075 | valid1 RMSE : 0.0000
[2025-07-29 13:38:36,711][__main__][INFO] - Step 3000 | valid1 MSE : 0.0044 | valid1 MAE : 0.0528 | valid1 NMSE : 0.0075 | valid1 RMSE : 0.0000
[2025-07-29 13:38:48,294][__main__][INFO] - Step 3100 | valid1 MSE : 0.0045 | valid1 MAE : 0.0539 | valid1 NMSE : 0.0077 | valid1 RMSE : 0.0000
[2025-07-29 13:38:59,566][__main__][INFO] - Step 3200 | valid1 MSE : 0.0042 | valid1 MAE : 0.0518 | valid1 NMSE : 0.0072 | valid1 RMSE : 0.0000
[2025-07-29 13:39:11,145][__main__][INFO] - Step 3300 | valid1 MSE : 0.0039 | valid1 MAE : 0.0500 | valid1 NMSE : 0.0067 | valid1 RMSE : 0.0000
[2025-07-29 13:39:22,569][__main__][INFO] - Step 3400 | valid1 MSE : 0.0045 | valid1 MAE : 0.0535 | valid1 NMSE : 0.0076 | valid1 RMSE : 0.0000
[2025-07-29 13:39:33,925][__main__][INFO] - Step 3500 | valid1 MSE : 0.0046 | valid1 MAE : 0.0540 | valid1 NMSE : 0.0077 | valid1 RMSE : 0.0000
[2025-07-29 13:39:45,083][__main__][INFO] - Step 3600 | valid1 MSE : 0.0046 | valid1 MAE : 0.0545 | valid1 NMSE : 0.0078 | valid1 RMSE : 0.0000
[2025-07-29 13:39:56,746][__main__][INFO] - Step 3700 | valid1 MSE : 0.0048 | valid1 MAE : 0.0552 | valid1 NMSE : 0.0081 | valid1 RMSE : 0.0000
[2025-07-29 13:40:08,178][__main__][INFO] - Step 3800 | valid1 MSE : 0.0039 | valid1 MAE : 0.0497 | valid1 NMSE : 0.0066 | valid1 RMSE : 0.0000
[2025-07-29 13:40:19,510][__main__][INFO] - Step 3900 | valid1 MSE : 0.0047 | valid1 MAE : 0.0552 | valid1 NMSE : 0.0080 | valid1 RMSE : 0.0000
[2025-07-29 13:40:30,657][__main__][INFO] - Step 4000 | valid1 MSE : 0.0043 | valid1 MAE : 0.0525 | valid1 NMSE : 0.0073 | valid1 RMSE : 0.0000
[2025-07-29 13:40:42,116][__main__][INFO] - Step 4100 | valid1 MSE : 0.0043 | valid1 MAE : 0.0526 | valid1 NMSE : 0.0074 | valid1 RMSE : 0.0000
[2025-07-29 13:40:53,593][__main__][INFO] - Step 4200 | valid1 MSE : 0.0043 | valid1 MAE : 0.0524 | valid1 NMSE : 0.0074 | valid1 RMSE : 0.0000
[2025-07-29 13:40:53,593][__main__][INFO] - Training done in 8.192 min
[2025-07-29 13:40:53,593][__main__][INFO] - Average time per step: 0.117 s
[2025-07-29 13:40:53,622][__main__][INFO] - End of training
[2025-07-29 13:40:54,854][__main__][INFO] - Plotted losses
[2025-07-29 13:40:54,854][__main__][INFO] - Computing test metrics
[2025-07-29 13:40:56,198][__main__][INFO] - Evaluation done in 0.022 min
[2025-07-29 13:40:58,070][__main__][INFO] - Evaluation done in 0.018 min
[2025-07-29 13:41:01,933][__main__][INFO] - Saved plots
[2025-07-29 13:41:01,933][__main__][INFO] - End of script

[2025-07-29 13:41:09,781][__main__][INFO] - =====Running main script=====
[2025-07-29 13:41:09,788][__main__][INFO] - Fetched main configs, save directory : ../outputs/benchmark_min_all/seed_1/PatchTST_revin/
[2025-07-29 13:41:09,788][__main__][INFO] - Model PatchTST, normalization revin, criterion MSE, kwargs {}
[2025-07-29 13:41:09,853][__main__][INFO] - Fetched dataloaders
[2025-07-29 13:41:09,857][__main__][INFO] - Training data shape : ((140, 1, 1000), (140, 1, 1000))
[2025-07-29 13:41:09,857][__main__][INFO] - Batch sizes : X=torch.Size([10, 1, 100]), c=torch.Size([10, 1, 120]), y=torch.Size([10, 1, 20])
[2025-07-29 13:41:12,719][__main__][INFO] - batch_size=10, learning_rate=0.0001, steps per epoch=14, epochs=300
[2025-07-29 13:41:12,719][__main__][INFO] - Starting training...
[2025-07-29 13:41:12,719][__main__][INFO] - Using device: cuda
[2025-07-29 13:41:12,719][__main__][INFO] - Training 300 epochs of 14 batches (4200 steps): , eval_freq: 100, print_freq: 100
[2025-07-29 13:41:23,770][__main__][INFO] - Step 1 | valid1 MSE : 1.0118 | valid1 MAE : 0.8231 | valid1 NMSE : 1.7048 | valid1 RMSE : 0.0010
[2025-07-29 13:41:35,377][__main__][INFO] - Step 100 | valid1 MSE : 0.0062 | valid1 MAE : 0.0630 | valid1 NMSE : 0.0105 | valid1 RMSE : 0.0000
[2025-07-29 13:41:46,940][__main__][INFO] - Step 200 | valid1 MSE : 0.0052 | valid1 MAE : 0.0570 | valid1 NMSE : 0.0088 | valid1 RMSE : 0.0000
[2025-07-29 13:41:58,499][__main__][INFO] - Step 300 | valid1 MSE : 0.0052 | valid1 MAE : 0.0579 | valid1 NMSE : 0.0089 | valid1 RMSE : 0.0000
[2025-07-29 13:42:09,951][__main__][INFO] - Step 400 | valid1 MSE : 0.0049 | valid1 MAE : 0.0561 | valid1 NMSE : 0.0084 | valid1 RMSE : 0.0000
[2025-07-29 13:42:21,547][__main__][INFO] - Step 500 | valid1 MSE : 0.0050 | valid1 MAE : 0.0565 | valid1 NMSE : 0.0084 | valid1 RMSE : 0.0000
[2025-07-29 13:42:33,021][__main__][INFO] - Step 600 | valid1 MSE : 0.0045 | valid1 MAE : 0.0534 | valid1 NMSE : 0.0076 | valid1 RMSE : 0.0000
[2025-07-29 13:42:44,509][__main__][INFO] - Step 700 | valid1 MSE : 0.0050 | valid1 MAE : 0.0565 | valid1 NMSE : 0.0084 | valid1 RMSE : 0.0000
[2025-07-29 13:42:56,207][__main__][INFO] - Step 800 | valid1 MSE : 0.0045 | valid1 MAE : 0.0535 | valid1 NMSE : 0.0076 | valid1 RMSE : 0.0000
[2025-07-29 13:43:07,893][__main__][INFO] - Step 900 | valid1 MSE : 0.0051 | valid1 MAE : 0.0571 | valid1 NMSE : 0.0086 | valid1 RMSE : 0.0000
[2025-07-29 13:43:19,340][__main__][INFO] - Step 1000 | valid1 MSE : 0.0047 | valid1 MAE : 0.0550 | valid1 NMSE : 0.0080 | valid1 RMSE : 0.0000
[2025-07-29 13:43:30,901][__main__][INFO] - Step 1100 | valid1 MSE : 0.0043 | valid1 MAE : 0.0525 | valid1 NMSE : 0.0073 | valid1 RMSE : 0.0000
[2025-07-29 13:43:42,436][__main__][INFO] - Step 1200 | valid1 MSE : 0.0051 | valid1 MAE : 0.0573 | valid1 NMSE : 0.0087 | valid1 RMSE : 0.0000
[2025-07-29 13:43:53,747][__main__][INFO] - Step 1300 | valid1 MSE : 0.0051 | valid1 MAE : 0.0567 | valid1 NMSE : 0.0087 | valid1 RMSE : 0.0000
[2025-07-29 13:44:05,267][__main__][INFO] - Step 1400 | valid1 MSE : 0.0042 | valid1 MAE : 0.0515 | valid1 NMSE : 0.0070 | valid1 RMSE : 0.0000
[2025-07-29 13:44:16,688][__main__][INFO] - Step 1500 | valid1 MSE : 0.0044 | valid1 MAE : 0.0530 | valid1 NMSE : 0.0074 | valid1 RMSE : 0.0000
[2025-07-29 13:44:28,266][__main__][INFO] - Step 1600 | valid1 MSE : 0.0044 | valid1 MAE : 0.0531 | valid1 NMSE : 0.0074 | valid1 RMSE : 0.0000
[2025-07-29 13:44:39,994][__main__][INFO] - Step 1700 | valid1 MSE : 0.0049 | valid1 MAE : 0.0561 | valid1 NMSE : 0.0083 | valid1 RMSE : 0.0000
[2025-07-29 13:44:51,534][__main__][INFO] - Step 1800 | valid1 MSE : 0.0046 | valid1 MAE : 0.0542 | valid1 NMSE : 0.0078 | valid1 RMSE : 0.0000
[2025-07-29 13:45:03,072][__main__][INFO] - Step 1900 | valid1 MSE : 0.0047 | valid1 MAE : 0.0546 | valid1 NMSE : 0.0079 | valid1 RMSE : 0.0000
[2025-07-29 13:45:14,579][__main__][INFO] - Step 2000 | valid1 MSE : 0.0042 | valid1 MAE : 0.0521 | valid1 NMSE : 0.0072 | valid1 RMSE : 0.0000
[2025-07-29 13:45:26,152][__main__][INFO] - Step 2100 | valid1 MSE : 0.0044 | valid1 MAE : 0.0527 | valid1 NMSE : 0.0074 | valid1 RMSE : 0.0000
[2025-07-29 13:45:37,781][__main__][INFO] - Step 2200 | valid1 MSE : 0.0044 | valid1 MAE : 0.0522 | valid1 NMSE : 0.0074 | valid1 RMSE : 0.0000
[2025-07-29 13:45:49,290][__main__][INFO] - Step 2300 | valid1 MSE : 0.0045 | valid1 MAE : 0.0535 | valid1 NMSE : 0.0076 | valid1 RMSE : 0.0000
[2025-07-29 13:46:00,647][__main__][INFO] - Step 2400 | valid1 MSE : 0.0045 | valid1 MAE : 0.0538 | valid1 NMSE : 0.0077 | valid1 RMSE : 0.0000
[2025-07-29 13:46:12,493][__main__][INFO] - Step 2500 | valid1 MSE : 0.0047 | valid1 MAE : 0.0550 | valid1 NMSE : 0.0080 | valid1 RMSE : 0.0000
[2025-07-29 13:46:24,237][__main__][INFO] - Step 2600 | valid1 MSE : 0.0043 | valid1 MAE : 0.0522 | valid1 NMSE : 0.0072 | valid1 RMSE : 0.0000
[2025-07-29 13:46:35,920][__main__][INFO] - Step 2700 | valid1 MSE : 0.0048 | valid1 MAE : 0.0557 | valid1 NMSE : 0.0082 | valid1 RMSE : 0.0000
[2025-07-29 13:46:47,415][__main__][INFO] - Step 2800 | valid1 MSE : 0.0048 | valid1 MAE : 0.0551 | valid1 NMSE : 0.0081 | valid1 RMSE : 0.0000
[2025-07-29 13:46:59,259][__main__][INFO] - Step 2900 | valid1 MSE : 0.0042 | valid1 MAE : 0.0517 | valid1 NMSE : 0.0071 | valid1 RMSE : 0.0000
[2025-07-29 13:47:11,019][__main__][INFO] - Step 3000 | valid1 MSE : 0.0043 | valid1 MAE : 0.0519 | valid1 NMSE : 0.0072 | valid1 RMSE : 0.0000
[2025-07-29 13:47:22,608][__main__][INFO] - Step 3100 | valid1 MSE : 0.0043 | valid1 MAE : 0.0521 | valid1 NMSE : 0.0072 | valid1 RMSE : 0.0000
[2025-07-29 13:47:34,212][__main__][INFO] - Step 3200 | valid1 MSE : 0.0041 | valid1 MAE : 0.0508 | valid1 NMSE : 0.0069 | valid1 RMSE : 0.0000
[2025-07-29 13:47:46,048][__main__][INFO] - Step 3300 | valid1 MSE : 0.0039 | valid1 MAE : 0.0498 | valid1 NMSE : 0.0066 | valid1 RMSE : 0.0000
[2025-07-29 13:47:57,847][__main__][INFO] - Step 3400 | valid1 MSE : 0.0041 | valid1 MAE : 0.0512 | valid1 NMSE : 0.0070 | valid1 RMSE : 0.0000
[2025-07-29 13:48:09,544][__main__][INFO] - Step 3500 | valid1 MSE : 0.0042 | valid1 MAE : 0.0521 | valid1 NMSE : 0.0072 | valid1 RMSE : 0.0000
[2025-07-29 13:48:21,092][__main__][INFO] - Step 3600 | valid1 MSE : 0.0041 | valid1 MAE : 0.0513 | valid1 NMSE : 0.0070 | valid1 RMSE : 0.0000
[2025-07-29 13:48:32,890][__main__][INFO] - Step 3700 | valid1 MSE : 0.0044 | valid1 MAE : 0.0528 | valid1 NMSE : 0.0074 | valid1 RMSE : 0.0000
[2025-07-29 13:48:44,561][__main__][INFO] - Step 3800 | valid1 MSE : 0.0037 | valid1 MAE : 0.0482 | valid1 NMSE : 0.0062 | valid1 RMSE : 0.0000
[2025-07-29 13:48:56,168][__main__][INFO] - Step 3900 | valid1 MSE : 0.0043 | valid1 MAE : 0.0524 | valid1 NMSE : 0.0073 | valid1 RMSE : 0.0000
[2025-07-29 13:49:07,474][__main__][INFO] - Step 4000 | valid1 MSE : 0.0040 | valid1 MAE : 0.0505 | valid1 NMSE : 0.0068 | valid1 RMSE : 0.0000
[2025-07-29 13:49:19,203][__main__][INFO] - Step 4100 | valid1 MSE : 0.0043 | valid1 MAE : 0.0522 | valid1 NMSE : 0.0072 | valid1 RMSE : 0.0000
[2025-07-29 13:49:30,790][__main__][INFO] - Step 4200 | valid1 MSE : 0.0040 | valid1 MAE : 0.0505 | valid1 NMSE : 0.0068 | valid1 RMSE : 0.0000
[2025-07-29 13:49:30,790][__main__][INFO] - Training done in 8.301 min
[2025-07-29 13:49:30,790][__main__][INFO] - Average time per step: 0.119 s
[2025-07-29 13:49:30,820][__main__][INFO] - End of training
[2025-07-29 13:49:32,336][__main__][INFO] - Plotted losses
[2025-07-29 13:49:32,336][__main__][INFO] - Computing test metrics
[2025-07-29 13:49:33,697][__main__][INFO] - Evaluation done in 0.023 min
[2025-07-29 13:49:35,523][__main__][INFO] - Evaluation done in 0.018 min
[2025-07-29 13:49:39,454][__main__][INFO] - Saved plots
[2025-07-29 13:49:39,454][__main__][INFO] - Final mIN parameters: {'beta': np.float32(0.0009043079), 'alpha': np.float32(1.1529955)}
[2025-07-29 13:49:39,454][__main__][INFO] - End of script

[2025-07-29 13:49:47,901][__main__][INFO] - =====Running main script=====
[2025-07-29 13:49:47,908][__main__][INFO] - Fetched main configs, save directory : ../outputs/benchmark_min_all/seed_1/min/
[2025-07-29 13:49:47,908][__main__][INFO] - Model PatchTST, normalization mIN, criterion MSE, kwargs {}
[2025-07-29 13:49:47,971][__main__][INFO] - Fetched dataloaders
[2025-07-29 13:49:47,975][__main__][INFO] - Training data shape : ((140, 1, 1000), (140, 1, 1000))
[2025-07-29 13:49:47,975][__main__][INFO] - Batch sizes : X=torch.Size([10, 1, 100]), c=torch.Size([10, 1, 120]), y=torch.Size([10, 1, 20])
[2025-07-29 13:49:51,459][__main__][INFO] - batch_size=10, learning_rate=0.0001, steps per epoch=14, epochs=300
[2025-07-29 13:49:51,460][__main__][INFO] - Starting training...
[2025-07-29 13:49:51,460][__main__][INFO] - Using device: cuda
[2025-07-29 13:49:51,460][__main__][INFO] - Training 300 epochs of 14 batches (4200 steps): , eval_freq: 100, print_freq: 100
[2025-07-29 13:50:02,481][__main__][INFO] - Step 1 | valid1 MSE : 1.0118 | valid1 MAE : 0.8231 | valid1 NMSE : 1.7048 | valid1 RMSE : 0.0010
[2025-07-29 13:50:13,964][__main__][INFO] - Step 100 | valid1 MSE : 0.0062 | valid1 MAE : 0.0629 | valid1 NMSE : 0.0105 | valid1 RMSE : 0.0000
[2025-07-29 13:50:25,598][__main__][INFO] - Step 200 | valid1 MSE : 0.0052 | valid1 MAE : 0.0571 | valid1 NMSE : 0.0088 | valid1 RMSE : 0.0000
[2025-07-29 13:50:37,162][__main__][INFO] - Step 300 | valid1 MSE : 0.0053 | valid1 MAE : 0.0580 | valid1 NMSE : 0.0089 | valid1 RMSE : 0.0000
[2025-07-29 13:50:49,003][__main__][INFO] - Step 400 | valid1 MSE : 0.0049 | valid1 MAE : 0.0562 | valid1 NMSE : 0.0084 | valid1 RMSE : 0.0000
[2025-07-29 13:51:00,695][__main__][INFO] - Step 500 | valid1 MSE : 0.0050 | valid1 MAE : 0.0565 | valid1 NMSE : 0.0084 | valid1 RMSE : 0.0000
[2025-07-29 13:51:12,258][__main__][INFO] - Step 600 | valid1 MSE : 0.0045 | valid1 MAE : 0.0535 | valid1 NMSE : 0.0076 | valid1 RMSE : 0.0000
[2025-07-29 13:51:23,830][__main__][INFO] - Step 700 | valid1 MSE : 0.0050 | valid1 MAE : 0.0567 | valid1 NMSE : 0.0085 | valid1 RMSE : 0.0000
[2025-07-29 13:51:35,484][__main__][INFO] - Step 800 | valid1 MSE : 0.0045 | valid1 MAE : 0.0535 | valid1 NMSE : 0.0076 | valid1 RMSE : 0.0000
[2025-07-29 13:51:46,925][__main__][INFO] - Step 900 | valid1 MSE : 0.0051 | valid1 MAE : 0.0572 | valid1 NMSE : 0.0087 | valid1 RMSE : 0.0000
[2025-07-29 13:51:58,443][__main__][INFO] - Step 1000 | valid1 MSE : 0.0047 | valid1 MAE : 0.0551 | valid1 NMSE : 0.0080 | valid1 RMSE : 0.0000
[2025-07-29 13:52:10,179][__main__][INFO] - Step 1100 | valid1 MSE : 0.0043 | valid1 MAE : 0.0525 | valid1 NMSE : 0.0073 | valid1 RMSE : 0.0000
[2025-07-29 13:52:21,626][__main__][INFO] - Step 1200 | valid1 MSE : 0.0051 | valid1 MAE : 0.0574 | valid1 NMSE : 0.0087 | valid1 RMSE : 0.0000
[2025-07-29 13:52:33,105][__main__][INFO] - Step 1300 | valid1 MSE : 0.0052 | valid1 MAE : 0.0568 | valid1 NMSE : 0.0087 | valid1 RMSE : 0.0000
[2025-07-29 13:52:44,612][__main__][INFO] - Step 1400 | valid1 MSE : 0.0042 | valid1 MAE : 0.0516 | valid1 NMSE : 0.0070 | valid1 RMSE : 0.0000
[2025-07-29 13:52:56,170][__main__][INFO] - Step 1500 | valid1 MSE : 0.0044 | valid1 MAE : 0.0531 | valid1 NMSE : 0.0075 | valid1 RMSE : 0.0000
[2025-07-29 13:53:07,829][__main__][INFO] - Step 1600 | valid1 MSE : 0.0044 | valid1 MAE : 0.0532 | valid1 NMSE : 0.0075 | valid1 RMSE : 0.0000
[2025-07-29 13:53:19,328][__main__][INFO] - Step 1700 | valid1 MSE : 0.0050 | valid1 MAE : 0.0561 | valid1 NMSE : 0.0084 | valid1 RMSE : 0.0000
[2025-07-29 13:53:30,713][__main__][INFO] - Step 1800 | valid1 MSE : 0.0046 | valid1 MAE : 0.0543 | valid1 NMSE : 0.0078 | valid1 RMSE : 0.0000
[2025-07-29 13:53:42,193][__main__][INFO] - Step 1900 | valid1 MSE : 0.0047 | valid1 MAE : 0.0547 | valid1 NMSE : 0.0079 | valid1 RMSE : 0.0000
[2025-07-29 13:53:53,961][__main__][INFO] - Step 2000 | valid1 MSE : 0.0043 | valid1 MAE : 0.0521 | valid1 NMSE : 0.0072 | valid1 RMSE : 0.0000
[2025-07-29 13:54:05,501][__main__][INFO] - Step 2100 | valid1 MSE : 0.0044 | valid1 MAE : 0.0527 | valid1 NMSE : 0.0074 | valid1 RMSE : 0.0000
[2025-07-29 13:54:16,995][__main__][INFO] - Step 2200 | valid1 MSE : 0.0043 | valid1 MAE : 0.0522 | valid1 NMSE : 0.0074 | valid1 RMSE : 0.0000
[2025-07-29 13:54:28,289][__main__][INFO] - Step 2300 | valid1 MSE : 0.0045 | valid1 MAE : 0.0533 | valid1 NMSE : 0.0075 | valid1 RMSE : 0.0000
[2025-07-29 13:54:39,903][__main__][INFO] - Step 2400 | valid1 MSE : 0.0045 | valid1 MAE : 0.0537 | valid1 NMSE : 0.0077 | valid1 RMSE : 0.0000
[2025-07-29 13:54:51,306][__main__][INFO] - Step 2500 | valid1 MSE : 0.0048 | valid1 MAE : 0.0552 | valid1 NMSE : 0.0080 | valid1 RMSE : 0.0000
[2025-07-29 13:55:02,801][__main__][INFO] - Step 2600 | valid1 MSE : 0.0042 | valid1 MAE : 0.0518 | valid1 NMSE : 0.0071 | valid1 RMSE : 0.0000
[2025-07-29 13:55:14,243][__main__][INFO] - Step 2700 | valid1 MSE : 0.0048 | valid1 MAE : 0.0555 | valid1 NMSE : 0.0081 | valid1 RMSE : 0.0000
[2025-07-29 13:55:25,853][__main__][INFO] - Step 2800 | valid1 MSE : 0.0048 | valid1 MAE : 0.0553 | valid1 NMSE : 0.0081 | valid1 RMSE : 0.0000
[2025-07-29 13:55:37,330][__main__][INFO] - Step 2900 | valid1 MSE : 0.0042 | valid1 MAE : 0.0518 | valid1 NMSE : 0.0071 | valid1 RMSE : 0.0000
[2025-07-29 13:55:48,772][__main__][INFO] - Step 3000 | valid1 MSE : 0.0043 | valid1 MAE : 0.0520 | valid1 NMSE : 0.0072 | valid1 RMSE : 0.0000
[2025-07-29 13:55:59,965][__main__][INFO] - Step 3100 | valid1 MSE : 0.0042 | valid1 MAE : 0.0520 | valid1 NMSE : 0.0072 | valid1 RMSE : 0.0000
[2025-07-29 13:56:11,537][__main__][INFO] - Step 3200 | valid1 MSE : 0.0041 | valid1 MAE : 0.0508 | valid1 NMSE : 0.0069 | valid1 RMSE : 0.0000
[2025-07-29 13:56:22,962][__main__][INFO] - Step 3300 | valid1 MSE : 0.0039 | valid1 MAE : 0.0499 | valid1 NMSE : 0.0066 | valid1 RMSE : 0.0000
[2025-07-29 13:56:34,528][__main__][INFO] - Step 3400 | valid1 MSE : 0.0040 | valid1 MAE : 0.0508 | valid1 NMSE : 0.0069 | valid1 RMSE : 0.0000
[2025-07-29 13:56:45,985][__main__][INFO] - Step 3500 | valid1 MSE : 0.0042 | valid1 MAE : 0.0519 | valid1 NMSE : 0.0072 | valid1 RMSE : 0.0000
[2025-07-29 13:56:57,896][__main__][INFO] - Step 3600 | valid1 MSE : 0.0041 | valid1 MAE : 0.0509 | valid1 NMSE : 0.0069 | valid1 RMSE : 0.0000
[2025-07-29 13:57:09,453][__main__][INFO] - Step 3700 | valid1 MSE : 0.0044 | valid1 MAE : 0.0526 | valid1 NMSE : 0.0074 | valid1 RMSE : 0.0000
[2025-07-29 13:57:21,071][__main__][INFO] - Step 3800 | valid1 MSE : 0.0036 | valid1 MAE : 0.0479 | valid1 NMSE : 0.0061 | valid1 RMSE : 0.0000
[2025-07-29 13:57:32,610][__main__][INFO] - Step 3900 | valid1 MSE : 0.0043 | valid1 MAE : 0.0521 | valid1 NMSE : 0.0072 | valid1 RMSE : 0.0000
[2025-07-29 13:57:44,314][__main__][INFO] - Step 4000 | valid1 MSE : 0.0040 | valid1 MAE : 0.0503 | valid1 NMSE : 0.0067 | valid1 RMSE : 0.0000
[2025-07-29 13:57:55,957][__main__][INFO] - Step 4100 | valid1 MSE : 0.0043 | valid1 MAE : 0.0523 | valid1 NMSE : 0.0073 | valid1 RMSE : 0.0000
[2025-07-29 13:58:07,721][__main__][INFO] - Step 4200 | valid1 MSE : 0.0040 | valid1 MAE : 0.0502 | valid1 NMSE : 0.0067 | valid1 RMSE : 0.0000
[2025-07-29 13:58:07,721][__main__][INFO] - Training done in 8.271 min
[2025-07-29 13:58:07,721][__main__][INFO] - Average time per step: 0.118 s
[2025-07-29 13:58:07,750][__main__][INFO] - End of training
[2025-07-29 13:58:09,201][__main__][INFO] - Plotted losses
[2025-07-29 13:58:09,202][__main__][INFO] - Computing test metrics
[2025-07-29 13:58:10,612][__main__][INFO] - Evaluation done in 0.024 min
[2025-07-29 13:58:12,489][__main__][INFO] - Evaluation done in 0.019 min
[2025-07-29 13:58:16,414][__main__][INFO] - Saved plots
[2025-07-29 13:58:16,414][__main__][INFO] - Final mIN parameters: {'beta': np.float32(-0.0014814228), 'alpha': np.float32(0.8370144)}
[2025-07-29 13:58:16,414][__main__][INFO] - End of script

[2025-07-29 13:58:23,993][__main__][INFO] - =====Running main script=====
[2025-07-29 13:58:24,000][__main__][INFO] - Fetched main configs, save directory : ../outputs/benchmark_min_all/seed_1/cmin_default/
[2025-07-29 13:58:24,001][__main__][INFO] - Model PatchTST, normalization cmIN, criterion MSE, kwargs {}
[2025-07-29 13:58:24,064][__main__][INFO] - Fetched dataloaders
[2025-07-29 13:58:24,068][__main__][INFO] - Training data shape : ((140, 1, 1000), (140, 1, 1000))
[2025-07-29 13:58:24,069][__main__][INFO] - Batch sizes : X=torch.Size([10, 1, 100]), c=torch.Size([10, 1, 120]), y=torch.Size([10, 1, 20])
[2025-07-29 13:58:27,095][__main__][INFO] - batch_size=10, learning_rate=0.0001, steps per epoch=14, epochs=300
[2025-07-29 13:58:27,095][__main__][INFO] - Starting training...
[2025-07-29 13:58:27,095][__main__][INFO] - Using device: cuda
[2025-07-29 13:58:27,096][__main__][INFO] - Training 300 epochs of 14 batches (4200 steps): , eval_freq: 100, print_freq: 100
[2025-07-29 13:58:43,956][__main__][INFO] - Step 1 | valid1 MSE : 1.0117 | valid1 MAE : 0.8230 | valid1 NMSE : 1.7046 | valid1 RMSE : 0.0010
[2025-07-29 13:59:01,249][__main__][INFO] - Step 100 | valid1 MSE : 0.0062 | valid1 MAE : 0.0629 | valid1 NMSE : 0.0105 | valid1 RMSE : 0.0000
[2025-07-29 13:59:18,375][__main__][INFO] - Step 200 | valid1 MSE : 0.0052 | valid1 MAE : 0.0571 | valid1 NMSE : 0.0088 | valid1 RMSE : 0.0000
[2025-07-29 13:59:35,817][__main__][INFO] - Step 300 | valid1 MSE : 0.0053 | valid1 MAE : 0.0580 | valid1 NMSE : 0.0089 | valid1 RMSE : 0.0000
[2025-07-29 13:59:53,157][__main__][INFO] - Step 400 | valid1 MSE : 0.0049 | valid1 MAE : 0.0562 | valid1 NMSE : 0.0084 | valid1 RMSE : 0.0000
[2025-07-29 14:00:10,485][__main__][INFO] - Step 500 | valid1 MSE : 0.0050 | valid1 MAE : 0.0566 | valid1 NMSE : 0.0084 | valid1 RMSE : 0.0000
[2025-07-29 14:00:27,932][__main__][INFO] - Step 600 | valid1 MSE : 0.0045 | valid1 MAE : 0.0535 | valid1 NMSE : 0.0076 | valid1 RMSE : 0.0000
[2025-07-29 14:00:44,972][__main__][INFO] - Step 700 | valid1 MSE : 0.0050 | valid1 MAE : 0.0567 | valid1 NMSE : 0.0085 | valid1 RMSE : 0.0000
[2025-07-29 14:01:02,147][__main__][INFO] - Step 800 | valid1 MSE : 0.0045 | valid1 MAE : 0.0535 | valid1 NMSE : 0.0076 | valid1 RMSE : 0.0000
[2025-07-29 14:01:19,243][__main__][INFO] - Step 900 | valid1 MSE : 0.0051 | valid1 MAE : 0.0572 | valid1 NMSE : 0.0087 | valid1 RMSE : 0.0000
[2025-07-29 14:01:36,542][__main__][INFO] - Step 1000 | valid1 MSE : 0.0047 | valid1 MAE : 0.0551 | valid1 NMSE : 0.0081 | valid1 RMSE : 0.0000
[2025-07-29 14:01:54,048][__main__][INFO] - Step 1100 | valid1 MSE : 0.0043 | valid1 MAE : 0.0526 | valid1 NMSE : 0.0073 | valid1 RMSE : 0.0000
[2025-07-29 14:02:11,377][__main__][INFO] - Step 1200 | valid1 MSE : 0.0051 | valid1 MAE : 0.0574 | valid1 NMSE : 0.0087 | valid1 RMSE : 0.0000
[2025-07-29 14:02:28,658][__main__][INFO] - Step 1300 | valid1 MSE : 0.0052 | valid1 MAE : 0.0569 | valid1 NMSE : 0.0087 | valid1 RMSE : 0.0000
[2025-07-29 14:02:46,087][__main__][INFO] - Step 1400 | valid1 MSE : 0.0042 | valid1 MAE : 0.0516 | valid1 NMSE : 0.0070 | valid1 RMSE : 0.0000
[2025-07-29 14:03:03,177][__main__][INFO] - Step 1500 | valid1 MSE : 0.0044 | valid1 MAE : 0.0531 | valid1 NMSE : 0.0075 | valid1 RMSE : 0.0000
[2025-07-29 14:03:20,587][__main__][INFO] - Step 1600 | valid1 MSE : 0.0044 | valid1 MAE : 0.0532 | valid1 NMSE : 0.0075 | valid1 RMSE : 0.0000
[2025-07-29 14:03:37,925][__main__][INFO] - Step 1700 | valid1 MSE : 0.0050 | valid1 MAE : 0.0562 | valid1 NMSE : 0.0084 | valid1 RMSE : 0.0000
[2025-07-29 14:03:55,280][__main__][INFO] - Step 1800 | valid1 MSE : 0.0046 | valid1 MAE : 0.0544 | valid1 NMSE : 0.0078 | valid1 RMSE : 0.0000
[2025-07-29 14:04:12,690][__main__][INFO] - Step 1900 | valid1 MSE : 0.0047 | valid1 MAE : 0.0547 | valid1 NMSE : 0.0079 | valid1 RMSE : 0.0000
[2025-07-29 14:04:30,164][__main__][INFO] - Step 2000 | valid1 MSE : 0.0043 | valid1 MAE : 0.0522 | valid1 NMSE : 0.0072 | valid1 RMSE : 0.0000
[2025-07-29 14:04:46,833][__main__][INFO] - Step 2100 | valid1 MSE : 0.0044 | valid1 MAE : 0.0528 | valid1 NMSE : 0.0074 | valid1 RMSE : 0.0000
[2025-07-29 14:05:03,326][__main__][INFO] - Step 2200 | valid1 MSE : 0.0043 | valid1 MAE : 0.0522 | valid1 NMSE : 0.0074 | valid1 RMSE : 0.0000
[2025-07-29 14:05:19,997][__main__][INFO] - Step 2300 | valid1 MSE : 0.0045 | valid1 MAE : 0.0534 | valid1 NMSE : 0.0076 | valid1 RMSE : 0.0000
[2025-07-29 14:05:36,667][__main__][INFO] - Step 2400 | valid1 MSE : 0.0045 | valid1 MAE : 0.0538 | valid1 NMSE : 0.0077 | valid1 RMSE : 0.0000
[2025-07-29 14:05:53,189][__main__][INFO] - Step 2500 | valid1 MSE : 0.0048 | valid1 MAE : 0.0552 | valid1 NMSE : 0.0081 | valid1 RMSE : 0.0000
[2025-07-29 14:06:09,982][__main__][INFO] - Step 2600 | valid1 MSE : 0.0042 | valid1 MAE : 0.0520 | valid1 NMSE : 0.0072 | valid1 RMSE : 0.0000
[2025-07-29 14:06:26,576][__main__][INFO] - Step 2700 | valid1 MSE : 0.0048 | valid1 MAE : 0.0557 | valid1 NMSE : 0.0082 | valid1 RMSE : 0.0000
[2025-07-29 14:06:43,388][__main__][INFO] - Step 2800 | valid1 MSE : 0.0048 | valid1 MAE : 0.0552 | valid1 NMSE : 0.0081 | valid1 RMSE : 0.0000
[2025-07-29 14:07:00,094][__main__][INFO] - Step 2900 | valid1 MSE : 0.0042 | valid1 MAE : 0.0519 | valid1 NMSE : 0.0071 | valid1 RMSE : 0.0000
[2025-07-29 14:07:16,613][__main__][INFO] - Step 3000 | valid1 MSE : 0.0043 | valid1 MAE : 0.0520 | valid1 NMSE : 0.0072 | valid1 RMSE : 0.0000
[2025-07-29 14:07:33,300][__main__][INFO] - Step 3100 | valid1 MSE : 0.0043 | valid1 MAE : 0.0522 | valid1 NMSE : 0.0072 | valid1 RMSE : 0.0000
[2025-07-29 14:07:49,947][__main__][INFO] - Step 3200 | valid1 MSE : 0.0041 | valid1 MAE : 0.0508 | valid1 NMSE : 0.0069 | valid1 RMSE : 0.0000
[2025-07-29 14:08:06,466][__main__][INFO] - Step 3300 | valid1 MSE : 0.0039 | valid1 MAE : 0.0498 | valid1 NMSE : 0.0066 | valid1 RMSE : 0.0000
[2025-07-29 14:08:23,098][__main__][INFO] - Step 3400 | valid1 MSE : 0.0041 | valid1 MAE : 0.0512 | valid1 NMSE : 0.0070 | valid1 RMSE : 0.0000
[2025-07-29 14:08:39,790][__main__][INFO] - Step 3500 | valid1 MSE : 0.0043 | valid1 MAE : 0.0521 | valid1 NMSE : 0.0072 | valid1 RMSE : 0.0000
[2025-07-29 14:08:56,375][__main__][INFO] - Step 3600 | valid1 MSE : 0.0041 | valid1 MAE : 0.0513 | valid1 NMSE : 0.0070 | valid1 RMSE : 0.0000
[2025-07-29 14:09:12,846][__main__][INFO] - Step 3700 | valid1 MSE : 0.0044 | valid1 MAE : 0.0530 | valid1 NMSE : 0.0075 | valid1 RMSE : 0.0000
[2025-07-29 14:09:29,574][__main__][INFO] - Step 3800 | valid1 MSE : 0.0036 | valid1 MAE : 0.0481 | valid1 NMSE : 0.0062 | valid1 RMSE : 0.0000
[2025-07-29 14:09:46,161][__main__][INFO] - Step 3900 | valid1 MSE : 0.0043 | valid1 MAE : 0.0525 | valid1 NMSE : 0.0073 | valid1 RMSE : 0.0000
[2025-07-29 14:10:02,697][__main__][INFO] - Step 4000 | valid1 MSE : 0.0040 | valid1 MAE : 0.0506 | valid1 NMSE : 0.0068 | valid1 RMSE : 0.0000
[2025-07-29 14:10:19,219][__main__][INFO] - Step 4100 | valid1 MSE : 0.0043 | valid1 MAE : 0.0524 | valid1 NMSE : 0.0073 | valid1 RMSE : 0.0000
[2025-07-29 14:10:35,818][__main__][INFO] - Step 4200 | valid1 MSE : 0.0040 | valid1 MAE : 0.0504 | valid1 NMSE : 0.0068 | valid1 RMSE : 0.0000
[2025-07-29 14:10:35,818][__main__][INFO] - Training done in 12.145 min
[2025-07-29 14:10:35,818][__main__][INFO] - Average time per step: 0.174 s
[2025-07-29 14:10:35,849][__main__][INFO] - End of training
[2025-07-29 14:10:37,106][__main__][INFO] - Plotted losses
[2025-07-29 14:10:37,106][__main__][INFO] - Computing test metrics
[2025-07-29 14:10:39,876][__main__][INFO] - Evaluation done in 0.046 min
[2025-07-29 14:10:42,483][__main__][INFO] - Evaluation done in 0.031 min
[2025-07-29 14:10:46,317][__main__][INFO] - Saved plots
[2025-07-29 14:10:46,317][__main__][INFO] - End of script

[2025-07-29 14:10:54,597][__main__][INFO] - =====Running main script=====
[2025-07-29 14:10:54,604][__main__][INFO] - Fetched main configs, save directory : ../outputs/benchmark_min_all/seed_1/cmin_init/
[2025-07-29 14:10:54,604][__main__][INFO] - Model PatchTST, normalization cmIN, criterion MSE, kwargs {}
[2025-07-29 14:10:54,667][__main__][INFO] - Fetched dataloaders
[2025-07-29 14:10:54,671][__main__][INFO] - Training data shape : ((140, 1, 1000), (140, 1, 1000))
[2025-07-29 14:10:54,671][__main__][INFO] - Batch sizes : X=torch.Size([10, 1, 100]), c=torch.Size([10, 1, 120]), y=torch.Size([10, 1, 20])
[2025-07-29 14:10:57,859][__main__][INFO] - batch_size=10, learning_rate=0.0001, steps per epoch=14, epochs=300
[2025-07-29 14:10:57,859][__main__][INFO] - Starting training...
[2025-07-29 14:10:57,859][__main__][INFO] - Using device: cuda
[2025-07-29 14:10:57,859][__main__][INFO] - Training 300 epochs of 14 batches (4200 steps): , eval_freq: 100, print_freq: 100
[2025-07-29 14:11:14,220][__main__][INFO] - Step 1 | valid1 MSE : 0.5979 | valid1 MAE : 0.6818 | valid1 NMSE : 1.0079 | valid1 RMSE : 0.0006
[2025-07-29 14:11:30,917][__main__][INFO] - Step 100 | valid1 MSE : 0.0056 | valid1 MAE : 0.0599 | valid1 NMSE : 0.0095 | valid1 RMSE : 0.0000
[2025-07-29 14:11:47,632][__main__][INFO] - Step 200 | valid1 MSE : 0.0046 | valid1 MAE : 0.0539 | valid1 NMSE : 0.0078 | valid1 RMSE : 0.0000
[2025-07-29 14:12:04,566][__main__][INFO] - Step 300 | valid1 MSE : 0.0045 | valid1 MAE : 0.0538 | valid1 NMSE : 0.0077 | valid1 RMSE : 0.0000
[2025-07-29 14:12:21,367][__main__][INFO] - Step 400 | valid1 MSE : 0.0047 | valid1 MAE : 0.0546 | valid1 NMSE : 0.0080 | valid1 RMSE : 0.0000
[2025-07-29 14:12:38,096][__main__][INFO] - Step 500 | valid1 MSE : 0.0045 | valid1 MAE : 0.0535 | valid1 NMSE : 0.0076 | valid1 RMSE : 0.0000
[2025-07-29 14:12:54,871][__main__][INFO] - Step 600 | valid1 MSE : 0.0042 | valid1 MAE : 0.0516 | valid1 NMSE : 0.0071 | valid1 RMSE : 0.0000
[2025-07-29 14:13:11,646][__main__][INFO] - Step 700 | valid1 MSE : 0.0046 | valid1 MAE : 0.0539 | valid1 NMSE : 0.0077 | valid1 RMSE : 0.0000
[2025-07-29 14:13:28,374][__main__][INFO] - Step 800 | valid1 MSE : 0.0042 | valid1 MAE : 0.0515 | valid1 NMSE : 0.0070 | valid1 RMSE : 0.0000
[2025-07-29 14:13:45,005][__main__][INFO] - Step 900 | valid1 MSE : 0.0045 | valid1 MAE : 0.0536 | valid1 NMSE : 0.0075 | valid1 RMSE : 0.0000
[2025-07-29 14:14:01,891][__main__][INFO] - Step 1000 | valid1 MSE : 0.0042 | valid1 MAE : 0.0516 | valid1 NMSE : 0.0070 | valid1 RMSE : 0.0000
[2025-07-29 14:14:18,539][__main__][INFO] - Step 1100 | valid1 MSE : 0.0041 | valid1 MAE : 0.0514 | valid1 NMSE : 0.0070 | valid1 RMSE : 0.0000
[2025-07-29 14:14:35,155][__main__][INFO] - Step 1200 | valid1 MSE : 0.0044 | valid1 MAE : 0.0531 | valid1 NMSE : 0.0075 | valid1 RMSE : 0.0000
[2025-07-29 14:14:51,941][__main__][INFO] - Step 1300 | valid1 MSE : 0.0042 | valid1 MAE : 0.0514 | valid1 NMSE : 0.0070 | valid1 RMSE : 0.0000
[2025-07-29 14:15:08,696][__main__][INFO] - Step 1400 | valid1 MSE : 0.0036 | valid1 MAE : 0.0479 | valid1 NMSE : 0.0061 | valid1 RMSE : 0.0000
[2025-07-29 14:15:25,437][__main__][INFO] - Step 1500 | valid1 MSE : 0.0040 | valid1 MAE : 0.0508 | valid1 NMSE : 0.0068 | valid1 RMSE : 0.0000
[2025-07-29 14:15:42,168][__main__][INFO] - Step 1600 | valid1 MSE : 0.0036 | valid1 MAE : 0.0482 | valid1 NMSE : 0.0062 | valid1 RMSE : 0.0000
[2025-07-29 14:15:59,067][__main__][INFO] - Step 1700 | valid1 MSE : 0.0038 | valid1 MAE : 0.0491 | valid1 NMSE : 0.0064 | valid1 RMSE : 0.0000
[2025-07-29 14:16:15,809][__main__][INFO] - Step 1800 | valid1 MSE : 0.0041 | valid1 MAE : 0.0511 | valid1 NMSE : 0.0069 | valid1 RMSE : 0.0000
[2025-07-29 14:16:32,462][__main__][INFO] - Step 1900 | valid1 MSE : 0.0042 | valid1 MAE : 0.0513 | valid1 NMSE : 0.0070 | valid1 RMSE : 0.0000
[2025-07-29 14:16:49,059][__main__][INFO] - Step 2000 | valid1 MSE : 0.0037 | valid1 MAE : 0.0486 | valid1 NMSE : 0.0063 | valid1 RMSE : 0.0000
[2025-07-29 14:17:05,979][__main__][INFO] - Step 2100 | valid1 MSE : 0.0038 | valid1 MAE : 0.0494 | valid1 NMSE : 0.0065 | valid1 RMSE : 0.0000
[2025-07-29 14:17:22,590][__main__][INFO] - Step 2200 | valid1 MSE : 0.0039 | valid1 MAE : 0.0498 | valid1 NMSE : 0.0066 | valid1 RMSE : 0.0000
[2025-07-29 14:17:39,320][__main__][INFO] - Step 2300 | valid1 MSE : 0.0042 | valid1 MAE : 0.0521 | valid1 NMSE : 0.0072 | valid1 RMSE : 0.0000
[2025-07-29 14:17:56,160][__main__][INFO] - Step 2400 | valid1 MSE : 0.0037 | valid1 MAE : 0.0485 | valid1 NMSE : 0.0063 | valid1 RMSE : 0.0000
[2025-07-29 14:18:12,931][__main__][INFO] - Step 2500 | valid1 MSE : 0.0042 | valid1 MAE : 0.0519 | valid1 NMSE : 0.0071 | valid1 RMSE : 0.0000
[2025-07-29 14:18:29,584][__main__][INFO] - Step 2600 | valid1 MSE : 0.0041 | valid1 MAE : 0.0510 | valid1 NMSE : 0.0069 | valid1 RMSE : 0.0000
[2025-07-29 14:18:46,240][__main__][INFO] - Step 2700 | valid1 MSE : 0.0041 | valid1 MAE : 0.0512 | valid1 NMSE : 0.0070 | valid1 RMSE : 0.0000
[2025-07-29 14:19:03,097][__main__][INFO] - Step 2800 | valid1 MSE : 0.0039 | valid1 MAE : 0.0498 | valid1 NMSE : 0.0066 | valid1 RMSE : 0.0000
[2025-07-29 14:19:20,008][__main__][INFO] - Step 2900 | valid1 MSE : 0.0039 | valid1 MAE : 0.0502 | valid1 NMSE : 0.0067 | valid1 RMSE : 0.0000
[2025-07-29 14:19:36,699][__main__][INFO] - Step 3000 | valid1 MSE : 0.0037 | valid1 MAE : 0.0483 | valid1 NMSE : 0.0063 | valid1 RMSE : 0.0000
[2025-07-29 14:19:53,380][__main__][INFO] - Step 3100 | valid1 MSE : 0.0040 | valid1 MAE : 0.0503 | valid1 NMSE : 0.0068 | valid1 RMSE : 0.0000
[2025-07-29 14:20:10,057][__main__][INFO] - Step 3200 | valid1 MSE : 0.0037 | valid1 MAE : 0.0482 | valid1 NMSE : 0.0062 | valid1 RMSE : 0.0000
[2025-07-29 14:20:26,707][__main__][INFO] - Step 3300 | valid1 MSE : 0.0034 | valid1 MAE : 0.0464 | valid1 NMSE : 0.0057 | valid1 RMSE : 0.0000
[2025-07-29 14:20:43,472][__main__][INFO] - Step 3400 | valid1 MSE : 0.0036 | valid1 MAE : 0.0480 | valid1 NMSE : 0.0061 | valid1 RMSE : 0.0000
[2025-07-29 14:21:00,110][__main__][INFO] - Step 3500 | valid1 MSE : 0.0040 | valid1 MAE : 0.0507 | valid1 NMSE : 0.0068 | valid1 RMSE : 0.0000
[2025-07-29 14:21:16,813][__main__][INFO] - Step 3600 | valid1 MSE : 0.0040 | valid1 MAE : 0.0506 | valid1 NMSE : 0.0068 | valid1 RMSE : 0.0000
[2025-07-29 14:21:33,599][__main__][INFO] - Step 3700 | valid1 MSE : 0.0043 | valid1 MAE : 0.0527 | valid1 NMSE : 0.0073 | valid1 RMSE : 0.0000
[2025-07-29 14:21:50,457][__main__][INFO] - Step 3800 | valid1 MSE : 0.0035 | valid1 MAE : 0.0471 | valid1 NMSE : 0.0059 | valid1 RMSE : 0.0000
[2025-07-29 14:22:07,113][__main__][INFO] - Step 3900 | valid1 MSE : 0.0042 | valid1 MAE : 0.0520 | valid1 NMSE : 0.0071 | valid1 RMSE : 0.0000
[2025-07-29 14:22:23,788][__main__][INFO] - Step 4000 | valid1 MSE : 0.0036 | valid1 MAE : 0.0480 | valid1 NMSE : 0.0061 | valid1 RMSE : 0.0000
[2025-07-29 14:22:40,467][__main__][INFO] - Step 4100 | valid1 MSE : 0.0041 | valid1 MAE : 0.0510 | valid1 NMSE : 0.0069 | valid1 RMSE : 0.0000
[2025-07-29 14:22:57,189][__main__][INFO] - Step 4200 | valid1 MSE : 0.0038 | valid1 MAE : 0.0490 | valid1 NMSE : 0.0064 | valid1 RMSE : 0.0000
[2025-07-29 14:22:57,190][__main__][INFO] - Training done in 11.989 min
[2025-07-29 14:22:57,190][__main__][INFO] - Average time per step: 0.171 s
[2025-07-29 14:22:57,220][__main__][INFO] - End of training
[2025-07-29 14:22:58,409][__main__][INFO] - Plotted losses
[2025-07-29 14:22:58,409][__main__][INFO] - Computing test metrics
[2025-07-29 14:23:01,131][__main__][INFO] - Evaluation done in 0.045 min
[2025-07-29 14:23:03,700][__main__][INFO] - Evaluation done in 0.030 min
[2025-07-29 14:23:07,520][__main__][INFO] - Saved plots
[2025-07-29 14:23:07,520][__main__][INFO] - End of script

[2025-07-29 14:23:14,521][__main__][INFO] - =====Running main script=====
[2025-07-29 14:23:14,528][__main__][INFO] - Fetched main configs, save directory : ../outputs/benchmark_min_all/seed_1/cmin_init_gamma/
[2025-07-29 14:23:14,528][__main__][INFO] - Model PatchTST, normalization cmIN, criterion MSE, kwargs {}
[2025-07-29 14:23:14,596][__main__][INFO] - Fetched dataloaders
[2025-07-29 14:23:14,600][__main__][INFO] - Training data shape : ((140, 1, 1000), (140, 1, 1000))
[2025-07-29 14:23:14,600][__main__][INFO] - Batch sizes : X=torch.Size([10, 1, 100]), c=torch.Size([10, 1, 120]), y=torch.Size([10, 1, 20])
[2025-07-29 14:23:17,305][__main__][INFO] - batch_size=10, learning_rate=0.0001, steps per epoch=14, epochs=300
[2025-07-29 14:23:17,306][__main__][INFO] - Starting training...
[2025-07-29 14:23:17,306][__main__][INFO] - Using device: cuda
[2025-07-29 14:23:17,306][__main__][INFO] - Training 300 epochs of 14 batches (4200 steps): , eval_freq: 100, print_freq: 100
[2025-07-29 14:23:33,817][__main__][INFO] - Step 1 | valid1 MSE : 0.5979 | valid1 MAE : 0.6818 | valid1 NMSE : 1.0079 | valid1 RMSE : 0.0006
[2025-07-29 14:23:50,790][__main__][INFO] - Step 100 | valid1 MSE : 0.0056 | valid1 MAE : 0.0597 | valid1 NMSE : 0.0094 | valid1 RMSE : 0.0000
[2025-07-29 14:24:07,803][__main__][INFO] - Step 200 | valid1 MSE : 0.0045 | valid1 MAE : 0.0536 | valid1 NMSE : 0.0077 | valid1 RMSE : 0.0000
[2025-07-29 14:24:24,552][__main__][INFO] - Step 300 | valid1 MSE : 0.0045 | valid1 MAE : 0.0534 | valid1 NMSE : 0.0076 | valid1 RMSE : 0.0000
[2025-07-29 14:24:41,387][__main__][INFO] - Step 400 | valid1 MSE : 0.0046 | valid1 MAE : 0.0541 | valid1 NMSE : 0.0078 | valid1 RMSE : 0.0000
[2025-07-29 14:24:58,196][__main__][INFO] - Step 500 | valid1 MSE : 0.0044 | valid1 MAE : 0.0530 | valid1 NMSE : 0.0074 | valid1 RMSE : 0.0000
[2025-07-29 14:25:14,959][__main__][INFO] - Step 600 | valid1 MSE : 0.0041 | valid1 MAE : 0.0510 | valid1 NMSE : 0.0069 | valid1 RMSE : 0.0000
[2025-07-29 14:25:31,849][__main__][INFO] - Step 700 | valid1 MSE : 0.0045 | valid1 MAE : 0.0533 | valid1 NMSE : 0.0075 | valid1 RMSE : 0.0000
[2025-07-29 14:25:48,702][__main__][INFO] - Step 800 | valid1 MSE : 0.0041 | valid1 MAE : 0.0508 | valid1 NMSE : 0.0069 | valid1 RMSE : 0.0000
[2025-07-29 14:26:05,495][__main__][INFO] - Step 900 | valid1 MSE : 0.0043 | valid1 MAE : 0.0528 | valid1 NMSE : 0.0073 | valid1 RMSE : 0.0000
[2025-07-29 14:26:22,262][__main__][INFO] - Step 1000 | valid1 MSE : 0.0040 | valid1 MAE : 0.0507 | valid1 NMSE : 0.0068 | valid1 RMSE : 0.0000
[2025-07-29 14:26:39,072][__main__][INFO] - Step 1100 | valid1 MSE : 0.0040 | valid1 MAE : 0.0506 | valid1 NMSE : 0.0068 | valid1 RMSE : 0.0000
[2025-07-29 14:26:56,024][__main__][INFO] - Step 1200 | valid1 MSE : 0.0043 | valid1 MAE : 0.0526 | valid1 NMSE : 0.0073 | valid1 RMSE : 0.0000
[2025-07-29 14:27:12,689][__main__][INFO] - Step 1300 | valid1 MSE : 0.0041 | valid1 MAE : 0.0509 | valid1 NMSE : 0.0069 | valid1 RMSE : 0.0000
[2025-07-29 14:27:29,463][__main__][INFO] - Step 1400 | valid1 MSE : 0.0035 | valid1 MAE : 0.0473 | valid1 NMSE : 0.0059 | valid1 RMSE : 0.0000
[2025-07-29 14:27:46,273][__main__][INFO] - Step 1500 | valid1 MSE : 0.0039 | valid1 MAE : 0.0499 | valid1 NMSE : 0.0066 | valid1 RMSE : 0.0000
[2025-07-29 14:28:03,224][__main__][INFO] - Step 1600 | valid1 MSE : 0.0035 | valid1 MAE : 0.0475 | valid1 NMSE : 0.0060 | valid1 RMSE : 0.0000
[2025-07-29 14:28:20,164][__main__][INFO] - Step 1700 | valid1 MSE : 0.0038 | valid1 MAE : 0.0493 | valid1 NMSE : 0.0065 | valid1 RMSE : 0.0000
[2025-07-29 14:28:36,891][__main__][INFO] - Step 1800 | valid1 MSE : 0.0040 | valid1 MAE : 0.0503 | valid1 NMSE : 0.0067 | valid1 RMSE : 0.0000
[2025-07-29 14:28:53,826][__main__][INFO] - Step 1900 | valid1 MSE : 0.0040 | valid1 MAE : 0.0503 | valid1 NMSE : 0.0067 | valid1 RMSE : 0.0000
[2025-07-29 14:29:10,583][__main__][INFO] - Step 2000 | valid1 MSE : 0.0036 | valid1 MAE : 0.0476 | valid1 NMSE : 0.0060 | valid1 RMSE : 0.0000
[2025-07-29 14:29:27,460][__main__][INFO] - Step 2100 | valid1 MSE : 0.0037 | valid1 MAE : 0.0487 | valid1 NMSE : 0.0063 | valid1 RMSE : 0.0000
[2025-07-29 14:29:44,215][__main__][INFO] - Step 2200 | valid1 MSE : 0.0038 | valid1 MAE : 0.0489 | valid1 NMSE : 0.0064 | valid1 RMSE : 0.0000
[2025-07-29 14:30:01,169][__main__][INFO] - Step 2300 | valid1 MSE : 0.0040 | valid1 MAE : 0.0505 | valid1 NMSE : 0.0068 | valid1 RMSE : 0.0000
[2025-07-29 14:30:17,958][__main__][INFO] - Step 2400 | valid1 MSE : 0.0036 | valid1 MAE : 0.0478 | valid1 NMSE : 0.0061 | valid1 RMSE : 0.0000
[2025-07-29 14:30:34,738][__main__][INFO] - Step 2500 | valid1 MSE : 0.0040 | valid1 MAE : 0.0505 | valid1 NMSE : 0.0067 | valid1 RMSE : 0.0000
[2025-07-29 14:30:51,496][__main__][INFO] - Step 2600 | valid1 MSE : 0.0037 | valid1 MAE : 0.0488 | valid1 NMSE : 0.0063 | valid1 RMSE : 0.0000
[2025-07-29 14:31:08,347][__main__][INFO] - Step 2700 | valid1 MSE : 0.0040 | valid1 MAE : 0.0506 | valid1 NMSE : 0.0068 | valid1 RMSE : 0.0000
[2025-07-29 14:31:25,117][__main__][INFO] - Step 2800 | valid1 MSE : 0.0039 | valid1 MAE : 0.0496 | valid1 NMSE : 0.0066 | valid1 RMSE : 0.0000
[2025-07-29 14:31:42,086][__main__][INFO] - Step 2900 | valid1 MSE : 0.0038 | valid1 MAE : 0.0490 | valid1 NMSE : 0.0064 | valid1 RMSE : 0.0000
[2025-07-29 14:31:58,917][__main__][INFO] - Step 3000 | valid1 MSE : 0.0036 | valid1 MAE : 0.0474 | valid1 NMSE : 0.0060 | valid1 RMSE : 0.0000
[2025-07-29 14:32:15,774][__main__][INFO] - Step 3100 | valid1 MSE : 0.0038 | valid1 MAE : 0.0493 | valid1 NMSE : 0.0065 | valid1 RMSE : 0.0000
[2025-07-29 14:32:32,470][__main__][INFO] - Step 3200 | valid1 MSE : 0.0035 | valid1 MAE : 0.0471 | valid1 NMSE : 0.0059 | valid1 RMSE : 0.0000
[2025-07-29 14:32:49,219][__main__][INFO] - Step 3300 | valid1 MSE : 0.0033 | valid1 MAE : 0.0461 | valid1 NMSE : 0.0057 | valid1 RMSE : 0.0000
[2025-07-29 14:33:06,021][__main__][INFO] - Step 3400 | valid1 MSE : 0.0035 | valid1 MAE : 0.0470 | valid1 NMSE : 0.0059 | valid1 RMSE : 0.0000
[2025-07-29 14:33:22,968][__main__][INFO] - Step 3500 | valid1 MSE : 0.0038 | valid1 MAE : 0.0492 | valid1 NMSE : 0.0064 | valid1 RMSE : 0.0000
[2025-07-29 14:33:39,894][__main__][INFO] - Step 3600 | valid1 MSE : 0.0037 | valid1 MAE : 0.0486 | valid1 NMSE : 0.0063 | valid1 RMSE : 0.0000
[2025-07-29 14:33:56,693][__main__][INFO] - Step 3700 | valid1 MSE : 0.0041 | valid1 MAE : 0.0511 | valid1 NMSE : 0.0069 | valid1 RMSE : 0.0000
[2025-07-29 14:34:13,590][__main__][INFO] - Step 3800 | valid1 MSE : 0.0034 | valid1 MAE : 0.0466 | valid1 NMSE : 0.0058 | valid1 RMSE : 0.0000
[2025-07-29 14:34:30,456][__main__][INFO] - Step 3900 | valid1 MSE : 0.0040 | valid1 MAE : 0.0506 | valid1 NMSE : 0.0068 | valid1 RMSE : 0.0000
[2025-07-29 14:34:47,257][__main__][INFO] - Step 4000 | valid1 MSE : 0.0035 | valid1 MAE : 0.0469 | valid1 NMSE : 0.0059 | valid1 RMSE : 0.0000
[2025-07-29 14:35:04,000][__main__][INFO] - Step 4100 | valid1 MSE : 0.0040 | valid1 MAE : 0.0508 | valid1 NMSE : 0.0068 | valid1 RMSE : 0.0000
[2025-07-29 14:35:20,766][__main__][INFO] - Step 4200 | valid1 MSE : 0.0035 | valid1 MAE : 0.0473 | valid1 NMSE : 0.0060 | valid1 RMSE : 0.0000
[2025-07-29 14:35:20,767][__main__][INFO] - Training done in 12.058 min
[2025-07-29 14:35:20,767][__main__][INFO] - Average time per step: 0.172 s
[2025-07-29 14:35:20,798][__main__][INFO] - End of training
[2025-07-29 14:35:22,060][__main__][INFO] - Plotted losses
[2025-07-29 14:35:22,060][__main__][INFO] - Computing test metrics
[2025-07-29 14:35:24,788][__main__][INFO] - Evaluation done in 0.045 min
[2025-07-29 14:35:27,199][__main__][INFO] - Evaluation done in 0.027 min
[2025-07-29 14:35:31,206][__main__][INFO] - Saved plots
[2025-07-29 14:35:31,206][__main__][INFO] - End of script

[2025-07-29 14:35:49,273][__main__][INFO] - =====Running main script=====
[2025-07-29 14:35:49,288][__main__][INFO] - Fetched main configs, save directory : ../outputs/benchmark_min_all/seed_2/PatchTST_instance/
[2025-07-29 14:35:49,288][__main__][INFO] - Model PatchTST, normalization instance, criterion MSE, kwargs {}
[2025-07-29 14:35:49,358][__main__][INFO] - Fetched dataloaders
[2025-07-29 14:35:49,362][__main__][INFO] - Training data shape : ((140, 1, 1000), (140, 1, 1000))
[2025-07-29 14:35:49,362][__main__][INFO] - Batch sizes : X=torch.Size([10, 1, 100]), c=torch.Size([10, 1, 120]), y=torch.Size([10, 1, 20])
[2025-07-29 14:35:52,457][__main__][INFO] - batch_size=10, learning_rate=0.0001, steps per epoch=14, epochs=300
[2025-07-29 14:35:52,458][__main__][INFO] - Starting training...
[2025-07-29 14:35:52,458][__main__][INFO] - Using device: cuda
[2025-07-29 14:35:52,458][__main__][INFO] - Training 300 epochs of 14 batches (4200 steps): , eval_freq: 100, print_freq: 100
[2025-07-29 14:36:03,277][__main__][INFO] - Step 1 | valid1 MSE : 0.7702 | valid1 MAE : 0.7130 | valid1 NMSE : 1.3036 | valid1 RMSE : 0.0008
[2025-07-29 14:36:14,539][__main__][INFO] - Step 100 | valid1 MSE : 0.0063 | valid1 MAE : 0.0630 | valid1 NMSE : 0.0106 | valid1 RMSE : 0.0000
[2025-07-29 14:36:25,718][__main__][INFO] - Step 200 | valid1 MSE : 0.0059 | valid1 MAE : 0.0616 | valid1 NMSE : 0.0100 | valid1 RMSE : 0.0000
[2025-07-29 14:36:36,869][__main__][INFO] - Step 300 | valid1 MSE : 0.0043 | valid1 MAE : 0.0525 | valid1 NMSE : 0.0073 | valid1 RMSE : 0.0000
[2025-07-29 14:36:47,978][__main__][INFO] - Step 400 | valid1 MSE : 0.0053 | valid1 MAE : 0.0579 | valid1 NMSE : 0.0089 | valid1 RMSE : 0.0000
[2025-07-29 14:36:59,443][__main__][INFO] - Step 500 | valid1 MSE : 0.0053 | valid1 MAE : 0.0580 | valid1 NMSE : 0.0089 | valid1 RMSE : 0.0000
[2025-07-29 14:37:10,635][__main__][INFO] - Step 600 | valid1 MSE : 0.0048 | valid1 MAE : 0.0550 | valid1 NMSE : 0.0082 | valid1 RMSE : 0.0000
[2025-07-29 14:37:21,917][__main__][INFO] - Step 700 | valid1 MSE : 0.0045 | valid1 MAE : 0.0534 | valid1 NMSE : 0.0076 | valid1 RMSE : 0.0000
[2025-07-29 14:37:33,260][__main__][INFO] - Step 800 | valid1 MSE : 0.0055 | valid1 MAE : 0.0592 | valid1 NMSE : 0.0093 | valid1 RMSE : 0.0000
[2025-07-29 14:37:44,475][__main__][INFO] - Step 900 | valid1 MSE : 0.0044 | valid1 MAE : 0.0530 | valid1 NMSE : 0.0075 | valid1 RMSE : 0.0000
[2025-07-29 14:37:55,458][__main__][INFO] - Step 1000 | valid1 MSE : 0.0049 | valid1 MAE : 0.0562 | valid1 NMSE : 0.0083 | valid1 RMSE : 0.0000
[2025-07-29 14:38:06,633][__main__][INFO] - Step 1100 | valid1 MSE : 0.0056 | valid1 MAE : 0.0597 | valid1 NMSE : 0.0094 | valid1 RMSE : 0.0000
[2025-07-29 14:38:17,927][__main__][INFO] - Step 1200 | valid1 MSE : 0.0049 | valid1 MAE : 0.0558 | valid1 NMSE : 0.0082 | valid1 RMSE : 0.0000
[2025-07-29 14:38:28,977][__main__][INFO] - Step 1300 | valid1 MSE : 0.0049 | valid1 MAE : 0.0559 | valid1 NMSE : 0.0083 | valid1 RMSE : 0.0000
[2025-07-29 14:38:40,266][__main__][INFO] - Step 1400 | valid1 MSE : 0.0052 | valid1 MAE : 0.0575 | valid1 NMSE : 0.0088 | valid1 RMSE : 0.0000
[2025-07-29 14:38:51,387][__main__][INFO] - Step 1500 | valid1 MSE : 0.0044 | valid1 MAE : 0.0530 | valid1 NMSE : 0.0075 | valid1 RMSE : 0.0000
[2025-07-29 14:39:02,701][__main__][INFO] - Step 1600 | valid1 MSE : 0.0042 | valid1 MAE : 0.0520 | valid1 NMSE : 0.0072 | valid1 RMSE : 0.0000
[2025-07-29 14:39:13,949][__main__][INFO] - Step 1700 | valid1 MSE : 0.0048 | valid1 MAE : 0.0557 | valid1 NMSE : 0.0082 | valid1 RMSE : 0.0000
[2025-07-29 14:39:25,370][__main__][INFO] - Step 1800 | valid1 MSE : 0.0047 | valid1 MAE : 0.0551 | valid1 NMSE : 0.0080 | valid1 RMSE : 0.0000
[2025-07-29 14:39:36,481][__main__][INFO] - Step 1900 | valid1 MSE : 0.0055 | valid1 MAE : 0.0593 | valid1 NMSE : 0.0093 | valid1 RMSE : 0.0000
[2025-07-29 14:39:47,686][__main__][INFO] - Step 2000 | valid1 MSE : 0.0045 | valid1 MAE : 0.0533 | valid1 NMSE : 0.0076 | valid1 RMSE : 0.0000
[2025-07-29 14:39:58,877][__main__][INFO] - Step 2100 | valid1 MSE : 0.0044 | valid1 MAE : 0.0530 | valid1 NMSE : 0.0074 | valid1 RMSE : 0.0000
[2025-07-29 14:40:09,991][__main__][INFO] - Step 2200 | valid1 MSE : 0.0047 | valid1 MAE : 0.0550 | valid1 NMSE : 0.0080 | valid1 RMSE : 0.0000
[2025-07-29 14:40:21,142][__main__][INFO] - Step 2300 | valid1 MSE : 0.0047 | valid1 MAE : 0.0547 | valid1 NMSE : 0.0080 | valid1 RMSE : 0.0000
[2025-07-29 14:40:32,158][__main__][INFO] - Step 2400 | valid1 MSE : 0.0045 | valid1 MAE : 0.0534 | valid1 NMSE : 0.0076 | valid1 RMSE : 0.0000
[2025-07-29 14:40:43,569][__main__][INFO] - Step 2500 | valid1 MSE : 0.0048 | valid1 MAE : 0.0554 | valid1 NMSE : 0.0082 | valid1 RMSE : 0.0000
[2025-07-29 14:40:54,791][__main__][INFO] - Step 2600 | valid1 MSE : 0.0046 | valid1 MAE : 0.0545 | valid1 NMSE : 0.0078 | valid1 RMSE : 0.0000
[2025-07-29 14:41:05,924][__main__][INFO] - Step 2700 | valid1 MSE : 0.0047 | valid1 MAE : 0.0545 | valid1 NMSE : 0.0079 | valid1 RMSE : 0.0000
[2025-07-29 14:41:16,942][__main__][INFO] - Step 2800 | valid1 MSE : 0.0044 | valid1 MAE : 0.0527 | valid1 NMSE : 0.0074 | valid1 RMSE : 0.0000
[2025-07-29 14:41:28,273][__main__][INFO] - Step 2900 | valid1 MSE : 0.0044 | valid1 MAE : 0.0527 | valid1 NMSE : 0.0074 | valid1 RMSE : 0.0000
[2025-07-29 14:41:39,590][__main__][INFO] - Step 3000 | valid1 MSE : 0.0038 | valid1 MAE : 0.0495 | valid1 NMSE : 0.0065 | valid1 RMSE : 0.0000
[2025-07-29 14:41:50,863][__main__][INFO] - Step 3100 | valid1 MSE : 0.0044 | valid1 MAE : 0.0526 | valid1 NMSE : 0.0074 | valid1 RMSE : 0.0000
[2025-07-29 14:42:01,808][__main__][INFO] - Step 3200 | valid1 MSE : 0.0042 | valid1 MAE : 0.0516 | valid1 NMSE : 0.0071 | valid1 RMSE : 0.0000
[2025-07-29 14:42:13,135][__main__][INFO] - Step 3300 | valid1 MSE : 0.0050 | valid1 MAE : 0.0566 | valid1 NMSE : 0.0085 | valid1 RMSE : 0.0000
[2025-07-29 14:42:24,303][__main__][INFO] - Step 3400 | valid1 MSE : 0.0046 | valid1 MAE : 0.0545 | valid1 NMSE : 0.0079 | valid1 RMSE : 0.0000
[2025-07-29 14:42:35,423][__main__][INFO] - Step 3500 | valid1 MSE : 0.0045 | valid1 MAE : 0.0538 | valid1 NMSE : 0.0077 | valid1 RMSE : 0.0000
[2025-07-29 14:42:46,377][__main__][INFO] - Step 3600 | valid1 MSE : 0.0043 | valid1 MAE : 0.0526 | valid1 NMSE : 0.0073 | valid1 RMSE : 0.0000
[2025-07-29 14:42:57,676][__main__][INFO] - Step 3700 | valid1 MSE : 0.0044 | valid1 MAE : 0.0528 | valid1 NMSE : 0.0074 | valid1 RMSE : 0.0000
[2025-07-29 14:43:08,917][__main__][INFO] - Step 3800 | valid1 MSE : 0.0038 | valid1 MAE : 0.0492 | valid1 NMSE : 0.0065 | valid1 RMSE : 0.0000
[2025-07-29 14:43:20,041][__main__][INFO] - Step 3900 | valid1 MSE : 0.0038 | valid1 MAE : 0.0495 | valid1 NMSE : 0.0065 | valid1 RMSE : 0.0000
[2025-07-29 14:43:31,090][__main__][INFO] - Step 4000 | valid1 MSE : 0.0042 | valid1 MAE : 0.0516 | valid1 NMSE : 0.0071 | valid1 RMSE : 0.0000
[2025-07-29 14:43:42,354][__main__][INFO] - Step 4100 | valid1 MSE : 0.0039 | valid1 MAE : 0.0498 | valid1 NMSE : 0.0066 | valid1 RMSE : 0.0000
[2025-07-29 14:43:53,487][__main__][INFO] - Step 4200 | valid1 MSE : 0.0042 | valid1 MAE : 0.0520 | valid1 NMSE : 0.0072 | valid1 RMSE : 0.0000
[2025-07-29 14:43:53,487][__main__][INFO] - Training done in 8.017 min
[2025-07-29 14:43:53,488][__main__][INFO] - Average time per step: 0.115 s
[2025-07-29 14:43:53,520][__main__][INFO] - End of training
[2025-07-29 14:43:54,757][__main__][INFO] - Plotted losses
[2025-07-29 14:43:54,757][__main__][INFO] - Computing test metrics
[2025-07-29 14:43:56,075][__main__][INFO] - Evaluation done in 0.022 min
[2025-07-29 14:43:57,884][__main__][INFO] - Evaluation done in 0.017 min
[2025-07-29 14:44:01,692][__main__][INFO] - Saved plots
[2025-07-29 14:44:01,693][__main__][INFO] - End of script

[2025-07-29 14:44:09,972][__main__][INFO] - =====Running main script=====
[2025-07-29 14:44:09,979][__main__][INFO] - Fetched main configs, save directory : ../outputs/benchmark_min_all/seed_2/PatchTST_revin/
[2025-07-29 14:44:09,979][__main__][INFO] - Model PatchTST, normalization revin, criterion MSE, kwargs {}
[2025-07-29 14:44:10,040][__main__][INFO] - Fetched dataloaders
[2025-07-29 14:44:10,044][__main__][INFO] - Training data shape : ((140, 1, 1000), (140, 1, 1000))
[2025-07-29 14:44:10,044][__main__][INFO] - Batch sizes : X=torch.Size([10, 1, 100]), c=torch.Size([10, 1, 120]), y=torch.Size([10, 1, 20])
[2025-07-29 14:44:13,519][__main__][INFO] - batch_size=10, learning_rate=0.0001, steps per epoch=14, epochs=300
[2025-07-29 14:44:13,520][__main__][INFO] - Starting training...
[2025-07-29 14:44:13,520][__main__][INFO] - Using device: cuda
[2025-07-29 14:44:13,520][__main__][INFO] - Training 300 epochs of 14 batches (4200 steps): , eval_freq: 100, print_freq: 100
[2025-07-29 14:44:24,572][__main__][INFO] - Step 1 | valid1 MSE : 0.7702 | valid1 MAE : 0.7130 | valid1 NMSE : 1.3036 | valid1 RMSE : 0.0008
[2025-07-29 14:44:36,007][__main__][INFO] - Step 100 | valid1 MSE : 0.0062 | valid1 MAE : 0.0627 | valid1 NMSE : 0.0105 | valid1 RMSE : 0.0000
[2025-07-29 14:44:47,440][__main__][INFO] - Step 200 | valid1 MSE : 0.0058 | valid1 MAE : 0.0611 | valid1 NMSE : 0.0098 | valid1 RMSE : 0.0000
[2025-07-29 14:44:58,854][__main__][INFO] - Step 300 | valid1 MSE : 0.0043 | valid1 MAE : 0.0522 | valid1 NMSE : 0.0073 | valid1 RMSE : 0.0000
[2025-07-29 14:45:10,215][__main__][INFO] - Step 400 | valid1 MSE : 0.0051 | valid1 MAE : 0.0572 | valid1 NMSE : 0.0087 | valid1 RMSE : 0.0000
[2025-07-29 14:45:21,683][__main__][INFO] - Step 500 | valid1 MSE : 0.0051 | valid1 MAE : 0.0570 | valid1 NMSE : 0.0086 | valid1 RMSE : 0.0000
[2025-07-29 14:45:33,049][__main__][INFO] - Step 600 | valid1 MSE : 0.0047 | valid1 MAE : 0.0544 | valid1 NMSE : 0.0080 | valid1 RMSE : 0.0000
[2025-07-29 14:45:44,688][__main__][INFO] - Step 700 | valid1 MSE : 0.0044 | valid1 MAE : 0.0530 | valid1 NMSE : 0.0075 | valid1 RMSE : 0.0000
[2025-07-29 14:45:56,266][__main__][INFO] - Step 800 | valid1 MSE : 0.0052 | valid1 MAE : 0.0578 | valid1 NMSE : 0.0088 | valid1 RMSE : 0.0000
[2025-07-29 14:46:07,633][__main__][INFO] - Step 900 | valid1 MSE : 0.0042 | valid1 MAE : 0.0520 | valid1 NMSE : 0.0072 | valid1 RMSE : 0.0000
[2025-07-29 14:46:18,839][__main__][INFO] - Step 1000 | valid1 MSE : 0.0048 | valid1 MAE : 0.0553 | valid1 NMSE : 0.0081 | valid1 RMSE : 0.0000
[2025-07-29 14:46:30,330][__main__][INFO] - Step 1100 | valid1 MSE : 0.0054 | valid1 MAE : 0.0590 | valid1 NMSE : 0.0092 | valid1 RMSE : 0.0000
[2025-07-29 14:46:41,768][__main__][INFO] - Step 1200 | valid1 MSE : 0.0046 | valid1 MAE : 0.0540 | valid1 NMSE : 0.0077 | valid1 RMSE : 0.0000
[2025-07-29 14:46:53,158][__main__][INFO] - Step 1300 | valid1 MSE : 0.0048 | valid1 MAE : 0.0555 | valid1 NMSE : 0.0081 | valid1 RMSE : 0.0000
[2025-07-29 14:47:04,527][__main__][INFO] - Step 1400 | valid1 MSE : 0.0050 | valid1 MAE : 0.0562 | valid1 NMSE : 0.0084 | valid1 RMSE : 0.0000
[2025-07-29 14:47:15,797][__main__][INFO] - Step 1500 | valid1 MSE : 0.0043 | valid1 MAE : 0.0523 | valid1 NMSE : 0.0073 | valid1 RMSE : 0.0000
[2025-07-29 14:47:27,430][__main__][INFO] - Step 1600 | valid1 MSE : 0.0042 | valid1 MAE : 0.0517 | valid1 NMSE : 0.0071 | valid1 RMSE : 0.0000
[2025-07-29 14:47:39,026][__main__][INFO] - Step 1700 | valid1 MSE : 0.0046 | valid1 MAE : 0.0547 | valid1 NMSE : 0.0079 | valid1 RMSE : 0.0000
[2025-07-29 14:47:50,433][__main__][INFO] - Step 1800 | valid1 MSE : 0.0045 | valid1 MAE : 0.0537 | valid1 NMSE : 0.0076 | valid1 RMSE : 0.0000
[2025-07-29 14:48:01,719][__main__][INFO] - Step 1900 | valid1 MSE : 0.0051 | valid1 MAE : 0.0573 | valid1 NMSE : 0.0087 | valid1 RMSE : 0.0000
[2025-07-29 14:48:13,236][__main__][INFO] - Step 2000 | valid1 MSE : 0.0043 | valid1 MAE : 0.0523 | valid1 NMSE : 0.0073 | valid1 RMSE : 0.0000
[2025-07-29 14:48:24,699][__main__][INFO] - Step 2100 | valid1 MSE : 0.0041 | valid1 MAE : 0.0512 | valid1 NMSE : 0.0069 | valid1 RMSE : 0.0000
[2025-07-29 14:48:36,116][__main__][INFO] - Step 2200 | valid1 MSE : 0.0046 | valid1 MAE : 0.0541 | valid1 NMSE : 0.0077 | valid1 RMSE : 0.0000
[2025-07-29 14:48:47,580][__main__][INFO] - Step 2300 | valid1 MSE : 0.0045 | valid1 MAE : 0.0535 | valid1 NMSE : 0.0076 | valid1 RMSE : 0.0000
[2025-07-29 14:48:58,821][__main__][INFO] - Step 2400 | valid1 MSE : 0.0042 | valid1 MAE : 0.0516 | valid1 NMSE : 0.0071 | valid1 RMSE : 0.0000
[2025-07-29 14:49:10,377][__main__][INFO] - Step 2500 | valid1 MSE : 0.0045 | valid1 MAE : 0.0534 | valid1 NMSE : 0.0076 | valid1 RMSE : 0.0000
[2025-07-29 14:49:21,714][__main__][INFO] - Step 2600 | valid1 MSE : 0.0045 | valid1 MAE : 0.0537 | valid1 NMSE : 0.0076 | valid1 RMSE : 0.0000
[2025-07-29 14:49:33,069][__main__][INFO] - Step 2700 | valid1 MSE : 0.0044 | valid1 MAE : 0.0533 | valid1 NMSE : 0.0076 | valid1 RMSE : 0.0000
[2025-07-29 14:49:44,259][__main__][INFO] - Step 2800 | valid1 MSE : 0.0042 | valid1 MAE : 0.0515 | valid1 NMSE : 0.0071 | valid1 RMSE : 0.0000
[2025-07-29 14:49:55,850][__main__][INFO] - Step 2900 | valid1 MSE : 0.0041 | valid1 MAE : 0.0513 | valid1 NMSE : 0.0070 | valid1 RMSE : 0.0000
[2025-07-29 14:50:07,703][__main__][INFO] - Step 3000 | valid1 MSE : 0.0037 | valid1 MAE : 0.0485 | valid1 NMSE : 0.0063 | valid1 RMSE : 0.0000
[2025-07-29 14:50:19,500][__main__][INFO] - Step 3100 | valid1 MSE : 0.0042 | valid1 MAE : 0.0516 | valid1 NMSE : 0.0071 | valid1 RMSE : 0.0000
[2025-07-29 14:50:31,268][__main__][INFO] - Step 3200 | valid1 MSE : 0.0040 | valid1 MAE : 0.0504 | valid1 NMSE : 0.0068 | valid1 RMSE : 0.0000
[2025-07-29 14:50:43,298][__main__][INFO] - Step 3300 | valid1 MSE : 0.0045 | valid1 MAE : 0.0539 | valid1 NMSE : 0.0077 | valid1 RMSE : 0.0000
[2025-07-29 14:50:55,174][__main__][INFO] - Step 3400 | valid1 MSE : 0.0044 | valid1 MAE : 0.0528 | valid1 NMSE : 0.0074 | valid1 RMSE : 0.0000
[2025-07-29 14:51:06,897][__main__][INFO] - Step 3500 | valid1 MSE : 0.0042 | valid1 MAE : 0.0521 | valid1 NMSE : 0.0072 | valid1 RMSE : 0.0000
[2025-07-29 14:51:18,495][__main__][INFO] - Step 3600 | valid1 MSE : 0.0039 | valid1 MAE : 0.0500 | valid1 NMSE : 0.0066 | valid1 RMSE : 0.0000
[2025-07-29 14:51:30,487][__main__][INFO] - Step 3700 | valid1 MSE : 0.0041 | valid1 MAE : 0.0511 | valid1 NMSE : 0.0070 | valid1 RMSE : 0.0000
[2025-07-29 14:51:42,198][__main__][INFO] - Step 3800 | valid1 MSE : 0.0036 | valid1 MAE : 0.0479 | valid1 NMSE : 0.0061 | valid1 RMSE : 0.0000
[2025-07-29 14:51:53,915][__main__][INFO] - Step 3900 | valid1 MSE : 0.0035 | valid1 MAE : 0.0475 | valid1 NMSE : 0.0060 | valid1 RMSE : 0.0000
[2025-07-29 14:52:05,524][__main__][INFO] - Step 4000 | valid1 MSE : 0.0038 | valid1 MAE : 0.0496 | valid1 NMSE : 0.0065 | valid1 RMSE : 0.0000
[2025-07-29 14:52:17,439][__main__][INFO] - Step 4100 | valid1 MSE : 0.0037 | valid1 MAE : 0.0485 | valid1 NMSE : 0.0062 | valid1 RMSE : 0.0000
[2025-07-29 14:52:29,023][__main__][INFO] - Step 4200 | valid1 MSE : 0.0040 | valid1 MAE : 0.0507 | valid1 NMSE : 0.0069 | valid1 RMSE : 0.0000
[2025-07-29 14:52:29,024][__main__][INFO] - Training done in 8.258 min
[2025-07-29 14:52:29,024][__main__][INFO] - Average time per step: 0.118 s
[2025-07-29 14:52:29,052][__main__][INFO] - End of training
[2025-07-29 14:52:30,579][__main__][INFO] - Plotted losses
[2025-07-29 14:52:30,579][__main__][INFO] - Computing test metrics
[2025-07-29 14:52:32,138][__main__][INFO] - Evaluation done in 0.026 min
[2025-07-29 14:52:34,075][__main__][INFO] - Evaluation done in 0.020 min
[2025-07-29 14:52:38,038][__main__][INFO] - Saved plots
[2025-07-29 14:52:38,038][__main__][INFO] - Final mIN parameters: {'beta': np.float32(0.0026654573), 'alpha': np.float32(1.1601818)}
[2025-07-29 14:52:38,038][__main__][INFO] - End of script

[2025-07-29 14:52:46,760][__main__][INFO] - =====Running main script=====
[2025-07-29 14:52:46,767][__main__][INFO] - Fetched main configs, save directory : ../outputs/benchmark_min_all/seed_2/min/
[2025-07-29 14:52:46,767][__main__][INFO] - Model PatchTST, normalization mIN, criterion MSE, kwargs {}
[2025-07-29 14:52:46,831][__main__][INFO] - Fetched dataloaders
[2025-07-29 14:52:46,835][__main__][INFO] - Training data shape : ((140, 1, 1000), (140, 1, 1000))
[2025-07-29 14:52:46,835][__main__][INFO] - Batch sizes : X=torch.Size([10, 1, 100]), c=torch.Size([10, 1, 120]), y=torch.Size([10, 1, 20])
[2025-07-29 14:52:50,246][__main__][INFO] - batch_size=10, learning_rate=0.0001, steps per epoch=14, epochs=300
[2025-07-29 14:52:50,246][__main__][INFO] - Starting training...
[2025-07-29 14:52:50,246][__main__][INFO] - Using device: cuda
[2025-07-29 14:52:50,246][__main__][INFO] - Training 300 epochs of 14 batches (4200 steps): , eval_freq: 100, print_freq: 100
[2025-07-29 14:53:01,513][__main__][INFO] - Step 1 | valid1 MSE : 0.7702 | valid1 MAE : 0.7130 | valid1 NMSE : 1.3036 | valid1 RMSE : 0.0008
[2025-07-29 14:53:13,253][__main__][INFO] - Step 100 | valid1 MSE : 0.0062 | valid1 MAE : 0.0627 | valid1 NMSE : 0.0105 | valid1 RMSE : 0.0000
[2025-07-29 14:53:25,018][__main__][INFO] - Step 200 | valid1 MSE : 0.0058 | valid1 MAE : 0.0611 | valid1 NMSE : 0.0098 | valid1 RMSE : 0.0000
[2025-07-29 14:53:36,590][__main__][INFO] - Step 300 | valid1 MSE : 0.0043 | valid1 MAE : 0.0522 | valid1 NMSE : 0.0073 | valid1 RMSE : 0.0000
[2025-07-29 14:53:48,354][__main__][INFO] - Step 400 | valid1 MSE : 0.0052 | valid1 MAE : 0.0573 | valid1 NMSE : 0.0088 | valid1 RMSE : 0.0000
[2025-07-29 14:53:59,939][__main__][INFO] - Step 500 | valid1 MSE : 0.0051 | valid1 MAE : 0.0572 | valid1 NMSE : 0.0086 | valid1 RMSE : 0.0000
[2025-07-29 14:54:11,574][__main__][INFO] - Step 600 | valid1 MSE : 0.0047 | valid1 MAE : 0.0545 | valid1 NMSE : 0.0080 | valid1 RMSE : 0.0000
[2025-07-29 14:54:23,256][__main__][INFO] - Step 700 | valid1 MSE : 0.0044 | valid1 MAE : 0.0532 | valid1 NMSE : 0.0075 | valid1 RMSE : 0.0000
[2025-07-29 14:54:34,966][__main__][INFO] - Step 800 | valid1 MSE : 0.0052 | valid1 MAE : 0.0579 | valid1 NMSE : 0.0089 | valid1 RMSE : 0.0000
[2025-07-29 14:54:46,537][__main__][INFO] - Step 900 | valid1 MSE : 0.0043 | valid1 MAE : 0.0521 | valid1 NMSE : 0.0072 | valid1 RMSE : 0.0000
[2025-07-29 14:54:58,197][__main__][INFO] - Step 1000 | valid1 MSE : 0.0048 | valid1 MAE : 0.0555 | valid1 NMSE : 0.0081 | valid1 RMSE : 0.0000
[2025-07-29 14:55:10,073][__main__][INFO] - Step 1100 | valid1 MSE : 0.0054 | valid1 MAE : 0.0590 | valid1 NMSE : 0.0092 | valid1 RMSE : 0.0000
[2025-07-29 14:55:21,585][__main__][INFO] - Step 1200 | valid1 MSE : 0.0046 | valid1 MAE : 0.0541 | valid1 NMSE : 0.0077 | valid1 RMSE : 0.0000
[2025-07-29 14:55:33,252][__main__][INFO] - Step 1300 | valid1 MSE : 0.0048 | valid1 MAE : 0.0557 | valid1 NMSE : 0.0082 | valid1 RMSE : 0.0000
[2025-07-29 14:55:44,779][__main__][INFO] - Step 1400 | valid1 MSE : 0.0050 | valid1 MAE : 0.0563 | valid1 NMSE : 0.0085 | valid1 RMSE : 0.0000
[2025-07-29 14:55:56,460][__main__][INFO] - Step 1500 | valid1 MSE : 0.0043 | valid1 MAE : 0.0524 | valid1 NMSE : 0.0073 | valid1 RMSE : 0.0000
[2025-07-29 14:56:08,188][__main__][INFO] - Step 1600 | valid1 MSE : 0.0042 | valid1 MAE : 0.0517 | valid1 NMSE : 0.0071 | valid1 RMSE : 0.0000
[2025-07-29 14:56:19,858][__main__][INFO] - Step 1700 | valid1 MSE : 0.0046 | valid1 MAE : 0.0546 | valid1 NMSE : 0.0079 | valid1 RMSE : 0.0000
[2025-07-29 14:56:31,392][__main__][INFO] - Step 1800 | valid1 MSE : 0.0045 | valid1 MAE : 0.0537 | valid1 NMSE : 0.0076 | valid1 RMSE : 0.0000
[2025-07-29 14:56:43,329][__main__][INFO] - Step 1900 | valid1 MSE : 0.0051 | valid1 MAE : 0.0572 | valid1 NMSE : 0.0087 | valid1 RMSE : 0.0000
[2025-07-29 14:56:55,073][__main__][INFO] - Step 2000 | valid1 MSE : 0.0043 | valid1 MAE : 0.0525 | valid1 NMSE : 0.0073 | valid1 RMSE : 0.0000
[2025-07-29 14:57:06,787][__main__][INFO] - Step 2100 | valid1 MSE : 0.0041 | valid1 MAE : 0.0512 | valid1 NMSE : 0.0069 | valid1 RMSE : 0.0000
[2025-07-29 14:57:18,403][__main__][INFO] - Step 2200 | valid1 MSE : 0.0046 | valid1 MAE : 0.0541 | valid1 NMSE : 0.0078 | valid1 RMSE : 0.0000
[2025-07-29 14:57:29,868][__main__][INFO] - Step 2300 | valid1 MSE : 0.0045 | valid1 MAE : 0.0533 | valid1 NMSE : 0.0076 | valid1 RMSE : 0.0000
[2025-07-29 14:57:41,772][__main__][INFO] - Step 2400 | valid1 MSE : 0.0042 | valid1 MAE : 0.0514 | valid1 NMSE : 0.0070 | valid1 RMSE : 0.0000
[2025-07-29 14:57:53,489][__main__][INFO] - Step 2500 | valid1 MSE : 0.0045 | valid1 MAE : 0.0532 | valid1 NMSE : 0.0075 | valid1 RMSE : 0.0000
[2025-07-29 14:58:05,199][__main__][INFO] - Step 2600 | valid1 MSE : 0.0045 | valid1 MAE : 0.0538 | valid1 NMSE : 0.0076 | valid1 RMSE : 0.0000
[2025-07-29 14:58:16,666][__main__][INFO] - Step 2700 | valid1 MSE : 0.0045 | valid1 MAE : 0.0533 | valid1 NMSE : 0.0076 | valid1 RMSE : 0.0000
[2025-07-29 14:58:28,370][__main__][INFO] - Step 2800 | valid1 MSE : 0.0042 | valid1 MAE : 0.0515 | valid1 NMSE : 0.0071 | valid1 RMSE : 0.0000
[2025-07-29 14:58:39,990][__main__][INFO] - Step 2900 | valid1 MSE : 0.0041 | valid1 MAE : 0.0513 | valid1 NMSE : 0.0070 | valid1 RMSE : 0.0000
[2025-07-29 14:58:51,776][__main__][INFO] - Step 3000 | valid1 MSE : 0.0037 | valid1 MAE : 0.0486 | valid1 NMSE : 0.0063 | valid1 RMSE : 0.0000
[2025-07-29 14:59:03,389][__main__][INFO] - Step 3100 | valid1 MSE : 0.0042 | valid1 MAE : 0.0518 | valid1 NMSE : 0.0071 | valid1 RMSE : 0.0000
[2025-07-29 14:59:15,278][__main__][INFO] - Step 3200 | valid1 MSE : 0.0040 | valid1 MAE : 0.0503 | valid1 NMSE : 0.0067 | valid1 RMSE : 0.0000
[2025-07-29 14:59:26,803][__main__][INFO] - Step 3300 | valid1 MSE : 0.0045 | valid1 MAE : 0.0535 | valid1 NMSE : 0.0076 | valid1 RMSE : 0.0000
[2025-07-29 14:59:38,313][__main__][INFO] - Step 3400 | valid1 MSE : 0.0044 | valid1 MAE : 0.0529 | valid1 NMSE : 0.0074 | valid1 RMSE : 0.0000
[2025-07-29 14:59:49,766][__main__][INFO] - Step 3500 | valid1 MSE : 0.0043 | valid1 MAE : 0.0521 | valid1 NMSE : 0.0072 | valid1 RMSE : 0.0000
[2025-07-29 15:00:01,678][__main__][INFO] - Step 3600 | valid1 MSE : 0.0039 | valid1 MAE : 0.0497 | valid1 NMSE : 0.0066 | valid1 RMSE : 0.0000
[2025-07-29 15:00:13,391][__main__][INFO] - Step 3700 | valid1 MSE : 0.0041 | valid1 MAE : 0.0513 | valid1 NMSE : 0.0070 | valid1 RMSE : 0.0000
[2025-07-29 15:00:24,993][__main__][INFO] - Step 3800 | valid1 MSE : 0.0035 | valid1 MAE : 0.0474 | valid1 NMSE : 0.0060 | valid1 RMSE : 0.0000
[2025-07-29 15:00:36,421][__main__][INFO] - Step 3900 | valid1 MSE : 0.0035 | valid1 MAE : 0.0471 | valid1 NMSE : 0.0059 | valid1 RMSE : 0.0000
[2025-07-29 15:00:48,255][__main__][INFO] - Step 4000 | valid1 MSE : 0.0038 | valid1 MAE : 0.0493 | valid1 NMSE : 0.0065 | valid1 RMSE : 0.0000
[2025-07-29 15:00:59,919][__main__][INFO] - Step 4100 | valid1 MSE : 0.0037 | valid1 MAE : 0.0482 | valid1 NMSE : 0.0062 | valid1 RMSE : 0.0000
[2025-07-29 15:01:11,571][__main__][INFO] - Step 4200 | valid1 MSE : 0.0040 | valid1 MAE : 0.0507 | valid1 NMSE : 0.0069 | valid1 RMSE : 0.0000
[2025-07-29 15:01:11,571][__main__][INFO] - Training done in 8.355 min
[2025-07-29 15:01:11,571][__main__][INFO] - Average time per step: 0.119 s
[2025-07-29 15:01:11,602][__main__][INFO] - End of training
[2025-07-29 15:01:13,134][__main__][INFO] - Plotted losses
[2025-07-29 15:01:13,135][__main__][INFO] - Computing test metrics
[2025-07-29 15:01:14,569][__main__][INFO] - Evaluation done in 0.024 min
[2025-07-29 15:01:16,429][__main__][INFO] - Evaluation done in 0.018 min
[2025-07-29 15:01:20,360][__main__][INFO] - Saved plots
[2025-07-29 15:01:20,360][__main__][INFO] - Final mIN parameters: {'beta': np.float32(-0.0007787694), 'alpha': np.float32(0.82988006)}
[2025-07-29 15:01:20,360][__main__][INFO] - End of script

[2025-07-29 15:01:28,831][__main__][INFO] - =====Running main script=====
[2025-07-29 15:01:28,839][__main__][INFO] - Fetched main configs, save directory : ../outputs/benchmark_min_all/seed_2/cmin_default/
[2025-07-29 15:01:28,839][__main__][INFO] - Model PatchTST, normalization cmIN, criterion MSE, kwargs {}
[2025-07-29 15:01:28,899][__main__][INFO] - Fetched dataloaders
[2025-07-29 15:01:28,903][__main__][INFO] - Training data shape : ((140, 1, 1000), (140, 1, 1000))
[2025-07-29 15:01:28,903][__main__][INFO] - Batch sizes : X=torch.Size([10, 1, 100]), c=torch.Size([10, 1, 120]), y=torch.Size([10, 1, 20])
[2025-07-29 15:01:32,209][__main__][INFO] - batch_size=10, learning_rate=0.0001, steps per epoch=14, epochs=300
[2025-07-29 15:01:32,209][__main__][INFO] - Starting training...
[2025-07-29 15:01:32,209][__main__][INFO] - Using device: cuda
[2025-07-29 15:01:32,209][__main__][INFO] - Training 300 epochs of 14 batches (4200 steps): , eval_freq: 100, print_freq: 100
[2025-07-29 15:01:48,877][__main__][INFO] - Step 1 | valid1 MSE : 0.7701 | valid1 MAE : 0.7130 | valid1 NMSE : 1.3035 | valid1 RMSE : 0.0008
[2025-07-29 15:02:06,049][__main__][INFO] - Step 100 | valid1 MSE : 0.0062 | valid1 MAE : 0.0628 | valid1 NMSE : 0.0105 | valid1 RMSE : 0.0000
[2025-07-29 15:02:23,401][__main__][INFO] - Step 200 | valid1 MSE : 0.0058 | valid1 MAE : 0.0611 | valid1 NMSE : 0.0098 | valid1 RMSE : 0.0000
[2025-07-29 15:02:40,807][__main__][INFO] - Step 300 | valid1 MSE : 0.0043 | valid1 MAE : 0.0522 | valid1 NMSE : 0.0073 | valid1 RMSE : 0.0000
[2025-07-29 15:02:58,238][__main__][INFO] - Step 400 | valid1 MSE : 0.0052 | valid1 MAE : 0.0573 | valid1 NMSE : 0.0088 | valid1 RMSE : 0.0000
[2025-07-29 15:03:15,422][__main__][INFO] - Step 500 | valid1 MSE : 0.0051 | valid1 MAE : 0.0572 | valid1 NMSE : 0.0086 | valid1 RMSE : 0.0000
[2025-07-29 15:03:32,687][__main__][INFO] - Step 600 | valid1 MSE : 0.0047 | valid1 MAE : 0.0545 | valid1 NMSE : 0.0080 | valid1 RMSE : 0.0000
[2025-07-29 15:03:49,958][__main__][INFO] - Step 700 | valid1 MSE : 0.0044 | valid1 MAE : 0.0532 | valid1 NMSE : 0.0075 | valid1 RMSE : 0.0000
[2025-07-29 15:04:07,178][__main__][INFO] - Step 800 | valid1 MSE : 0.0052 | valid1 MAE : 0.0579 | valid1 NMSE : 0.0089 | valid1 RMSE : 0.0000
[2025-07-29 15:04:24,271][__main__][INFO] - Step 900 | valid1 MSE : 0.0043 | valid1 MAE : 0.0522 | valid1 NMSE : 0.0072 | valid1 RMSE : 0.0000
[2025-07-29 15:04:41,629][__main__][INFO] - Step 1000 | valid1 MSE : 0.0048 | valid1 MAE : 0.0555 | valid1 NMSE : 0.0081 | valid1 RMSE : 0.0000
[2025-07-29 15:04:58,897][__main__][INFO] - Step 1100 | valid1 MSE : 0.0054 | valid1 MAE : 0.0590 | valid1 NMSE : 0.0092 | valid1 RMSE : 0.0000
[2025-07-29 15:05:16,205][__main__][INFO] - Step 1200 | valid1 MSE : 0.0046 | valid1 MAE : 0.0542 | valid1 NMSE : 0.0078 | valid1 RMSE : 0.0000
[2025-07-29 15:05:33,607][__main__][INFO] - Step 1300 | valid1 MSE : 0.0048 | valid1 MAE : 0.0557 | valid1 NMSE : 0.0082 | valid1 RMSE : 0.0000
[2025-07-29 15:05:50,793][__main__][INFO] - Step 1400 | valid1 MSE : 0.0050 | valid1 MAE : 0.0563 | valid1 NMSE : 0.0085 | valid1 RMSE : 0.0000
[2025-07-29 15:06:07,691][__main__][INFO] - Step 1500 | valid1 MSE : 0.0043 | valid1 MAE : 0.0524 | valid1 NMSE : 0.0073 | valid1 RMSE : 0.0000
[2025-07-29 15:06:24,573][__main__][INFO] - Step 1600 | valid1 MSE : 0.0042 | valid1 MAE : 0.0517 | valid1 NMSE : 0.0071 | valid1 RMSE : 0.0000
[2025-07-29 15:06:41,105][__main__][INFO] - Step 1700 | valid1 MSE : 0.0047 | valid1 MAE : 0.0547 | valid1 NMSE : 0.0079 | valid1 RMSE : 0.0000
[2025-07-29 15:06:57,867][__main__][INFO] - Step 1800 | valid1 MSE : 0.0045 | valid1 MAE : 0.0539 | valid1 NMSE : 0.0077 | valid1 RMSE : 0.0000
[2025-07-29 15:07:14,521][__main__][INFO] - Step 1900 | valid1 MSE : 0.0051 | valid1 MAE : 0.0574 | valid1 NMSE : 0.0088 | valid1 RMSE : 0.0000
[2025-07-29 15:07:31,230][__main__][INFO] - Step 2000 | valid1 MSE : 0.0043 | valid1 MAE : 0.0525 | valid1 NMSE : 0.0073 | valid1 RMSE : 0.0000
[2025-07-29 15:07:48,036][__main__][INFO] - Step 2100 | valid1 MSE : 0.0041 | valid1 MAE : 0.0513 | valid1 NMSE : 0.0070 | valid1 RMSE : 0.0000
[2025-07-29 15:08:04,672][__main__][INFO] - Step 2200 | valid1 MSE : 0.0046 | valid1 MAE : 0.0542 | valid1 NMSE : 0.0078 | valid1 RMSE : 0.0000
[2025-07-29 15:08:21,513][__main__][INFO] - Step 2300 | valid1 MSE : 0.0045 | valid1 MAE : 0.0534 | valid1 NMSE : 0.0076 | valid1 RMSE : 0.0000
[2025-07-29 15:08:38,331][__main__][INFO] - Step 2400 | valid1 MSE : 0.0042 | valid1 MAE : 0.0516 | valid1 NMSE : 0.0071 | valid1 RMSE : 0.0000
[2025-07-29 15:08:55,038][__main__][INFO] - Step 2500 | valid1 MSE : 0.0045 | valid1 MAE : 0.0533 | valid1 NMSE : 0.0076 | valid1 RMSE : 0.0000
[2025-07-29 15:09:11,652][__main__][INFO] - Step 2600 | valid1 MSE : 0.0045 | valid1 MAE : 0.0539 | valid1 NMSE : 0.0077 | valid1 RMSE : 0.0000
[2025-07-29 15:09:28,265][__main__][INFO] - Step 2700 | valid1 MSE : 0.0045 | valid1 MAE : 0.0534 | valid1 NMSE : 0.0076 | valid1 RMSE : 0.0000
[2025-07-29 15:09:45,010][__main__][INFO] - Step 2800 | valid1 MSE : 0.0042 | valid1 MAE : 0.0516 | valid1 NMSE : 0.0071 | valid1 RMSE : 0.0000
[2025-07-29 15:10:01,535][__main__][INFO] - Step 2900 | valid1 MSE : 0.0042 | valid1 MAE : 0.0514 | valid1 NMSE : 0.0070 | valid1 RMSE : 0.0000
[2025-07-29 15:10:18,121][__main__][INFO] - Step 3000 | valid1 MSE : 0.0037 | valid1 MAE : 0.0486 | valid1 NMSE : 0.0063 | valid1 RMSE : 0.0000
[2025-07-29 15:10:34,954][__main__][INFO] - Step 3100 | valid1 MSE : 0.0042 | valid1 MAE : 0.0519 | valid1 NMSE : 0.0072 | valid1 RMSE : 0.0000
[2025-07-29 15:10:51,682][__main__][INFO] - Step 3200 | valid1 MSE : 0.0040 | valid1 MAE : 0.0505 | valid1 NMSE : 0.0068 | valid1 RMSE : 0.0000
[2025-07-29 15:11:08,372][__main__][INFO] - Step 3300 | valid1 MSE : 0.0045 | valid1 MAE : 0.0539 | valid1 NMSE : 0.0077 | valid1 RMSE : 0.0000
[2025-07-29 15:11:25,154][__main__][INFO] - Step 3400 | valid1 MSE : 0.0044 | valid1 MAE : 0.0530 | valid1 NMSE : 0.0074 | valid1 RMSE : 0.0000
[2025-07-29 15:11:41,802][__main__][INFO] - Step 3500 | valid1 MSE : 0.0043 | valid1 MAE : 0.0523 | valid1 NMSE : 0.0073 | valid1 RMSE : 0.0000
[2025-07-29 15:11:58,523][__main__][INFO] - Step 3600 | valid1 MSE : 0.0039 | valid1 MAE : 0.0501 | valid1 NMSE : 0.0066 | valid1 RMSE : 0.0000
[2025-07-29 15:12:15,056][__main__][INFO] - Step 3700 | valid1 MSE : 0.0041 | valid1 MAE : 0.0514 | valid1 NMSE : 0.0070 | valid1 RMSE : 0.0000
[2025-07-29 15:12:31,955][__main__][INFO] - Step 3800 | valid1 MSE : 0.0036 | valid1 MAE : 0.0477 | valid1 NMSE : 0.0061 | valid1 RMSE : 0.0000
[2025-07-29 15:12:48,692][__main__][INFO] - Step 3900 | valid1 MSE : 0.0035 | valid1 MAE : 0.0474 | valid1 NMSE : 0.0060 | valid1 RMSE : 0.0000
[2025-07-29 15:13:05,203][__main__][INFO] - Step 4000 | valid1 MSE : 0.0039 | valid1 MAE : 0.0497 | valid1 NMSE : 0.0065 | valid1 RMSE : 0.0000
[2025-07-29 15:13:21,777][__main__][INFO] - Step 4100 | valid1 MSE : 0.0037 | valid1 MAE : 0.0485 | valid1 NMSE : 0.0062 | valid1 RMSE : 0.0000
[2025-07-29 15:13:38,325][__main__][INFO] - Step 4200 | valid1 MSE : 0.0041 | valid1 MAE : 0.0508 | valid1 NMSE : 0.0069 | valid1 RMSE : 0.0000
[2025-07-29 15:13:38,326][__main__][INFO] - Training done in 12.102 min
[2025-07-29 15:13:38,326][__main__][INFO] - Average time per step: 0.173 s
[2025-07-29 15:13:38,354][__main__][INFO] - End of training
[2025-07-29 15:13:39,516][__main__][INFO] - Plotted losses
[2025-07-29 15:13:39,516][__main__][INFO] - Computing test metrics
[2025-07-29 15:13:42,293][__main__][INFO] - Evaluation done in 0.046 min
[2025-07-29 15:13:44,869][__main__][INFO] - Evaluation done in 0.030 min
[2025-07-29 15:13:48,703][__main__][INFO] - Saved plots
[2025-07-29 15:13:48,703][__main__][INFO] - End of script

[2025-07-29 15:13:55,769][__main__][INFO] - =====Running main script=====
[2025-07-29 15:13:55,776][__main__][INFO] - Fetched main configs, save directory : ../outputs/benchmark_min_all/seed_2/cmin_init/
[2025-07-29 15:13:55,776][__main__][INFO] - Model PatchTST, normalization cmIN, criterion MSE, kwargs {}
[2025-07-29 15:13:55,844][__main__][INFO] - Fetched dataloaders
[2025-07-29 15:13:55,848][__main__][INFO] - Training data shape : ((140, 1, 1000), (140, 1, 1000))
[2025-07-29 15:13:55,848][__main__][INFO] - Batch sizes : X=torch.Size([10, 1, 100]), c=torch.Size([10, 1, 120]), y=torch.Size([10, 1, 20])
[2025-07-29 15:13:58,541][__main__][INFO] - batch_size=10, learning_rate=0.0001, steps per epoch=14, epochs=300
[2025-07-29 15:13:58,541][__main__][INFO] - Starting training...
[2025-07-29 15:13:58,541][__main__][INFO] - Using device: cuda
[2025-07-29 15:13:58,541][__main__][INFO] - Training 300 epochs of 14 batches (4200 steps): , eval_freq: 100, print_freq: 100
[2025-07-29 15:14:14,853][__main__][INFO] - Step 1 | valid1 MSE : 0.4119 | valid1 MAE : 0.5600 | valid1 NMSE : 0.6970 | valid1 RMSE : 0.0004
[2025-07-29 15:14:31,475][__main__][INFO] - Step 100 | valid1 MSE : 0.0060 | valid1 MAE : 0.0622 | valid1 NMSE : 0.0102 | valid1 RMSE : 0.0000
[2025-07-29 15:14:48,095][__main__][INFO] - Step 200 | valid1 MSE : 0.0050 | valid1 MAE : 0.0567 | valid1 NMSE : 0.0085 | valid1 RMSE : 0.0000
[2025-07-29 15:15:05,047][__main__][INFO] - Step 300 | valid1 MSE : 0.0040 | valid1 MAE : 0.0503 | valid1 NMSE : 0.0067 | valid1 RMSE : 0.0000
[2025-07-29 15:15:21,815][__main__][INFO] - Step 400 | valid1 MSE : 0.0041 | valid1 MAE : 0.0512 | valid1 NMSE : 0.0070 | valid1 RMSE : 0.0000
[2025-07-29 15:15:38,758][__main__][INFO] - Step 500 | valid1 MSE : 0.0047 | valid1 MAE : 0.0550 | valid1 NMSE : 0.0080 | valid1 RMSE : 0.0000
[2025-07-29 15:15:55,410][__main__][INFO] - Step 600 | valid1 MSE : 0.0046 | valid1 MAE : 0.0536 | valid1 NMSE : 0.0077 | valid1 RMSE : 0.0000
[2025-07-29 15:16:12,090][__main__][INFO] - Step 700 | valid1 MSE : 0.0040 | valid1 MAE : 0.0502 | valid1 NMSE : 0.0067 | valid1 RMSE : 0.0000
[2025-07-29 15:16:28,808][__main__][INFO] - Step 800 | valid1 MSE : 0.0045 | valid1 MAE : 0.0539 | valid1 NMSE : 0.0077 | valid1 RMSE : 0.0000
[2025-07-29 15:16:45,357][__main__][INFO] - Step 900 | valid1 MSE : 0.0038 | valid1 MAE : 0.0493 | valid1 NMSE : 0.0065 | valid1 RMSE : 0.0000
[2025-07-29 15:17:02,207][__main__][INFO] - Step 1000 | valid1 MSE : 0.0045 | valid1 MAE : 0.0536 | valid1 NMSE : 0.0076 | valid1 RMSE : 0.0000
[2025-07-29 15:17:18,805][__main__][INFO] - Step 1100 | valid1 MSE : 0.0042 | valid1 MAE : 0.0518 | valid1 NMSE : 0.0071 | valid1 RMSE : 0.0000
[2025-07-29 15:17:35,492][__main__][INFO] - Step 1200 | valid1 MSE : 0.0042 | valid1 MAE : 0.0520 | valid1 NMSE : 0.0072 | valid1 RMSE : 0.0000
[2025-07-29 15:17:52,221][__main__][INFO] - Step 1300 | valid1 MSE : 0.0042 | valid1 MAE : 0.0517 | valid1 NMSE : 0.0071 | valid1 RMSE : 0.0000
[2025-07-29 15:18:08,886][__main__][INFO] - Step 1400 | valid1 MSE : 0.0043 | valid1 MAE : 0.0525 | valid1 NMSE : 0.0073 | valid1 RMSE : 0.0000
[2025-07-29 15:18:25,472][__main__][INFO] - Step 1500 | valid1 MSE : 0.0039 | valid1 MAE : 0.0498 | valid1 NMSE : 0.0066 | valid1 RMSE : 0.0000
[2025-07-29 15:18:42,181][__main__][INFO] - Step 1600 | valid1 MSE : 0.0037 | valid1 MAE : 0.0485 | valid1 NMSE : 0.0063 | valid1 RMSE : 0.0000
[2025-07-29 15:18:58,853][__main__][INFO] - Step 1700 | valid1 MSE : 0.0041 | valid1 MAE : 0.0514 | valid1 NMSE : 0.0069 | valid1 RMSE : 0.0000
[2025-07-29 15:19:15,559][__main__][INFO] - Step 1800 | valid1 MSE : 0.0042 | valid1 MAE : 0.0520 | valid1 NMSE : 0.0072 | valid1 RMSE : 0.0000
[2025-07-29 15:19:32,230][__main__][INFO] - Step 1900 | valid1 MSE : 0.0042 | valid1 MAE : 0.0520 | valid1 NMSE : 0.0071 | valid1 RMSE : 0.0000
[2025-07-29 15:19:48,938][__main__][INFO] - Step 2000 | valid1 MSE : 0.0039 | valid1 MAE : 0.0500 | valid1 NMSE : 0.0067 | valid1 RMSE : 0.0000
[2025-07-29 15:20:05,758][__main__][INFO] - Step 2100 | valid1 MSE : 0.0039 | valid1 MAE : 0.0495 | valid1 NMSE : 0.0065 | valid1 RMSE : 0.0000
[2025-07-29 15:20:22,411][__main__][INFO] - Step 2200 | valid1 MSE : 0.0041 | valid1 MAE : 0.0507 | valid1 NMSE : 0.0069 | valid1 RMSE : 0.0000
[2025-07-29 15:20:39,086][__main__][INFO] - Step 2300 | valid1 MSE : 0.0039 | valid1 MAE : 0.0499 | valid1 NMSE : 0.0066 | valid1 RMSE : 0.0000
[2025-07-29 15:20:55,852][__main__][INFO] - Step 2400 | valid1 MSE : 0.0037 | valid1 MAE : 0.0488 | valid1 NMSE : 0.0063 | valid1 RMSE : 0.0000
[2025-07-29 15:21:12,624][__main__][INFO] - Step 2500 | valid1 MSE : 0.0037 | valid1 MAE : 0.0486 | valid1 NMSE : 0.0063 | valid1 RMSE : 0.0000
[2025-07-29 15:21:29,214][__main__][INFO] - Step 2600 | valid1 MSE : 0.0035 | valid1 MAE : 0.0475 | valid1 NMSE : 0.0060 | valid1 RMSE : 0.0000
[2025-07-29 15:21:45,938][__main__][INFO] - Step 2700 | valid1 MSE : 0.0039 | valid1 MAE : 0.0499 | valid1 NMSE : 0.0066 | valid1 RMSE : 0.0000
[2025-07-29 15:22:02,759][__main__][INFO] - Step 2800 | valid1 MSE : 0.0036 | valid1 MAE : 0.0477 | valid1 NMSE : 0.0061 | valid1 RMSE : 0.0000
[2025-07-29 15:22:19,411][__main__][INFO] - Step 2900 | valid1 MSE : 0.0035 | valid1 MAE : 0.0473 | valid1 NMSE : 0.0059 | valid1 RMSE : 0.0000
[2025-07-29 15:22:36,001][__main__][INFO] - Step 3000 | valid1 MSE : 0.0037 | valid1 MAE : 0.0488 | valid1 NMSE : 0.0063 | valid1 RMSE : 0.0000
[2025-07-29 15:22:52,612][__main__][INFO] - Step 3100 | valid1 MSE : 0.0036 | valid1 MAE : 0.0480 | valid1 NMSE : 0.0061 | valid1 RMSE : 0.0000
[2025-07-29 15:23:09,617][__main__][INFO] - Step 3200 | valid1 MSE : 0.0036 | valid1 MAE : 0.0477 | valid1 NMSE : 0.0060 | valid1 RMSE : 0.0000
[2025-07-29 15:23:27,252][__main__][INFO] - Step 3300 | valid1 MSE : 0.0044 | valid1 MAE : 0.0534 | valid1 NMSE : 0.0075 | valid1 RMSE : 0.0000
[2025-07-29 15:23:44,566][__main__][INFO] - Step 3400 | valid1 MSE : 0.0039 | valid1 MAE : 0.0498 | valid1 NMSE : 0.0066 | valid1 RMSE : 0.0000
[2025-07-29 15:24:01,911][__main__][INFO] - Step 3500 | valid1 MSE : 0.0037 | valid1 MAE : 0.0484 | valid1 NMSE : 0.0062 | valid1 RMSE : 0.0000
[2025-07-29 15:24:19,294][__main__][INFO] - Step 3600 | valid1 MSE : 0.0039 | valid1 MAE : 0.0503 | valid1 NMSE : 0.0067 | valid1 RMSE : 0.0000
[2025-07-29 15:24:36,548][__main__][INFO] - Step 3700 | valid1 MSE : 0.0036 | valid1 MAE : 0.0479 | valid1 NMSE : 0.0061 | valid1 RMSE : 0.0000
[2025-07-29 15:24:53,938][__main__][INFO] - Step 3800 | valid1 MSE : 0.0034 | valid1 MAE : 0.0463 | valid1 NMSE : 0.0057 | valid1 RMSE : 0.0000
[2025-07-29 15:25:11,263][__main__][INFO] - Step 3900 | valid1 MSE : 0.0035 | valid1 MAE : 0.0470 | valid1 NMSE : 0.0059 | valid1 RMSE : 0.0000
[2025-07-29 15:25:28,515][__main__][INFO] - Step 4000 | valid1 MSE : 0.0033 | valid1 MAE : 0.0461 | valid1 NMSE : 0.0057 | valid1 RMSE : 0.0000
[2025-07-29 15:25:45,955][__main__][INFO] - Step 4100 | valid1 MSE : 0.0036 | valid1 MAE : 0.0481 | valid1 NMSE : 0.0061 | valid1 RMSE : 0.0000
[2025-07-29 15:26:03,350][__main__][INFO] - Step 4200 | valid1 MSE : 0.0033 | valid1 MAE : 0.0461 | valid1 NMSE : 0.0057 | valid1 RMSE : 0.0000
[2025-07-29 15:26:03,351][__main__][INFO] - Training done in 12.080 min
[2025-07-29 15:26:03,351][__main__][INFO] - Average time per step: 0.173 s
[2025-07-29 15:26:03,380][__main__][INFO] - End of training
[2025-07-29 15:26:04,608][__main__][INFO] - Plotted losses
[2025-07-29 15:26:04,608][__main__][INFO] - Computing test metrics
[2025-07-29 15:26:07,634][__main__][INFO] - Evaluation done in 0.050 min
[2025-07-29 15:26:09,992][__main__][INFO] - Evaluation done in 0.026 min
[2025-07-29 15:26:13,938][__main__][INFO] - Saved plots
[2025-07-29 15:26:13,938][__main__][INFO] - End of script

[2025-07-29 15:26:22,641][__main__][INFO] - =====Running main script=====
[2025-07-29 15:26:22,648][__main__][INFO] - Fetched main configs, save directory : ../outputs/benchmark_min_all/seed_2/cmin_init_gamma/
[2025-07-29 15:26:22,649][__main__][INFO] - Model PatchTST, normalization cmIN, criterion MSE, kwargs {}
[2025-07-29 15:26:22,710][__main__][INFO] - Fetched dataloaders
[2025-07-29 15:26:22,713][__main__][INFO] - Training data shape : ((140, 1, 1000), (140, 1, 1000))
[2025-07-29 15:26:22,714][__main__][INFO] - Batch sizes : X=torch.Size([10, 1, 100]), c=torch.Size([10, 1, 120]), y=torch.Size([10, 1, 20])
[2025-07-29 15:26:26,158][__main__][INFO] - batch_size=10, learning_rate=0.0001, steps per epoch=14, epochs=300
[2025-07-29 15:26:26,159][__main__][INFO] - Starting training...
[2025-07-29 15:26:26,159][__main__][INFO] - Using device: cuda
[2025-07-29 15:26:26,159][__main__][INFO] - Training 300 epochs of 14 batches (4200 steps): , eval_freq: 100, print_freq: 100
[2025-07-29 15:26:43,101][__main__][INFO] - Step 1 | valid1 MSE : 0.4119 | valid1 MAE : 0.5600 | valid1 NMSE : 0.6970 | valid1 RMSE : 0.0004
[2025-07-29 15:27:00,628][__main__][INFO] - Step 100 | valid1 MSE : 0.0060 | valid1 MAE : 0.0619 | valid1 NMSE : 0.0101 | valid1 RMSE : 0.0000
[2025-07-29 15:27:18,133][__main__][INFO] - Step 200 | valid1 MSE : 0.0050 | valid1 MAE : 0.0563 | valid1 NMSE : 0.0084 | valid1 RMSE : 0.0000
[2025-07-29 15:27:35,770][__main__][INFO] - Step 300 | valid1 MSE : 0.0039 | valid1 MAE : 0.0498 | valid1 NMSE : 0.0066 | valid1 RMSE : 0.0000
[2025-07-29 15:27:53,371][__main__][INFO] - Step 400 | valid1 MSE : 0.0041 | valid1 MAE : 0.0508 | valid1 NMSE : 0.0069 | valid1 RMSE : 0.0000
[2025-07-29 15:28:10,858][__main__][INFO] - Step 500 | valid1 MSE : 0.0046 | valid1 MAE : 0.0544 | valid1 NMSE : 0.0078 | valid1 RMSE : 0.0000
[2025-07-29 15:28:28,241][__main__][INFO] - Step 600 | valid1 MSE : 0.0045 | valid1 MAE : 0.0530 | valid1 NMSE : 0.0076 | valid1 RMSE : 0.0000
[2025-07-29 15:28:45,764][__main__][INFO] - Step 700 | valid1 MSE : 0.0039 | valid1 MAE : 0.0498 | valid1 NMSE : 0.0066 | valid1 RMSE : 0.0000
[2025-07-29 15:29:03,167][__main__][INFO] - Step 800 | valid1 MSE : 0.0044 | valid1 MAE : 0.0532 | valid1 NMSE : 0.0075 | valid1 RMSE : 0.0000
[2025-07-29 15:29:20,562][__main__][INFO] - Step 900 | valid1 MSE : 0.0037 | valid1 MAE : 0.0486 | valid1 NMSE : 0.0063 | valid1 RMSE : 0.0000
[2025-07-29 15:29:37,880][__main__][INFO] - Step 1000 | valid1 MSE : 0.0043 | valid1 MAE : 0.0527 | valid1 NMSE : 0.0073 | valid1 RMSE : 0.0000
[2025-07-29 15:29:55,373][__main__][INFO] - Step 1100 | valid1 MSE : 0.0041 | valid1 MAE : 0.0511 | valid1 NMSE : 0.0069 | valid1 RMSE : 0.0000
[2025-07-29 15:30:12,800][__main__][INFO] - Step 1200 | valid1 MSE : 0.0041 | valid1 MAE : 0.0510 | valid1 NMSE : 0.0069 | valid1 RMSE : 0.0000
[2025-07-29 15:30:30,047][__main__][INFO] - Step 1300 | valid1 MSE : 0.0041 | valid1 MAE : 0.0510 | valid1 NMSE : 0.0069 | valid1 RMSE : 0.0000
[2025-07-29 15:30:47,413][__main__][INFO] - Step 1400 | valid1 MSE : 0.0041 | valid1 MAE : 0.0512 | valid1 NMSE : 0.0070 | valid1 RMSE : 0.0000
[2025-07-29 15:31:04,957][__main__][INFO] - Step 1500 | valid1 MSE : 0.0038 | valid1 MAE : 0.0492 | valid1 NMSE : 0.0064 | valid1 RMSE : 0.0000
[2025-07-29 15:31:22,508][__main__][INFO] - Step 1600 | valid1 MSE : 0.0036 | valid1 MAE : 0.0481 | valid1 NMSE : 0.0062 | valid1 RMSE : 0.0000
[2025-07-29 15:31:39,905][__main__][INFO] - Step 1700 | valid1 MSE : 0.0040 | valid1 MAE : 0.0509 | valid1 NMSE : 0.0068 | valid1 RMSE : 0.0000
[2025-07-29 15:31:57,420][__main__][INFO] - Step 1800 | valid1 MSE : 0.0040 | valid1 MAE : 0.0508 | valid1 NMSE : 0.0068 | valid1 RMSE : 0.0000
[2025-07-29 15:32:14,900][__main__][INFO] - Step 1900 | valid1 MSE : 0.0040 | valid1 MAE : 0.0509 | valid1 NMSE : 0.0068 | valid1 RMSE : 0.0000
[2025-07-29 15:32:32,410][__main__][INFO] - Step 2000 | valid1 MSE : 0.0038 | valid1 MAE : 0.0492 | valid1 NMSE : 0.0065 | valid1 RMSE : 0.0000
[2025-07-29 15:32:49,600][__main__][INFO] - Step 2100 | valid1 MSE : 0.0036 | valid1 MAE : 0.0481 | valid1 NMSE : 0.0062 | valid1 RMSE : 0.0000
[2025-07-29 15:33:07,224][__main__][INFO] - Step 2200 | valid1 MSE : 0.0039 | valid1 MAE : 0.0498 | valid1 NMSE : 0.0066 | valid1 RMSE : 0.0000
[2025-07-29 15:33:24,576][__main__][INFO] - Step 2300 | valid1 MSE : 0.0038 | valid1 MAE : 0.0491 | valid1 NMSE : 0.0064 | valid1 RMSE : 0.0000
[2025-07-29 15:33:41,945][__main__][INFO] - Step 2400 | valid1 MSE : 0.0036 | valid1 MAE : 0.0478 | valid1 NMSE : 0.0061 | valid1 RMSE : 0.0000
[2025-07-29 15:33:59,578][__main__][INFO] - Step 2500 | valid1 MSE : 0.0035 | valid1 MAE : 0.0474 | valid1 NMSE : 0.0060 | valid1 RMSE : 0.0000
[2025-07-29 15:34:17,158][__main__][INFO] - Step 2600 | valid1 MSE : 0.0035 | valid1 MAE : 0.0474 | valid1 NMSE : 0.0060 | valid1 RMSE : 0.0000
[2025-07-29 15:34:34,470][__main__][INFO] - Step 2700 | valid1 MSE : 0.0037 | valid1 MAE : 0.0488 | valid1 NMSE : 0.0063 | valid1 RMSE : 0.0000
[2025-07-29 15:34:51,970][__main__][INFO] - Step 2800 | valid1 MSE : 0.0035 | valid1 MAE : 0.0474 | valid1 NMSE : 0.0060 | valid1 RMSE : 0.0000
[2025-07-29 15:35:09,614][__main__][INFO] - Step 2900 | valid1 MSE : 0.0034 | valid1 MAE : 0.0465 | valid1 NMSE : 0.0057 | valid1 RMSE : 0.0000
[2025-07-29 15:35:27,200][__main__][INFO] - Step 3000 | valid1 MSE : 0.0036 | valid1 MAE : 0.0480 | valid1 NMSE : 0.0061 | valid1 RMSE : 0.0000
[2025-07-29 15:35:44,511][__main__][INFO] - Step 3100 | valid1 MSE : 0.0036 | valid1 MAE : 0.0477 | valid1 NMSE : 0.0061 | valid1 RMSE : 0.0000
[2025-07-29 15:36:01,938][__main__][INFO] - Step 3200 | valid1 MSE : 0.0034 | valid1 MAE : 0.0468 | valid1 NMSE : 0.0058 | valid1 RMSE : 0.0000
[2025-07-29 15:36:19,276][__main__][INFO] - Step 3300 | valid1 MSE : 0.0042 | valid1 MAE : 0.0520 | valid1 NMSE : 0.0071 | valid1 RMSE : 0.0000
[2025-07-29 15:36:36,591][__main__][INFO] - Step 3400 | valid1 MSE : 0.0038 | valid1 MAE : 0.0491 | valid1 NMSE : 0.0064 | valid1 RMSE : 0.0000
[2025-07-29 15:36:54,004][__main__][INFO] - Step 3500 | valid1 MSE : 0.0036 | valid1 MAE : 0.0480 | valid1 NMSE : 0.0061 | valid1 RMSE : 0.0000
[2025-07-29 15:37:11,484][__main__][INFO] - Step 3600 | valid1 MSE : 0.0038 | valid1 MAE : 0.0490 | valid1 NMSE : 0.0063 | valid1 RMSE : 0.0000
[2025-07-29 15:37:28,937][__main__][INFO] - Step 3700 | valid1 MSE : 0.0034 | valid1 MAE : 0.0466 | valid1 NMSE : 0.0058 | valid1 RMSE : 0.0000
[2025-07-29 15:37:46,360][__main__][INFO] - Step 3800 | valid1 MSE : 0.0033 | valid1 MAE : 0.0455 | valid1 NMSE : 0.0055 | valid1 RMSE : 0.0000
[2025-07-29 15:38:03,840][__main__][INFO] - Step 3900 | valid1 MSE : 0.0033 | valid1 MAE : 0.0461 | valid1 NMSE : 0.0057 | valid1 RMSE : 0.0000
[2025-07-29 15:38:21,245][__main__][INFO] - Step 4000 | valid1 MSE : 0.0032 | valid1 MAE : 0.0452 | valid1 NMSE : 0.0054 | valid1 RMSE : 0.0000
[2025-07-29 15:38:38,582][__main__][INFO] - Step 4100 | valid1 MSE : 0.0035 | valid1 MAE : 0.0471 | valid1 NMSE : 0.0059 | valid1 RMSE : 0.0000
[2025-07-29 15:38:55,727][__main__][INFO] - Step 4200 | valid1 MSE : 0.0033 | valid1 MAE : 0.0461 | valid1 NMSE : 0.0057 | valid1 RMSE : 0.0000
[2025-07-29 15:38:55,727][__main__][INFO] - Training done in 12.493 min
[2025-07-29 15:38:55,727][__main__][INFO] - Average time per step: 0.178 s
[2025-07-29 15:38:55,755][__main__][INFO] - End of training
[2025-07-29 15:38:56,877][__main__][INFO] - Plotted losses
[2025-07-29 15:38:56,877][__main__][INFO] - Computing test metrics
[2025-07-29 15:38:59,697][__main__][INFO] - Evaluation done in 0.047 min
[2025-07-29 15:39:02,198][__main__][INFO] - Evaluation done in 0.028 min
[2025-07-29 15:39:06,509][__main__][INFO] - Saved plots
[2025-07-29 15:39:06,509][__main__][INFO] - End of script

[2025-07-29 15:39:25,322][__main__][INFO] - =====Running main script=====
[2025-07-29 15:39:25,357][__main__][INFO] - Fetched main configs, save directory : ../outputs/benchmark_min_all/seed_3/PatchTST_instance/
[2025-07-29 15:39:25,357][__main__][INFO] - Model PatchTST, normalization instance, criterion MSE, kwargs {}
[2025-07-29 15:39:25,424][__main__][INFO] - Fetched dataloaders
[2025-07-29 15:39:25,428][__main__][INFO] - Training data shape : ((140, 1, 1000), (140, 1, 1000))
[2025-07-29 15:39:25,428][__main__][INFO] - Batch sizes : X=torch.Size([10, 1, 100]), c=torch.Size([10, 1, 120]), y=torch.Size([10, 1, 20])
[2025-07-29 15:39:28,542][__main__][INFO] - batch_size=10, learning_rate=0.0001, steps per epoch=14, epochs=300
[2025-07-29 15:39:28,542][__main__][INFO] - Starting training...
[2025-07-29 15:39:28,542][__main__][INFO] - Using device: cuda
[2025-07-29 15:39:28,542][__main__][INFO] - Training 300 epochs of 14 batches (4200 steps): , eval_freq: 100, print_freq: 100
[2025-07-29 15:39:39,614][__main__][INFO] - Step 1 | valid1 MSE : 0.8105 | valid1 MAE : 0.7327 | valid1 NMSE : 1.3736 | valid1 RMSE : 0.0009
[2025-07-29 15:39:51,306][__main__][INFO] - Step 100 | valid1 MSE : 0.0068 | valid1 MAE : 0.0658 | valid1 NMSE : 0.0115 | valid1 RMSE : 0.0000
[2025-07-29 15:40:02,802][__main__][INFO] - Step 200 | valid1 MSE : 0.0056 | valid1 MAE : 0.0597 | valid1 NMSE : 0.0094 | valid1 RMSE : 0.0000
[2025-07-29 15:40:14,465][__main__][INFO] - Step 300 | valid1 MSE : 0.0054 | valid1 MAE : 0.0589 | valid1 NMSE : 0.0092 | valid1 RMSE : 0.0000
[2025-07-29 15:40:26,009][__main__][INFO] - Step 400 | valid1 MSE : 0.0048 | valid1 MAE : 0.0552 | valid1 NMSE : 0.0081 | valid1 RMSE : 0.0000
[2025-07-29 15:40:37,762][__main__][INFO] - Step 500 | valid1 MSE : 0.0055 | valid1 MAE : 0.0592 | valid1 NMSE : 0.0093 | valid1 RMSE : 0.0000
[2025-07-29 15:40:49,341][__main__][INFO] - Step 600 | valid1 MSE : 0.0045 | valid1 MAE : 0.0535 | valid1 NMSE : 0.0076 | valid1 RMSE : 0.0000
[2025-07-29 15:41:00,863][__main__][INFO] - Step 700 | valid1 MSE : 0.0047 | valid1 MAE : 0.0547 | valid1 NMSE : 0.0079 | valid1 RMSE : 0.0000
[2025-07-29 15:41:12,512][__main__][INFO] - Step 800 | valid1 MSE : 0.0046 | valid1 MAE : 0.0543 | valid1 NMSE : 0.0079 | valid1 RMSE : 0.0000
[2025-07-29 15:41:24,038][__main__][INFO] - Step 900 | valid1 MSE : 0.0045 | valid1 MAE : 0.0539 | valid1 NMSE : 0.0077 | valid1 RMSE : 0.0000
[2025-07-29 15:41:35,409][__main__][INFO] - Step 1000 | valid1 MSE : 0.0049 | valid1 MAE : 0.0558 | valid1 NMSE : 0.0083 | valid1 RMSE : 0.0000
[2025-07-29 15:41:46,944][__main__][INFO] - Step 1100 | valid1 MSE : 0.0049 | valid1 MAE : 0.0557 | valid1 NMSE : 0.0083 | valid1 RMSE : 0.0000
[2025-07-29 15:41:58,670][__main__][INFO] - Step 1200 | valid1 MSE : 0.0050 | valid1 MAE : 0.0562 | valid1 NMSE : 0.0084 | valid1 RMSE : 0.0000
[2025-07-29 15:42:10,012][__main__][INFO] - Step 1300 | valid1 MSE : 0.0042 | valid1 MAE : 0.0517 | valid1 NMSE : 0.0071 | valid1 RMSE : 0.0000
[2025-07-29 15:42:21,540][__main__][INFO] - Step 1400 | valid1 MSE : 0.0045 | valid1 MAE : 0.0534 | valid1 NMSE : 0.0076 | valid1 RMSE : 0.0000
[2025-07-29 15:42:33,064][__main__][INFO] - Step 1500 | valid1 MSE : 0.0045 | valid1 MAE : 0.0532 | valid1 NMSE : 0.0076 | valid1 RMSE : 0.0000
[2025-07-29 15:42:44,701][__main__][INFO] - Step 1600 | valid1 MSE : 0.0055 | valid1 MAE : 0.0595 | valid1 NMSE : 0.0092 | valid1 RMSE : 0.0000
[2025-07-29 15:42:56,285][__main__][INFO] - Step 1700 | valid1 MSE : 0.0042 | valid1 MAE : 0.0517 | valid1 NMSE : 0.0071 | valid1 RMSE : 0.0000
[2025-07-29 15:43:07,877][__main__][INFO] - Step 1800 | valid1 MSE : 0.0052 | valid1 MAE : 0.0578 | valid1 NMSE : 0.0088 | valid1 RMSE : 0.0000
[2025-07-29 15:43:19,363][__main__][INFO] - Step 1900 | valid1 MSE : 0.0046 | valid1 MAE : 0.0538 | valid1 NMSE : 0.0077 | valid1 RMSE : 0.0000
[2025-07-29 15:43:30,895][__main__][INFO] - Step 2000 | valid1 MSE : 0.0048 | valid1 MAE : 0.0553 | valid1 NMSE : 0.0081 | valid1 RMSE : 0.0000
[2025-07-29 15:43:42,506][__main__][INFO] - Step 2100 | valid1 MSE : 0.0047 | valid1 MAE : 0.0545 | valid1 NMSE : 0.0079 | valid1 RMSE : 0.0000
[2025-07-29 15:43:54,130][__main__][INFO] - Step 2200 | valid1 MSE : 0.0041 | valid1 MAE : 0.0509 | valid1 NMSE : 0.0069 | valid1 RMSE : 0.0000
[2025-07-29 15:44:05,620][__main__][INFO] - Step 2300 | valid1 MSE : 0.0046 | valid1 MAE : 0.0543 | valid1 NMSE : 0.0078 | valid1 RMSE : 0.0000
[2025-07-29 15:44:16,924][__main__][INFO] - Step 2400 | valid1 MSE : 0.0039 | valid1 MAE : 0.0496 | valid1 NMSE : 0.0065 | valid1 RMSE : 0.0000
[2025-07-29 15:44:28,579][__main__][INFO] - Step 2500 | valid1 MSE : 0.0048 | valid1 MAE : 0.0554 | valid1 NMSE : 0.0082 | valid1 RMSE : 0.0000
[2025-07-29 15:44:40,113][__main__][INFO] - Step 2600 | valid1 MSE : 0.0039 | valid1 MAE : 0.0499 | valid1 NMSE : 0.0067 | valid1 RMSE : 0.0000
[2025-07-29 15:44:51,613][__main__][INFO] - Step 2700 | valid1 MSE : 0.0047 | valid1 MAE : 0.0544 | valid1 NMSE : 0.0079 | valid1 RMSE : 0.0000
[2025-07-29 15:45:02,978][__main__][INFO] - Step 2800 | valid1 MSE : 0.0041 | valid1 MAE : 0.0508 | valid1 NMSE : 0.0069 | valid1 RMSE : 0.0000
[2025-07-29 15:45:14,621][__main__][INFO] - Step 2900 | valid1 MSE : 0.0046 | valid1 MAE : 0.0539 | valid1 NMSE : 0.0077 | valid1 RMSE : 0.0000
[2025-07-29 15:45:26,086][__main__][INFO] - Step 3000 | valid1 MSE : 0.0043 | valid1 MAE : 0.0525 | valid1 NMSE : 0.0073 | valid1 RMSE : 0.0000
[2025-07-29 15:45:37,561][__main__][INFO] - Step 3100 | valid1 MSE : 0.0046 | valid1 MAE : 0.0543 | valid1 NMSE : 0.0078 | valid1 RMSE : 0.0000
[2025-07-29 15:45:48,883][__main__][INFO] - Step 3200 | valid1 MSE : 0.0042 | valid1 MAE : 0.0522 | valid1 NMSE : 0.0072 | valid1 RMSE : 0.0000
[2025-07-29 15:46:00,476][__main__][INFO] - Step 3300 | valid1 MSE : 0.0042 | valid1 MAE : 0.0518 | valid1 NMSE : 0.0071 | valid1 RMSE : 0.0000
[2025-07-29 15:46:12,006][__main__][INFO] - Step 3400 | valid1 MSE : 0.0040 | valid1 MAE : 0.0505 | valid1 NMSE : 0.0068 | valid1 RMSE : 0.0000
[2025-07-29 15:46:23,564][__main__][INFO] - Step 3500 | valid1 MSE : 0.0044 | valid1 MAE : 0.0530 | valid1 NMSE : 0.0075 | valid1 RMSE : 0.0000
[2025-07-29 15:46:34,930][__main__][INFO] - Step 3600 | valid1 MSE : 0.0046 | valid1 MAE : 0.0542 | valid1 NMSE : 0.0078 | valid1 RMSE : 0.0000
[2025-07-29 15:46:46,557][__main__][INFO] - Step 3700 | valid1 MSE : 0.0042 | valid1 MAE : 0.0513 | valid1 NMSE : 0.0070 | valid1 RMSE : 0.0000
[2025-07-29 15:46:58,015][__main__][INFO] - Step 3800 | valid1 MSE : 0.0042 | valid1 MAE : 0.0516 | valid1 NMSE : 0.0071 | valid1 RMSE : 0.0000
[2025-07-29 15:47:09,634][__main__][INFO] - Step 3900 | valid1 MSE : 0.0035 | valid1 MAE : 0.0471 | valid1 NMSE : 0.0059 | valid1 RMSE : 0.0000
[2025-07-29 15:47:20,949][__main__][INFO] - Step 4000 | valid1 MSE : 0.0042 | valid1 MAE : 0.0518 | valid1 NMSE : 0.0071 | valid1 RMSE : 0.0000
[2025-07-29 15:47:32,574][__main__][INFO] - Step 4100 | valid1 MSE : 0.0046 | valid1 MAE : 0.0543 | valid1 NMSE : 0.0078 | valid1 RMSE : 0.0000
[2025-07-29 15:47:44,043][__main__][INFO] - Step 4200 | valid1 MSE : 0.0040 | valid1 MAE : 0.0503 | valid1 NMSE : 0.0067 | valid1 RMSE : 0.0000
[2025-07-29 15:47:44,043][__main__][INFO] - Training done in 8.258 min
[2025-07-29 15:47:44,044][__main__][INFO] - Average time per step: 0.118 s
[2025-07-29 15:47:44,073][__main__][INFO] - End of training
[2025-07-29 15:47:45,359][__main__][INFO] - Plotted losses
[2025-07-29 15:47:45,359][__main__][INFO] - Computing test metrics
[2025-07-29 15:47:46,729][__main__][INFO] - Evaluation done in 0.023 min
[2025-07-29 15:47:48,592][__main__][INFO] - Evaluation done in 0.018 min
[2025-07-29 15:47:52,517][__main__][INFO] - Saved plots
[2025-07-29 15:47:52,517][__main__][INFO] - End of script

[2025-07-29 15:48:01,078][__main__][INFO] - =====Running main script=====
[2025-07-29 15:48:01,085][__main__][INFO] - Fetched main configs, save directory : ../outputs/benchmark_min_all/seed_3/PatchTST_revin/
[2025-07-29 15:48:01,085][__main__][INFO] - Model PatchTST, normalization revin, criterion MSE, kwargs {}
[2025-07-29 15:48:01,146][__main__][INFO] - Fetched dataloaders
[2025-07-29 15:48:01,150][__main__][INFO] - Training data shape : ((140, 1, 1000), (140, 1, 1000))
[2025-07-29 15:48:01,150][__main__][INFO] - Batch sizes : X=torch.Size([10, 1, 100]), c=torch.Size([10, 1, 120]), y=torch.Size([10, 1, 20])
[2025-07-29 15:48:04,573][__main__][INFO] - batch_size=10, learning_rate=0.0001, steps per epoch=14, epochs=300
[2025-07-29 15:48:04,573][__main__][INFO] - Starting training...
[2025-07-29 15:48:04,573][__main__][INFO] - Using device: cuda
[2025-07-29 15:48:04,573][__main__][INFO] - Training 300 epochs of 14 batches (4200 steps): , eval_freq: 100, print_freq: 100
[2025-07-29 15:48:15,709][__main__][INFO] - Step 1 | valid1 MSE : 0.8104 | valid1 MAE : 0.7327 | valid1 NMSE : 1.3736 | valid1 RMSE : 0.0009
[2025-07-29 15:48:27,251][__main__][INFO] - Step 100 | valid1 MSE : 0.0068 | valid1 MAE : 0.0656 | valid1 NMSE : 0.0114 | valid1 RMSE : 0.0000
[2025-07-29 15:48:38,615][__main__][INFO] - Step 200 | valid1 MSE : 0.0055 | valid1 MAE : 0.0591 | valid1 NMSE : 0.0092 | valid1 RMSE : 0.0000
[2025-07-29 15:48:50,084][__main__][INFO] - Step 300 | valid1 MSE : 0.0053 | valid1 MAE : 0.0582 | valid1 NMSE : 0.0090 | valid1 RMSE : 0.0000
[2025-07-29 15:49:01,482][__main__][INFO] - Step 400 | valid1 MSE : 0.0047 | valid1 MAE : 0.0545 | valid1 NMSE : 0.0079 | valid1 RMSE : 0.0000
[2025-07-29 15:49:12,955][__main__][INFO] - Step 500 | valid1 MSE : 0.0054 | valid1 MAE : 0.0585 | valid1 NMSE : 0.0091 | valid1 RMSE : 0.0000
[2025-07-29 15:49:24,293][__main__][INFO] - Step 600 | valid1 MSE : 0.0044 | valid1 MAE : 0.0527 | valid1 NMSE : 0.0074 | valid1 RMSE : 0.0000
[2025-07-29 15:49:35,747][__main__][INFO] - Step 700 | valid1 MSE : 0.0046 | valid1 MAE : 0.0541 | valid1 NMSE : 0.0077 | valid1 RMSE : 0.0000
[2025-07-29 15:49:47,134][__main__][INFO] - Step 800 | valid1 MSE : 0.0045 | valid1 MAE : 0.0536 | valid1 NMSE : 0.0076 | valid1 RMSE : 0.0000
[2025-07-29 15:49:58,550][__main__][INFO] - Step 900 | valid1 MSE : 0.0044 | valid1 MAE : 0.0532 | valid1 NMSE : 0.0075 | valid1 RMSE : 0.0000
[2025-07-29 15:50:09,730][__main__][INFO] - Step 1000 | valid1 MSE : 0.0047 | valid1 MAE : 0.0546 | valid1 NMSE : 0.0080 | valid1 RMSE : 0.0000
[2025-07-29 15:50:21,140][__main__][INFO] - Step 1100 | valid1 MSE : 0.0048 | valid1 MAE : 0.0551 | valid1 NMSE : 0.0081 | valid1 RMSE : 0.0000
[2025-07-29 15:50:32,612][__main__][INFO] - Step 1200 | valid1 MSE : 0.0047 | valid1 MAE : 0.0548 | valid1 NMSE : 0.0080 | valid1 RMSE : 0.0000
[2025-07-29 15:50:43,833][__main__][INFO] - Step 1300 | valid1 MSE : 0.0041 | valid1 MAE : 0.0509 | valid1 NMSE : 0.0069 | valid1 RMSE : 0.0000
[2025-07-29 15:50:55,311][__main__][INFO] - Step 1400 | valid1 MSE : 0.0043 | valid1 MAE : 0.0523 | valid1 NMSE : 0.0073 | valid1 RMSE : 0.0000
[2025-07-29 15:51:06,668][__main__][INFO] - Step 1500 | valid1 MSE : 0.0043 | valid1 MAE : 0.0522 | valid1 NMSE : 0.0073 | valid1 RMSE : 0.0000
[2025-07-29 15:51:18,176][__main__][INFO] - Step 1600 | valid1 MSE : 0.0052 | valid1 MAE : 0.0579 | valid1 NMSE : 0.0088 | valid1 RMSE : 0.0000
[2025-07-29 15:51:29,667][__main__][INFO] - Step 1700 | valid1 MSE : 0.0041 | valid1 MAE : 0.0508 | valid1 NMSE : 0.0069 | valid1 RMSE : 0.0000
[2025-07-29 15:51:41,033][__main__][INFO] - Step 1800 | valid1 MSE : 0.0049 | valid1 MAE : 0.0559 | valid1 NMSE : 0.0082 | valid1 RMSE : 0.0000
[2025-07-29 15:51:52,269][__main__][INFO] - Step 1900 | valid1 MSE : 0.0043 | valid1 MAE : 0.0523 | valid1 NMSE : 0.0073 | valid1 RMSE : 0.0000
[2025-07-29 15:52:03,681][__main__][INFO] - Step 2000 | valid1 MSE : 0.0046 | valid1 MAE : 0.0540 | valid1 NMSE : 0.0077 | valid1 RMSE : 0.0000
[2025-07-29 15:52:15,159][__main__][INFO] - Step 2100 | valid1 MSE : 0.0044 | valid1 MAE : 0.0528 | valid1 NMSE : 0.0074 | valid1 RMSE : 0.0000
[2025-07-29 15:52:26,494][__main__][INFO] - Step 2200 | valid1 MSE : 0.0039 | valid1 MAE : 0.0496 | valid1 NMSE : 0.0066 | valid1 RMSE : 0.0000
[2025-07-29 15:52:37,792][__main__][INFO] - Step 2300 | valid1 MSE : 0.0043 | valid1 MAE : 0.0527 | valid1 NMSE : 0.0074 | valid1 RMSE : 0.0000
[2025-07-29 15:52:49,012][__main__][INFO] - Step 2400 | valid1 MSE : 0.0037 | valid1 MAE : 0.0487 | valid1 NMSE : 0.0063 | valid1 RMSE : 0.0000
[2025-07-29 15:53:00,528][__main__][INFO] - Step 2500 | valid1 MSE : 0.0045 | valid1 MAE : 0.0536 | valid1 NMSE : 0.0076 | valid1 RMSE : 0.0000
[2025-07-29 15:53:11,874][__main__][INFO] - Step 2600 | valid1 MSE : 0.0037 | valid1 MAE : 0.0487 | valid1 NMSE : 0.0063 | valid1 RMSE : 0.0000
[2025-07-29 15:53:23,235][__main__][INFO] - Step 2700 | valid1 MSE : 0.0044 | valid1 MAE : 0.0526 | valid1 NMSE : 0.0074 | valid1 RMSE : 0.0000
[2025-07-29 15:53:34,695][__main__][INFO] - Step 2800 | valid1 MSE : 0.0039 | valid1 MAE : 0.0496 | valid1 NMSE : 0.0065 | valid1 RMSE : 0.0000
[2025-07-29 15:53:46,902][__main__][INFO] - Step 2900 | valid1 MSE : 0.0043 | valid1 MAE : 0.0521 | valid1 NMSE : 0.0072 | valid1 RMSE : 0.0000
[2025-07-29 15:53:58,694][__main__][INFO] - Step 3000 | valid1 MSE : 0.0042 | valid1 MAE : 0.0517 | valid1 NMSE : 0.0071 | valid1 RMSE : 0.0000
[2025-07-29 15:54:10,433][__main__][INFO] - Step 3100 | valid1 MSE : 0.0043 | valid1 MAE : 0.0521 | valid1 NMSE : 0.0072 | valid1 RMSE : 0.0000
[2025-07-29 15:54:22,049][__main__][INFO] - Step 3200 | valid1 MSE : 0.0040 | valid1 MAE : 0.0504 | valid1 NMSE : 0.0067 | valid1 RMSE : 0.0000
[2025-07-29 15:54:33,916][__main__][INFO] - Step 3300 | valid1 MSE : 0.0040 | valid1 MAE : 0.0505 | valid1 NMSE : 0.0068 | valid1 RMSE : 0.0000
[2025-07-29 15:54:45,678][__main__][INFO] - Step 3400 | valid1 MSE : 0.0038 | valid1 MAE : 0.0491 | valid1 NMSE : 0.0064 | valid1 RMSE : 0.0000
[2025-07-29 15:54:57,373][__main__][INFO] - Step 3500 | valid1 MSE : 0.0042 | valid1 MAE : 0.0514 | valid1 NMSE : 0.0071 | valid1 RMSE : 0.0000
[2025-07-29 15:55:08,888][__main__][INFO] - Step 3600 | valid1 MSE : 0.0043 | valid1 MAE : 0.0524 | valid1 NMSE : 0.0072 | valid1 RMSE : 0.0000
[2025-07-29 15:55:20,746][__main__][INFO] - Step 3700 | valid1 MSE : 0.0041 | valid1 MAE : 0.0510 | valid1 NMSE : 0.0070 | valid1 RMSE : 0.0000
[2025-07-29 15:55:32,438][__main__][INFO] - Step 3800 | valid1 MSE : 0.0039 | valid1 MAE : 0.0499 | valid1 NMSE : 0.0066 | valid1 RMSE : 0.0000
[2025-07-29 15:55:44,187][__main__][INFO] - Step 3900 | valid1 MSE : 0.0034 | valid1 MAE : 0.0461 | valid1 NMSE : 0.0057 | valid1 RMSE : 0.0000
[2025-07-29 15:55:55,693][__main__][INFO] - Step 4000 | valid1 MSE : 0.0039 | valid1 MAE : 0.0499 | valid1 NMSE : 0.0066 | valid1 RMSE : 0.0000
[2025-07-29 15:56:07,839][__main__][INFO] - Step 4100 | valid1 MSE : 0.0043 | valid1 MAE : 0.0525 | valid1 NMSE : 0.0073 | valid1 RMSE : 0.0000
[2025-07-29 15:56:19,396][__main__][INFO] - Step 4200 | valid1 MSE : 0.0038 | valid1 MAE : 0.0492 | valid1 NMSE : 0.0064 | valid1 RMSE : 0.0000
[2025-07-29 15:56:19,396][__main__][INFO] - Training done in 8.247 min
[2025-07-29 15:56:19,396][__main__][INFO] - Average time per step: 0.118 s
[2025-07-29 15:56:19,427][__main__][INFO] - End of training
[2025-07-29 15:56:20,953][__main__][INFO] - Plotted losses
[2025-07-29 15:56:20,953][__main__][INFO] - Computing test metrics
[2025-07-29 15:56:22,365][__main__][INFO] - Evaluation done in 0.024 min
[2025-07-29 15:56:24,226][__main__][INFO] - Evaluation done in 0.018 min
[2025-07-29 15:56:28,153][__main__][INFO] - Saved plots
[2025-07-29 15:56:28,154][__main__][INFO] - Final mIN parameters: {'beta': np.float32(0.0012034688), 'alpha': np.float32(1.1556932)}
[2025-07-29 15:56:28,154][__main__][INFO] - End of script

[2025-07-29 15:56:36,871][__main__][INFO] - =====Running main script=====
[2025-07-29 15:56:36,878][__main__][INFO] - Fetched main configs, save directory : ../outputs/benchmark_min_all/seed_3/min/
[2025-07-29 15:56:36,879][__main__][INFO] - Model PatchTST, normalization mIN, criterion MSE, kwargs {}
[2025-07-29 15:56:36,941][__main__][INFO] - Fetched dataloaders
[2025-07-29 15:56:36,944][__main__][INFO] - Training data shape : ((140, 1, 1000), (140, 1, 1000))
[2025-07-29 15:56:36,944][__main__][INFO] - Batch sizes : X=torch.Size([10, 1, 100]), c=torch.Size([10, 1, 120]), y=torch.Size([10, 1, 20])
[2025-07-29 15:56:40,413][__main__][INFO] - batch_size=10, learning_rate=0.0001, steps per epoch=14, epochs=300
[2025-07-29 15:56:40,413][__main__][INFO] - Starting training...
[2025-07-29 15:56:40,413][__main__][INFO] - Using device: cuda
[2025-07-29 15:56:40,413][__main__][INFO] - Training 300 epochs of 14 batches (4200 steps): , eval_freq: 100, print_freq: 100
[2025-07-29 15:56:51,523][__main__][INFO] - Step 1 | valid1 MSE : 0.8104 | valid1 MAE : 0.7327 | valid1 NMSE : 1.3736 | valid1 RMSE : 0.0009
[2025-07-29 15:57:03,217][__main__][INFO] - Step 100 | valid1 MSE : 0.0068 | valid1 MAE : 0.0656 | valid1 NMSE : 0.0114 | valid1 RMSE : 0.0000
[2025-07-29 15:57:15,106][__main__][INFO] - Step 200 | valid1 MSE : 0.0055 | valid1 MAE : 0.0591 | valid1 NMSE : 0.0093 | valid1 RMSE : 0.0000
[2025-07-29 15:57:26,449][__main__][INFO] - Step 300 | valid1 MSE : 0.0054 | valid1 MAE : 0.0584 | valid1 NMSE : 0.0091 | valid1 RMSE : 0.0000
[2025-07-29 15:57:38,388][__main__][INFO] - Step 400 | valid1 MSE : 0.0047 | valid1 MAE : 0.0546 | valid1 NMSE : 0.0079 | valid1 RMSE : 0.0000
[2025-07-29 15:57:50,031][__main__][INFO] - Step 500 | valid1 MSE : 0.0054 | valid1 MAE : 0.0586 | valid1 NMSE : 0.0091 | valid1 RMSE : 0.0000
[2025-07-29 15:58:01,544][__main__][INFO] - Step 600 | valid1 MSE : 0.0044 | valid1 MAE : 0.0528 | valid1 NMSE : 0.0074 | valid1 RMSE : 0.0000
[2025-07-29 15:58:12,953][__main__][INFO] - Step 700 | valid1 MSE : 0.0046 | valid1 MAE : 0.0543 | valid1 NMSE : 0.0078 | valid1 RMSE : 0.0000
[2025-07-29 15:58:24,328][__main__][INFO] - Step 800 | valid1 MSE : 0.0045 | valid1 MAE : 0.0536 | valid1 NMSE : 0.0076 | valid1 RMSE : 0.0000
[2025-07-29 15:58:35,555][__main__][INFO] - Step 900 | valid1 MSE : 0.0045 | valid1 MAE : 0.0534 | valid1 NMSE : 0.0076 | valid1 RMSE : 0.0000
[2025-07-29 15:58:46,944][__main__][INFO] - Step 1000 | valid1 MSE : 0.0047 | valid1 MAE : 0.0548 | valid1 NMSE : 0.0080 | valid1 RMSE : 0.0000
[2025-07-29 15:58:58,363][__main__][INFO] - Step 1100 | valid1 MSE : 0.0048 | valid1 MAE : 0.0553 | valid1 NMSE : 0.0082 | valid1 RMSE : 0.0000
[2025-07-29 15:59:09,565][__main__][INFO] - Step 1200 | valid1 MSE : 0.0047 | valid1 MAE : 0.0548 | valid1 NMSE : 0.0080 | valid1 RMSE : 0.0000
[2025-07-29 15:59:20,914][__main__][INFO] - Step 1300 | valid1 MSE : 0.0041 | valid1 MAE : 0.0510 | valid1 NMSE : 0.0069 | valid1 RMSE : 0.0000
[2025-07-29 15:59:32,395][__main__][INFO] - Step 1400 | valid1 MSE : 0.0043 | valid1 MAE : 0.0524 | valid1 NMSE : 0.0073 | valid1 RMSE : 0.0000
[2025-07-29 15:59:43,798][__main__][INFO] - Step 1500 | valid1 MSE : 0.0043 | valid1 MAE : 0.0523 | valid1 NMSE : 0.0073 | valid1 RMSE : 0.0000
[2025-07-29 15:59:55,045][__main__][INFO] - Step 1600 | valid1 MSE : 0.0052 | valid1 MAE : 0.0578 | valid1 NMSE : 0.0087 | valid1 RMSE : 0.0000
[2025-07-29 16:00:06,754][__main__][INFO] - Step 1700 | valid1 MSE : 0.0041 | valid1 MAE : 0.0510 | valid1 NMSE : 0.0070 | valid1 RMSE : 0.0000
[2025-07-29 16:00:17,884][__main__][INFO] - Step 1800 | valid1 MSE : 0.0049 | valid1 MAE : 0.0559 | valid1 NMSE : 0.0082 | valid1 RMSE : 0.0000
[2025-07-29 16:00:29,220][__main__][INFO] - Step 1900 | valid1 MSE : 0.0043 | valid1 MAE : 0.0523 | valid1 NMSE : 0.0073 | valid1 RMSE : 0.0000
[2025-07-29 16:00:40,636][__main__][INFO] - Step 2000 | valid1 MSE : 0.0046 | valid1 MAE : 0.0540 | valid1 NMSE : 0.0077 | valid1 RMSE : 0.0000
[2025-07-29 16:00:51,999][__main__][INFO] - Step 2100 | valid1 MSE : 0.0044 | valid1 MAE : 0.0530 | valid1 NMSE : 0.0074 | valid1 RMSE : 0.0000
[2025-07-29 16:01:03,412][__main__][INFO] - Step 2200 | valid1 MSE : 0.0039 | valid1 MAE : 0.0496 | valid1 NMSE : 0.0066 | valid1 RMSE : 0.0000
[2025-07-29 16:01:14,570][__main__][INFO] - Step 2300 | valid1 MSE : 0.0043 | valid1 MAE : 0.0525 | valid1 NMSE : 0.0073 | valid1 RMSE : 0.0000
[2025-07-29 16:01:26,027][__main__][INFO] - Step 2400 | valid1 MSE : 0.0037 | valid1 MAE : 0.0487 | valid1 NMSE : 0.0063 | valid1 RMSE : 0.0000
[2025-07-29 16:01:37,295][__main__][INFO] - Step 2500 | valid1 MSE : 0.0044 | valid1 MAE : 0.0533 | valid1 NMSE : 0.0075 | valid1 RMSE : 0.0000
[2025-07-29 16:01:48,775][__main__][INFO] - Step 2600 | valid1 MSE : 0.0037 | valid1 MAE : 0.0486 | valid1 NMSE : 0.0063 | valid1 RMSE : 0.0000
[2025-07-29 16:01:59,904][__main__][INFO] - Step 2700 | valid1 MSE : 0.0043 | valid1 MAE : 0.0525 | valid1 NMSE : 0.0074 | valid1 RMSE : 0.0000
[2025-07-29 16:02:11,318][__main__][INFO] - Step 2800 | valid1 MSE : 0.0038 | valid1 MAE : 0.0494 | valid1 NMSE : 0.0065 | valid1 RMSE : 0.0000
[2025-07-29 16:02:22,585][__main__][INFO] - Step 2900 | valid1 MSE : 0.0042 | valid1 MAE : 0.0519 | valid1 NMSE : 0.0072 | valid1 RMSE : 0.0000
[2025-07-29 16:02:33,957][__main__][INFO] - Step 3000 | valid1 MSE : 0.0041 | valid1 MAE : 0.0514 | valid1 NMSE : 0.0070 | valid1 RMSE : 0.0000
[2025-07-29 16:02:45,154][__main__][INFO] - Step 3100 | valid1 MSE : 0.0042 | valid1 MAE : 0.0520 | valid1 NMSE : 0.0072 | valid1 RMSE : 0.0000
[2025-07-29 16:02:56,585][__main__][INFO] - Step 3200 | valid1 MSE : 0.0040 | valid1 MAE : 0.0505 | valid1 NMSE : 0.0068 | valid1 RMSE : 0.0000
[2025-07-29 16:03:07,930][__main__][INFO] - Step 3300 | valid1 MSE : 0.0040 | valid1 MAE : 0.0504 | valid1 NMSE : 0.0068 | valid1 RMSE : 0.0000
[2025-07-29 16:03:19,295][__main__][INFO] - Step 3400 | valid1 MSE : 0.0038 | valid1 MAE : 0.0489 | valid1 NMSE : 0.0063 | valid1 RMSE : 0.0000
[2025-07-29 16:03:30,479][__main__][INFO] - Step 3500 | valid1 MSE : 0.0042 | valid1 MAE : 0.0514 | valid1 NMSE : 0.0071 | valid1 RMSE : 0.0000
[2025-07-29 16:03:41,959][__main__][INFO] - Step 3600 | valid1 MSE : 0.0042 | valid1 MAE : 0.0521 | valid1 NMSE : 0.0072 | valid1 RMSE : 0.0000
[2025-07-29 16:03:53,222][__main__][INFO] - Step 3700 | valid1 MSE : 0.0041 | valid1 MAE : 0.0511 | valid1 NMSE : 0.0070 | valid1 RMSE : 0.0000
[2025-07-29 16:04:05,118][__main__][INFO] - Step 3800 | valid1 MSE : 0.0039 | valid1 MAE : 0.0498 | valid1 NMSE : 0.0066 | valid1 RMSE : 0.0000
[2025-07-29 16:04:16,273][__main__][INFO] - Step 3900 | valid1 MSE : 0.0033 | valid1 MAE : 0.0461 | valid1 NMSE : 0.0057 | valid1 RMSE : 0.0000
[2025-07-29 16:04:27,834][__main__][INFO] - Step 4000 | valid1 MSE : 0.0039 | valid1 MAE : 0.0497 | valid1 NMSE : 0.0065 | valid1 RMSE : 0.0000
[2025-07-29 16:04:39,174][__main__][INFO] - Step 4100 | valid1 MSE : 0.0042 | valid1 MAE : 0.0518 | valid1 NMSE : 0.0071 | valid1 RMSE : 0.0000
[2025-07-29 16:04:50,442][__main__][INFO] - Step 4200 | valid1 MSE : 0.0038 | valid1 MAE : 0.0490 | valid1 NMSE : 0.0064 | valid1 RMSE : 0.0000
[2025-07-29 16:04:50,442][__main__][INFO] - Training done in 8.167 min
[2025-07-29 16:04:50,442][__main__][INFO] - Average time per step: 0.117 s
[2025-07-29 16:04:50,477][__main__][INFO] - End of training
[2025-07-29 16:04:51,914][__main__][INFO] - Plotted losses
[2025-07-29 16:04:51,914][__main__][INFO] - Computing test metrics
[2025-07-29 16:04:53,248][__main__][INFO] - Evaluation done in 0.022 min
[2025-07-29 16:04:55,099][__main__][INFO] - Evaluation done in 0.018 min
[2025-07-29 16:04:58,874][__main__][INFO] - Saved plots
[2025-07-29 16:04:58,874][__main__][INFO] - Final mIN parameters: {'beta': np.float32(0.0009299203), 'alpha': np.float32(0.8345745)}
[2025-07-29 16:04:58,874][__main__][INFO] - End of script

[2025-07-29 16:05:07,170][__main__][INFO] - =====Running main script=====
[2025-07-29 16:05:07,177][__main__][INFO] - Fetched main configs, save directory : ../outputs/benchmark_min_all/seed_3/cmin_default/
[2025-07-29 16:05:07,177][__main__][INFO] - Model PatchTST, normalization cmIN, criterion MSE, kwargs {}
[2025-07-29 16:05:07,238][__main__][INFO] - Fetched dataloaders
[2025-07-29 16:05:07,242][__main__][INFO] - Training data shape : ((140, 1, 1000), (140, 1, 1000))
[2025-07-29 16:05:07,242][__main__][INFO] - Batch sizes : X=torch.Size([10, 1, 100]), c=torch.Size([10, 1, 120]), y=torch.Size([10, 1, 20])
[2025-07-29 16:05:10,484][__main__][INFO] - batch_size=10, learning_rate=0.0001, steps per epoch=14, epochs=300
[2025-07-29 16:05:10,484][__main__][INFO] - Starting training...
[2025-07-29 16:05:10,484][__main__][INFO] - Using device: cuda
[2025-07-29 16:05:10,484][__main__][INFO] - Training 300 epochs of 14 batches (4200 steps): , eval_freq: 100, print_freq: 100
[2025-07-29 16:05:26,690][__main__][INFO] - Step 1 | valid1 MSE : 0.8104 | valid1 MAE : 0.7326 | valid1 NMSE : 1.3735 | valid1 RMSE : 0.0009
[2025-07-29 16:05:43,408][__main__][INFO] - Step 100 | valid1 MSE : 0.0068 | valid1 MAE : 0.0656 | valid1 NMSE : 0.0114 | valid1 RMSE : 0.0000
[2025-07-29 16:06:00,358][__main__][INFO] - Step 200 | valid1 MSE : 0.0055 | valid1 MAE : 0.0592 | valid1 NMSE : 0.0093 | valid1 RMSE : 0.0000
[2025-07-29 16:06:17,426][__main__][INFO] - Step 300 | valid1 MSE : 0.0054 | valid1 MAE : 0.0584 | valid1 NMSE : 0.0091 | valid1 RMSE : 0.0000
[2025-07-29 16:06:34,237][__main__][INFO] - Step 400 | valid1 MSE : 0.0047 | valid1 MAE : 0.0547 | valid1 NMSE : 0.0079 | valid1 RMSE : 0.0000
[2025-07-29 16:06:51,044][__main__][INFO] - Step 500 | valid1 MSE : 0.0054 | valid1 MAE : 0.0586 | valid1 NMSE : 0.0091 | valid1 RMSE : 0.0000
[2025-07-29 16:07:08,011][__main__][INFO] - Step 600 | valid1 MSE : 0.0044 | valid1 MAE : 0.0528 | valid1 NMSE : 0.0074 | valid1 RMSE : 0.0000
[2025-07-29 16:07:24,767][__main__][INFO] - Step 700 | valid1 MSE : 0.0046 | valid1 MAE : 0.0543 | valid1 NMSE : 0.0078 | valid1 RMSE : 0.0000
[2025-07-29 16:07:41,540][__main__][INFO] - Step 800 | valid1 MSE : 0.0045 | valid1 MAE : 0.0536 | valid1 NMSE : 0.0076 | valid1 RMSE : 0.0000
[2025-07-29 16:07:58,185][__main__][INFO] - Step 900 | valid1 MSE : 0.0045 | valid1 MAE : 0.0534 | valid1 NMSE : 0.0076 | valid1 RMSE : 0.0000
[2025-07-29 16:08:15,159][__main__][INFO] - Step 1000 | valid1 MSE : 0.0047 | valid1 MAE : 0.0548 | valid1 NMSE : 0.0080 | valid1 RMSE : 0.0000
[2025-07-29 16:08:32,065][__main__][INFO] - Step 1100 | valid1 MSE : 0.0048 | valid1 MAE : 0.0553 | valid1 NMSE : 0.0082 | valid1 RMSE : 0.0000
[2025-07-29 16:08:48,875][__main__][INFO] - Step 1200 | valid1 MSE : 0.0047 | valid1 MAE : 0.0549 | valid1 NMSE : 0.0080 | valid1 RMSE : 0.0000
[2025-07-29 16:09:05,748][__main__][INFO] - Step 1300 | valid1 MSE : 0.0041 | valid1 MAE : 0.0510 | valid1 NMSE : 0.0070 | valid1 RMSE : 0.0000
[2025-07-29 16:09:22,689][__main__][INFO] - Step 1400 | valid1 MSE : 0.0043 | valid1 MAE : 0.0525 | valid1 NMSE : 0.0073 | valid1 RMSE : 0.0000
[2025-07-29 16:09:39,466][__main__][INFO] - Step 1500 | valid1 MSE : 0.0043 | valid1 MAE : 0.0523 | valid1 NMSE : 0.0073 | valid1 RMSE : 0.0000
[2025-07-29 16:09:56,386][__main__][INFO] - Step 1600 | valid1 MSE : 0.0052 | valid1 MAE : 0.0579 | valid1 NMSE : 0.0088 | valid1 RMSE : 0.0000
[2025-07-29 16:10:13,176][__main__][INFO] - Step 1700 | valid1 MSE : 0.0041 | valid1 MAE : 0.0510 | valid1 NMSE : 0.0070 | valid1 RMSE : 0.0000
[2025-07-29 16:10:29,941][__main__][INFO] - Step 1800 | valid1 MSE : 0.0049 | valid1 MAE : 0.0560 | valid1 NMSE : 0.0083 | valid1 RMSE : 0.0000
[2025-07-29 16:10:46,641][__main__][INFO] - Step 1900 | valid1 MSE : 0.0043 | valid1 MAE : 0.0524 | valid1 NMSE : 0.0073 | valid1 RMSE : 0.0000
[2025-07-29 16:11:03,404][__main__][INFO] - Step 2000 | valid1 MSE : 0.0046 | valid1 MAE : 0.0541 | valid1 NMSE : 0.0078 | valid1 RMSE : 0.0000
[2025-07-29 16:11:20,388][__main__][INFO] - Step 2100 | valid1 MSE : 0.0044 | valid1 MAE : 0.0531 | valid1 NMSE : 0.0075 | valid1 RMSE : 0.0000
[2025-07-29 16:11:37,091][__main__][INFO] - Step 2200 | valid1 MSE : 0.0039 | valid1 MAE : 0.0497 | valid1 NMSE : 0.0066 | valid1 RMSE : 0.0000
[2025-07-29 16:11:53,822][__main__][INFO] - Step 2300 | valid1 MSE : 0.0043 | valid1 MAE : 0.0527 | valid1 NMSE : 0.0074 | valid1 RMSE : 0.0000
[2025-07-29 16:12:10,699][__main__][INFO] - Step 2400 | valid1 MSE : 0.0038 | valid1 MAE : 0.0488 | valid1 NMSE : 0.0063 | valid1 RMSE : 0.0000
[2025-07-29 16:12:27,583][__main__][INFO] - Step 2500 | valid1 MSE : 0.0045 | valid1 MAE : 0.0535 | valid1 NMSE : 0.0076 | valid1 RMSE : 0.0000
[2025-07-29 16:12:44,395][__main__][INFO] - Step 2600 | valid1 MSE : 0.0037 | valid1 MAE : 0.0487 | valid1 NMSE : 0.0063 | valid1 RMSE : 0.0000
[2025-07-29 16:13:01,368][__main__][INFO] - Step 2700 | valid1 MSE : 0.0044 | valid1 MAE : 0.0527 | valid1 NMSE : 0.0074 | valid1 RMSE : 0.0000
[2025-07-29 16:13:18,297][__main__][INFO] - Step 2800 | valid1 MSE : 0.0039 | valid1 MAE : 0.0496 | valid1 NMSE : 0.0066 | valid1 RMSE : 0.0000
[2025-07-29 16:13:35,219][__main__][INFO] - Step 2900 | valid1 MSE : 0.0043 | valid1 MAE : 0.0522 | valid1 NMSE : 0.0072 | valid1 RMSE : 0.0000
[2025-07-29 16:13:52,010][__main__][INFO] - Step 3000 | valid1 MSE : 0.0041 | valid1 MAE : 0.0513 | valid1 NMSE : 0.0070 | valid1 RMSE : 0.0000
[2025-07-29 16:14:08,752][__main__][INFO] - Step 3100 | valid1 MSE : 0.0043 | valid1 MAE : 0.0523 | valid1 NMSE : 0.0073 | valid1 RMSE : 0.0000
[2025-07-29 16:14:25,589][__main__][INFO] - Step 3200 | valid1 MSE : 0.0040 | valid1 MAE : 0.0507 | valid1 NMSE : 0.0068 | valid1 RMSE : 0.0000
[2025-07-29 16:14:42,444][__main__][INFO] - Step 3300 | valid1 MSE : 0.0040 | valid1 MAE : 0.0506 | valid1 NMSE : 0.0068 | valid1 RMSE : 0.0000
[2025-07-29 16:14:59,325][__main__][INFO] - Step 3400 | valid1 MSE : 0.0038 | valid1 MAE : 0.0491 | valid1 NMSE : 0.0064 | valid1 RMSE : 0.0000
[2025-07-29 16:15:16,083][__main__][INFO] - Step 3500 | valid1 MSE : 0.0042 | valid1 MAE : 0.0515 | valid1 NMSE : 0.0071 | valid1 RMSE : 0.0000
[2025-07-29 16:15:32,785][__main__][INFO] - Step 3600 | valid1 MSE : 0.0043 | valid1 MAE : 0.0524 | valid1 NMSE : 0.0073 | valid1 RMSE : 0.0000
[2025-07-29 16:15:49,612][__main__][INFO] - Step 3700 | valid1 MSE : 0.0041 | valid1 MAE : 0.0510 | valid1 NMSE : 0.0070 | valid1 RMSE : 0.0000
[2025-07-29 16:16:06,630][__main__][INFO] - Step 3800 | valid1 MSE : 0.0039 | valid1 MAE : 0.0501 | valid1 NMSE : 0.0067 | valid1 RMSE : 0.0000
[2025-07-29 16:16:23,417][__main__][INFO] - Step 3900 | valid1 MSE : 0.0034 | valid1 MAE : 0.0462 | valid1 NMSE : 0.0057 | valid1 RMSE : 0.0000
[2025-07-29 16:16:40,116][__main__][INFO] - Step 4000 | valid1 MSE : 0.0039 | valid1 MAE : 0.0501 | valid1 NMSE : 0.0066 | valid1 RMSE : 0.0000
[2025-07-29 16:16:56,836][__main__][INFO] - Step 4100 | valid1 MSE : 0.0043 | valid1 MAE : 0.0524 | valid1 NMSE : 0.0073 | valid1 RMSE : 0.0000
[2025-07-29 16:17:13,614][__main__][INFO] - Step 4200 | valid1 MSE : 0.0038 | valid1 MAE : 0.0491 | valid1 NMSE : 0.0064 | valid1 RMSE : 0.0000
[2025-07-29 16:17:13,614][__main__][INFO] - Training done in 12.052 min
[2025-07-29 16:17:13,614][__main__][INFO] - Average time per step: 0.172 s
[2025-07-29 16:17:13,649][__main__][INFO] - End of training
[2025-07-29 16:17:14,903][__main__][INFO] - Plotted losses
[2025-07-29 16:17:14,903][__main__][INFO] - Computing test metrics
[2025-07-29 16:17:17,619][__main__][INFO] - Evaluation done in 0.045 min
[2025-07-29 16:17:20,234][__main__][INFO] - Evaluation done in 0.031 min
[2025-07-29 16:17:24,091][__main__][INFO] - Saved plots
[2025-07-29 16:17:24,091][__main__][INFO] - End of script

[2025-07-29 16:17:32,336][__main__][INFO] - =====Running main script=====
[2025-07-29 16:17:32,343][__main__][INFO] - Fetched main configs, save directory : ../outputs/benchmark_min_all/seed_3/cmin_init/
[2025-07-29 16:17:32,343][__main__][INFO] - Model PatchTST, normalization cmIN, criterion MSE, kwargs {}
[2025-07-29 16:17:32,405][__main__][INFO] - Fetched dataloaders
[2025-07-29 16:17:32,409][__main__][INFO] - Training data shape : ((140, 1, 1000), (140, 1, 1000))
[2025-07-29 16:17:32,409][__main__][INFO] - Batch sizes : X=torch.Size([10, 1, 100]), c=torch.Size([10, 1, 120]), y=torch.Size([10, 1, 20])
[2025-07-29 16:17:35,684][__main__][INFO] - batch_size=10, learning_rate=0.0001, steps per epoch=14, epochs=300
[2025-07-29 16:17:35,684][__main__][INFO] - Starting training...
[2025-07-29 16:17:35,684][__main__][INFO] - Using device: cuda
[2025-07-29 16:17:35,684][__main__][INFO] - Training 300 epochs of 14 batches (4200 steps): , eval_freq: 100, print_freq: 100
[2025-07-29 16:17:51,935][__main__][INFO] - Step 1 | valid1 MSE : 0.4605 | valid1 MAE : 0.5968 | valid1 NMSE : 0.7814 | valid1 RMSE : 0.0005
[2025-07-29 16:18:08,803][__main__][INFO] - Step 100 | valid1 MSE : 0.0062 | valid1 MAE : 0.0628 | valid1 NMSE : 0.0105 | valid1 RMSE : 0.0000
[2025-07-29 16:18:25,524][__main__][INFO] - Step 200 | valid1 MSE : 0.0053 | valid1 MAE : 0.0579 | valid1 NMSE : 0.0089 | valid1 RMSE : 0.0000
[2025-07-29 16:18:42,472][__main__][INFO] - Step 300 | valid1 MSE : 0.0049 | valid1 MAE : 0.0560 | valid1 NMSE : 0.0083 | valid1 RMSE : 0.0000
[2025-07-29 16:18:59,201][__main__][INFO] - Step 400 | valid1 MSE : 0.0042 | valid1 MAE : 0.0520 | valid1 NMSE : 0.0072 | valid1 RMSE : 0.0000
[2025-07-29 16:19:15,919][__main__][INFO] - Step 500 | valid1 MSE : 0.0044 | valid1 MAE : 0.0530 | valid1 NMSE : 0.0074 | valid1 RMSE : 0.0000
[2025-07-29 16:19:32,722][__main__][INFO] - Step 600 | valid1 MSE : 0.0040 | valid1 MAE : 0.0507 | valid1 NMSE : 0.0068 | valid1 RMSE : 0.0000
[2025-07-29 16:19:49,440][__main__][INFO] - Step 700 | valid1 MSE : 0.0040 | valid1 MAE : 0.0508 | valid1 NMSE : 0.0068 | valid1 RMSE : 0.0000
[2025-07-29 16:20:06,228][__main__][INFO] - Step 800 | valid1 MSE : 0.0041 | valid1 MAE : 0.0507 | valid1 NMSE : 0.0069 | valid1 RMSE : 0.0000
[2025-07-29 16:20:22,917][__main__][INFO] - Step 900 | valid1 MSE : 0.0040 | valid1 MAE : 0.0501 | valid1 NMSE : 0.0067 | valid1 RMSE : 0.0000
[2025-07-29 16:20:39,814][__main__][INFO] - Step 1000 | valid1 MSE : 0.0042 | valid1 MAE : 0.0515 | valid1 NMSE : 0.0071 | valid1 RMSE : 0.0000
[2025-07-29 16:20:56,569][__main__][INFO] - Step 1100 | valid1 MSE : 0.0042 | valid1 MAE : 0.0515 | valid1 NMSE : 0.0071 | valid1 RMSE : 0.0000
[2025-07-29 16:21:13,309][__main__][INFO] - Step 1200 | valid1 MSE : 0.0041 | valid1 MAE : 0.0514 | valid1 NMSE : 0.0070 | valid1 RMSE : 0.0000
[2025-07-29 16:21:29,988][__main__][INFO] - Step 1300 | valid1 MSE : 0.0038 | valid1 MAE : 0.0493 | valid1 NMSE : 0.0065 | valid1 RMSE : 0.0000
[2025-07-29 16:21:46,705][__main__][INFO] - Step 1400 | valid1 MSE : 0.0041 | valid1 MAE : 0.0511 | valid1 NMSE : 0.0070 | valid1 RMSE : 0.0000
[2025-07-29 16:22:03,210][__main__][INFO] - Step 1500 | valid1 MSE : 0.0041 | valid1 MAE : 0.0507 | valid1 NMSE : 0.0069 | valid1 RMSE : 0.0000
[2025-07-29 16:22:19,687][__main__][INFO] - Step 1600 | valid1 MSE : 0.0041 | valid1 MAE : 0.0510 | valid1 NMSE : 0.0069 | valid1 RMSE : 0.0000
[2025-07-29 16:22:36,023][__main__][INFO] - Step 1700 | valid1 MSE : 0.0036 | valid1 MAE : 0.0481 | valid1 NMSE : 0.0061 | valid1 RMSE : 0.0000
[2025-07-29 16:22:52,365][__main__][INFO] - Step 1800 | valid1 MSE : 0.0044 | valid1 MAE : 0.0530 | valid1 NMSE : 0.0074 | valid1 RMSE : 0.0000
[2025-07-29 16:23:08,779][__main__][INFO] - Step 1900 | valid1 MSE : 0.0040 | valid1 MAE : 0.0506 | valid1 NMSE : 0.0068 | valid1 RMSE : 0.0000
[2025-07-29 16:23:25,085][__main__][INFO] - Step 2000 | valid1 MSE : 0.0040 | valid1 MAE : 0.0504 | valid1 NMSE : 0.0068 | valid1 RMSE : 0.0000
[2025-07-29 16:23:41,549][__main__][INFO] - Step 2100 | valid1 MSE : 0.0039 | valid1 MAE : 0.0497 | valid1 NMSE : 0.0066 | valid1 RMSE : 0.0000
[2025-07-29 16:23:57,795][__main__][INFO] - Step 2200 | valid1 MSE : 0.0036 | valid1 MAE : 0.0478 | valid1 NMSE : 0.0061 | valid1 RMSE : 0.0000
[2025-07-29 16:24:14,186][__main__][INFO] - Step 2300 | valid1 MSE : 0.0040 | valid1 MAE : 0.0508 | valid1 NMSE : 0.0068 | valid1 RMSE : 0.0000
[2025-07-29 16:24:30,576][__main__][INFO] - Step 2400 | valid1 MSE : 0.0035 | valid1 MAE : 0.0474 | valid1 NMSE : 0.0060 | valid1 RMSE : 0.0000
[2025-07-29 16:24:46,833][__main__][INFO] - Step 2500 | valid1 MSE : 0.0038 | valid1 MAE : 0.0488 | valid1 NMSE : 0.0064 | valid1 RMSE : 0.0000
[2025-07-29 16:25:03,237][__main__][INFO] - Step 2600 | valid1 MSE : 0.0036 | valid1 MAE : 0.0474 | valid1 NMSE : 0.0060 | valid1 RMSE : 0.0000
[2025-07-29 16:25:19,617][__main__][INFO] - Step 2700 | valid1 MSE : 0.0039 | valid1 MAE : 0.0496 | valid1 NMSE : 0.0066 | valid1 RMSE : 0.0000
[2025-07-29 16:25:36,160][__main__][INFO] - Step 2800 | valid1 MSE : 0.0033 | valid1 MAE : 0.0461 | valid1 NMSE : 0.0057 | valid1 RMSE : 0.0000
[2025-07-29 16:25:52,479][__main__][INFO] - Step 2900 | valid1 MSE : 0.0038 | valid1 MAE : 0.0493 | valid1 NMSE : 0.0065 | valid1 RMSE : 0.0000
[2025-07-29 16:26:08,750][__main__][INFO] - Step 3000 | valid1 MSE : 0.0035 | valid1 MAE : 0.0473 | valid1 NMSE : 0.0059 | valid1 RMSE : 0.0000
[2025-07-29 16:26:25,060][__main__][INFO] - Step 3100 | valid1 MSE : 0.0038 | valid1 MAE : 0.0493 | valid1 NMSE : 0.0065 | valid1 RMSE : 0.0000
[2025-07-29 16:26:41,332][__main__][INFO] - Step 3200 | valid1 MSE : 0.0040 | valid1 MAE : 0.0507 | valid1 NMSE : 0.0068 | valid1 RMSE : 0.0000
[2025-07-29 16:26:57,618][__main__][INFO] - Step 3300 | valid1 MSE : 0.0036 | valid1 MAE : 0.0481 | valid1 NMSE : 0.0062 | valid1 RMSE : 0.0000
[2025-07-29 16:27:13,976][__main__][INFO] - Step 3400 | valid1 MSE : 0.0036 | valid1 MAE : 0.0479 | valid1 NMSE : 0.0061 | valid1 RMSE : 0.0000
[2025-07-29 16:27:30,363][__main__][INFO] - Step 3500 | valid1 MSE : 0.0040 | valid1 MAE : 0.0504 | valid1 NMSE : 0.0068 | valid1 RMSE : 0.0000
[2025-07-29 16:27:46,642][__main__][INFO] - Step 3600 | valid1 MSE : 0.0038 | valid1 MAE : 0.0491 | valid1 NMSE : 0.0064 | valid1 RMSE : 0.0000
[2025-07-29 16:28:03,014][__main__][INFO] - Step 3700 | valid1 MSE : 0.0033 | valid1 MAE : 0.0456 | valid1 NMSE : 0.0055 | valid1 RMSE : 0.0000
[2025-07-29 16:28:19,429][__main__][INFO] - Step 3800 | valid1 MSE : 0.0034 | valid1 MAE : 0.0467 | valid1 NMSE : 0.0058 | valid1 RMSE : 0.0000
[2025-07-29 16:28:35,766][__main__][INFO] - Step 3900 | valid1 MSE : 0.0031 | valid1 MAE : 0.0447 | valid1 NMSE : 0.0053 | valid1 RMSE : 0.0000
[2025-07-29 16:28:52,067][__main__][INFO] - Step 4000 | valid1 MSE : 0.0035 | valid1 MAE : 0.0470 | valid1 NMSE : 0.0059 | valid1 RMSE : 0.0000
[2025-07-29 16:29:08,328][__main__][INFO] - Step 4100 | valid1 MSE : 0.0039 | valid1 MAE : 0.0495 | valid1 NMSE : 0.0065 | valid1 RMSE : 0.0000
[2025-07-29 16:29:24,704][__main__][INFO] - Step 4200 | valid1 MSE : 0.0033 | valid1 MAE : 0.0458 | valid1 NMSE : 0.0056 | valid1 RMSE : 0.0000
[2025-07-29 16:29:24,704][__main__][INFO] - Training done in 11.817 min
[2025-07-29 16:29:24,705][__main__][INFO] - Average time per step: 0.169 s
[2025-07-29 16:29:24,737][__main__][INFO] - End of training
[2025-07-29 16:29:25,933][__main__][INFO] - Plotted losses
[2025-07-29 16:29:25,933][__main__][INFO] - Computing test metrics
[2025-07-29 16:29:28,795][__main__][INFO] - Evaluation done in 0.048 min
[2025-07-29 16:29:31,134][__main__][INFO] - Evaluation done in 0.026 min
[2025-07-29 16:29:34,867][__main__][INFO] - Saved plots
[2025-07-29 16:29:34,867][__main__][INFO] - End of script

[2025-07-29 16:29:42,732][__main__][INFO] - =====Running main script=====
[2025-07-29 16:29:42,738][__main__][INFO] - Fetched main configs, save directory : ../outputs/benchmark_min_all/seed_3/cmin_init_gamma/
[2025-07-29 16:29:42,738][__main__][INFO] - Model PatchTST, normalization cmIN, criterion MSE, kwargs {}
[2025-07-29 16:29:42,804][__main__][INFO] - Fetched dataloaders
[2025-07-29 16:29:42,809][__main__][INFO] - Training data shape : ((140, 1, 1000), (140, 1, 1000))
[2025-07-29 16:29:42,809][__main__][INFO] - Batch sizes : X=torch.Size([10, 1, 100]), c=torch.Size([10, 1, 120]), y=torch.Size([10, 1, 20])
[2025-07-29 16:29:45,848][__main__][INFO] - batch_size=10, learning_rate=0.0001, steps per epoch=14, epochs=300
[2025-07-29 16:29:45,849][__main__][INFO] - Starting training...
[2025-07-29 16:29:45,849][__main__][INFO] - Using device: cuda
[2025-07-29 16:29:45,849][__main__][INFO] - Training 300 epochs of 14 batches (4200 steps): , eval_freq: 100, print_freq: 100
[2025-07-29 16:30:01,864][__main__][INFO] - Step 1 | valid1 MSE : 0.4605 | valid1 MAE : 0.5968 | valid1 NMSE : 0.7814 | valid1 RMSE : 0.0005
[2025-07-29 16:30:18,485][__main__][INFO] - Step 100 | valid1 MSE : 0.0062 | valid1 MAE : 0.0625 | valid1 NMSE : 0.0104 | valid1 RMSE : 0.0000
[2025-07-29 16:30:35,086][__main__][INFO] - Step 200 | valid1 MSE : 0.0052 | valid1 MAE : 0.0574 | valid1 NMSE : 0.0087 | valid1 RMSE : 0.0000
[2025-07-29 16:30:51,563][__main__][INFO] - Step 300 | valid1 MSE : 0.0048 | valid1 MAE : 0.0555 | valid1 NMSE : 0.0082 | valid1 RMSE : 0.0000
[2025-07-29 16:31:08,084][__main__][INFO] - Step 400 | valid1 MSE : 0.0041 | valid1 MAE : 0.0513 | valid1 NMSE : 0.0070 | valid1 RMSE : 0.0000
[2025-07-29 16:31:24,595][__main__][INFO] - Step 500 | valid1 MSE : 0.0043 | valid1 MAE : 0.0526 | valid1 NMSE : 0.0073 | valid1 RMSE : 0.0000
[2025-07-29 16:31:41,206][__main__][INFO] - Step 600 | valid1 MSE : 0.0040 | valid1 MAE : 0.0502 | valid1 NMSE : 0.0067 | valid1 RMSE : 0.0000
[2025-07-29 16:31:57,776][__main__][INFO] - Step 700 | valid1 MSE : 0.0040 | valid1 MAE : 0.0505 | valid1 NMSE : 0.0068 | valid1 RMSE : 0.0000
[2025-07-29 16:32:14,367][__main__][INFO] - Step 800 | valid1 MSE : 0.0040 | valid1 MAE : 0.0502 | valid1 NMSE : 0.0067 | valid1 RMSE : 0.0000
[2025-07-29 16:32:30,839][__main__][INFO] - Step 900 | valid1 MSE : 0.0039 | valid1 MAE : 0.0496 | valid1 NMSE : 0.0066 | valid1 RMSE : 0.0000
[2025-07-29 16:32:47,363][__main__][INFO] - Step 1000 | valid1 MSE : 0.0040 | valid1 MAE : 0.0506 | valid1 NMSE : 0.0069 | valid1 RMSE : 0.0000
[2025-07-29 16:33:03,891][__main__][INFO] - Step 1100 | valid1 MSE : 0.0041 | valid1 MAE : 0.0508 | valid1 NMSE : 0.0069 | valid1 RMSE : 0.0000
[2025-07-29 16:33:20,560][__main__][INFO] - Step 1200 | valid1 MSE : 0.0040 | valid1 MAE : 0.0503 | valid1 NMSE : 0.0067 | valid1 RMSE : 0.0000
[2025-07-29 16:33:36,873][__main__][INFO] - Step 1300 | valid1 MSE : 0.0037 | valid1 MAE : 0.0487 | valid1 NMSE : 0.0063 | valid1 RMSE : 0.0000
[2025-07-29 16:33:53,328][__main__][INFO] - Step 1400 | valid1 MSE : 0.0040 | valid1 MAE : 0.0503 | valid1 NMSE : 0.0068 | valid1 RMSE : 0.0000
[2025-07-29 16:34:09,865][__main__][INFO] - Step 1500 | valid1 MSE : 0.0039 | valid1 MAE : 0.0499 | valid1 NMSE : 0.0067 | valid1 RMSE : 0.0000
[2025-07-29 16:34:26,358][__main__][INFO] - Step 1600 | valid1 MSE : 0.0039 | valid1 MAE : 0.0499 | valid1 NMSE : 0.0066 | valid1 RMSE : 0.0000
[2025-07-29 16:34:42,859][__main__][INFO] - Step 1700 | valid1 MSE : 0.0035 | valid1 MAE : 0.0471 | valid1 NMSE : 0.0059 | valid1 RMSE : 0.0000
[2025-07-29 16:34:59,345][__main__][INFO] - Step 1800 | valid1 MSE : 0.0041 | valid1 MAE : 0.0515 | valid1 NMSE : 0.0070 | valid1 RMSE : 0.0000
[2025-07-29 16:35:16,020][__main__][INFO] - Step 1900 | valid1 MSE : 0.0038 | valid1 MAE : 0.0494 | valid1 NMSE : 0.0065 | valid1 RMSE : 0.0000
[2025-07-29 16:35:32,541][__main__][INFO] - Step 2000 | valid1 MSE : 0.0039 | valid1 MAE : 0.0497 | valid1 NMSE : 0.0066 | valid1 RMSE : 0.0000
[2025-07-29 16:35:49,114][__main__][INFO] - Step 2100 | valid1 MSE : 0.0037 | valid1 MAE : 0.0486 | valid1 NMSE : 0.0063 | valid1 RMSE : 0.0000
[2025-07-29 16:36:05,596][__main__][INFO] - Step 2200 | valid1 MSE : 0.0035 | valid1 MAE : 0.0468 | valid1 NMSE : 0.0058 | valid1 RMSE : 0.0000
[2025-07-29 16:36:22,196][__main__][INFO] - Step 2300 | valid1 MSE : 0.0038 | valid1 MAE : 0.0495 | valid1 NMSE : 0.0065 | valid1 RMSE : 0.0000
[2025-07-29 16:36:38,687][__main__][INFO] - Step 2400 | valid1 MSE : 0.0034 | valid1 MAE : 0.0465 | valid1 NMSE : 0.0058 | valid1 RMSE : 0.0000
[2025-07-29 16:36:55,219][__main__][INFO] - Step 2500 | valid1 MSE : 0.0036 | valid1 MAE : 0.0478 | valid1 NMSE : 0.0061 | valid1 RMSE : 0.0000
[2025-07-29 16:37:11,836][__main__][INFO] - Step 2600 | valid1 MSE : 0.0034 | valid1 MAE : 0.0466 | valid1 NMSE : 0.0058 | valid1 RMSE : 0.0000
[2025-07-29 16:37:28,300][__main__][INFO] - Step 2700 | valid1 MSE : 0.0038 | valid1 MAE : 0.0489 | valid1 NMSE : 0.0064 | valid1 RMSE : 0.0000
[2025-07-29 16:37:44,778][__main__][INFO] - Step 2800 | valid1 MSE : 0.0032 | valid1 MAE : 0.0454 | valid1 NMSE : 0.0055 | valid1 RMSE : 0.0000
[2025-07-29 16:38:01,463][__main__][INFO] - Step 2900 | valid1 MSE : 0.0036 | valid1 MAE : 0.0480 | valid1 NMSE : 0.0061 | valid1 RMSE : 0.0000
[2025-07-29 16:38:17,960][__main__][INFO] - Step 3000 | valid1 MSE : 0.0035 | valid1 MAE : 0.0469 | valid1 NMSE : 0.0058 | valid1 RMSE : 0.0000
[2025-07-29 16:38:34,441][__main__][INFO] - Step 3100 | valid1 MSE : 0.0037 | valid1 MAE : 0.0482 | valid1 NMSE : 0.0062 | valid1 RMSE : 0.0000
[2025-07-29 16:38:50,804][__main__][INFO] - Step 3200 | valid1 MSE : 0.0039 | valid1 MAE : 0.0496 | valid1 NMSE : 0.0065 | valid1 RMSE : 0.0000
[2025-07-29 16:39:07,334][__main__][INFO] - Step 3300 | valid1 MSE : 0.0035 | valid1 MAE : 0.0471 | valid1 NMSE : 0.0059 | valid1 RMSE : 0.0000
[2025-07-29 16:39:23,769][__main__][INFO] - Step 3400 | valid1 MSE : 0.0035 | valid1 MAE : 0.0469 | valid1 NMSE : 0.0058 | valid1 RMSE : 0.0000
[2025-07-29 16:39:40,438][__main__][INFO] - Step 3500 | valid1 MSE : 0.0038 | valid1 MAE : 0.0488 | valid1 NMSE : 0.0064 | valid1 RMSE : 0.0000
[2025-07-29 16:39:56,846][__main__][INFO] - Step 3600 | valid1 MSE : 0.0036 | valid1 MAE : 0.0477 | valid1 NMSE : 0.0060 | valid1 RMSE : 0.0000
[2025-07-29 16:40:13,442][__main__][INFO] - Step 3700 | valid1 MSE : 0.0033 | valid1 MAE : 0.0457 | valid1 NMSE : 0.0056 | valid1 RMSE : 0.0000
[2025-07-29 16:40:29,806][__main__][INFO] - Step 3800 | valid1 MSE : 0.0033 | valid1 MAE : 0.0461 | valid1 NMSE : 0.0057 | valid1 RMSE : 0.0000
[2025-07-29 16:40:46,469][__main__][INFO] - Step 3900 | valid1 MSE : 0.0031 | valid1 MAE : 0.0442 | valid1 NMSE : 0.0052 | valid1 RMSE : 0.0000
[2025-07-29 16:41:03,057][__main__][INFO] - Step 4000 | valid1 MSE : 0.0033 | valid1 MAE : 0.0461 | valid1 NMSE : 0.0056 | valid1 RMSE : 0.0000
[2025-07-29 16:41:19,586][__main__][INFO] - Step 4100 | valid1 MSE : 0.0038 | valid1 MAE : 0.0494 | valid1 NMSE : 0.0065 | valid1 RMSE : 0.0000
[2025-07-29 16:41:36,135][__main__][INFO] - Step 4200 | valid1 MSE : 0.0032 | valid1 MAE : 0.0451 | valid1 NMSE : 0.0054 | valid1 RMSE : 0.0000
[2025-07-29 16:41:36,136][__main__][INFO] - Training done in 11.838 min
[2025-07-29 16:41:36,136][__main__][INFO] - Average time per step: 0.169 s
[2025-07-29 16:41:36,169][__main__][INFO] - End of training
[2025-07-29 16:41:37,378][__main__][INFO] - Plotted losses
[2025-07-29 16:41:37,378][__main__][INFO] - Computing test metrics
[2025-07-29 16:41:40,023][__main__][INFO] - Evaluation done in 0.044 min
[2025-07-29 16:41:42,444][__main__][INFO] - Evaluation done in 0.027 min
[2025-07-29 16:41:46,325][__main__][INFO] - Saved plots
[2025-07-29 16:41:46,325][__main__][INFO] - End of script

[2025-07-29 16:42:04,250][__main__][INFO] - =====Running main script=====
[2025-07-29 16:42:04,258][__main__][INFO] - Fetched main configs, save directory : ../outputs/benchmark_min_all/seed_4/PatchTST_instance/
[2025-07-29 16:42:04,258][__main__][INFO] - Model PatchTST, normalization instance, criterion MSE, kwargs {}
[2025-07-29 16:42:04,319][__main__][INFO] - Fetched dataloaders
[2025-07-29 16:42:04,323][__main__][INFO] - Training data shape : ((140, 1, 1000), (140, 1, 1000))
[2025-07-29 16:42:04,323][__main__][INFO] - Batch sizes : X=torch.Size([10, 1, 100]), c=torch.Size([10, 1, 120]), y=torch.Size([10, 1, 20])
[2025-07-29 16:42:07,442][__main__][INFO] - batch_size=10, learning_rate=0.0001, steps per epoch=14, epochs=300
[2025-07-29 16:42:07,442][__main__][INFO] - Starting training...
[2025-07-29 16:42:07,442][__main__][INFO] - Using device: cuda
[2025-07-29 16:42:07,442][__main__][INFO] - Training 300 epochs of 14 batches (4200 steps): , eval_freq: 100, print_freq: 100
[2025-07-29 16:42:18,097][__main__][INFO] - Step 1 | valid1 MSE : 0.8411 | valid1 MAE : 0.7535 | valid1 NMSE : 1.4225 | valid1 RMSE : 0.0009
[2025-07-29 16:42:29,154][__main__][INFO] - Step 100 | valid1 MSE : 0.0067 | valid1 MAE : 0.0645 | valid1 NMSE : 0.0113 | valid1 RMSE : 0.0000
[2025-07-29 16:42:40,075][__main__][INFO] - Step 200 | valid1 MSE : 0.0056 | valid1 MAE : 0.0597 | valid1 NMSE : 0.0095 | valid1 RMSE : 0.0000
[2025-07-29 16:42:50,983][__main__][INFO] - Step 300 | valid1 MSE : 0.0049 | valid1 MAE : 0.0555 | valid1 NMSE : 0.0082 | valid1 RMSE : 0.0000
[2025-07-29 16:43:01,919][__main__][INFO] - Step 400 | valid1 MSE : 0.0058 | valid1 MAE : 0.0606 | valid1 NMSE : 0.0098 | valid1 RMSE : 0.0000
[2025-07-29 16:43:12,961][__main__][INFO] - Step 500 | valid1 MSE : 0.0045 | valid1 MAE : 0.0539 | valid1 NMSE : 0.0077 | valid1 RMSE : 0.0000
[2025-07-29 16:43:23,833][__main__][INFO] - Step 600 | valid1 MSE : 0.0048 | valid1 MAE : 0.0556 | valid1 NMSE : 0.0082 | valid1 RMSE : 0.0000
[2025-07-29 16:43:34,768][__main__][INFO] - Step 700 | valid1 MSE : 0.0046 | valid1 MAE : 0.0539 | valid1 NMSE : 0.0077 | valid1 RMSE : 0.0000
[2025-07-29 16:43:45,748][__main__][INFO] - Step 800 | valid1 MSE : 0.0052 | valid1 MAE : 0.0578 | valid1 NMSE : 0.0089 | valid1 RMSE : 0.0000
[2025-07-29 16:43:56,916][__main__][INFO] - Step 900 | valid1 MSE : 0.0044 | valid1 MAE : 0.0527 | valid1 NMSE : 0.0074 | valid1 RMSE : 0.0000
[2025-07-29 16:44:07,718][__main__][INFO] - Step 1000 | valid1 MSE : 0.0049 | valid1 MAE : 0.0558 | valid1 NMSE : 0.0083 | valid1 RMSE : 0.0000
[2025-07-29 16:44:18,755][__main__][INFO] - Step 1100 | valid1 MSE : 0.0046 | valid1 MAE : 0.0541 | valid1 NMSE : 0.0078 | valid1 RMSE : 0.0000
[2025-07-29 16:44:29,776][__main__][INFO] - Step 1200 | valid1 MSE : 0.0047 | valid1 MAE : 0.0546 | valid1 NMSE : 0.0079 | valid1 RMSE : 0.0000
[2025-07-29 16:44:40,657][__main__][INFO] - Step 1300 | valid1 MSE : 0.0049 | valid1 MAE : 0.0555 | valid1 NMSE : 0.0083 | valid1 RMSE : 0.0000
[2025-07-29 16:44:51,587][__main__][INFO] - Step 1400 | valid1 MSE : 0.0046 | valid1 MAE : 0.0543 | valid1 NMSE : 0.0079 | valid1 RMSE : 0.0000
[2025-07-29 16:45:02,425][__main__][INFO] - Step 1500 | valid1 MSE : 0.0050 | valid1 MAE : 0.0562 | valid1 NMSE : 0.0084 | valid1 RMSE : 0.0000
[2025-07-29 16:45:13,443][__main__][INFO] - Step 1600 | valid1 MSE : 0.0042 | valid1 MAE : 0.0517 | valid1 NMSE : 0.0071 | valid1 RMSE : 0.0000
[2025-07-29 16:45:24,510][__main__][INFO] - Step 1700 | valid1 MSE : 0.0056 | valid1 MAE : 0.0601 | valid1 NMSE : 0.0095 | valid1 RMSE : 0.0000
[2025-07-29 16:45:35,468][__main__][INFO] - Step 1800 | valid1 MSE : 0.0052 | valid1 MAE : 0.0578 | valid1 NMSE : 0.0088 | valid1 RMSE : 0.0000
[2025-07-29 16:45:46,281][__main__][INFO] - Step 1900 | valid1 MSE : 0.0044 | valid1 MAE : 0.0531 | valid1 NMSE : 0.0075 | valid1 RMSE : 0.0000
[2025-07-29 16:45:57,282][__main__][INFO] - Step 2000 | valid1 MSE : 0.0050 | valid1 MAE : 0.0562 | valid1 NMSE : 0.0085 | valid1 RMSE : 0.0000
[2025-07-29 16:46:08,342][__main__][INFO] - Step 2100 | valid1 MSE : 0.0056 | valid1 MAE : 0.0598 | valid1 NMSE : 0.0094 | valid1 RMSE : 0.0000
[2025-07-29 16:46:19,284][__main__][INFO] - Step 2200 | valid1 MSE : 0.0044 | valid1 MAE : 0.0526 | valid1 NMSE : 0.0074 | valid1 RMSE : 0.0000
[2025-07-29 16:46:30,321][__main__][INFO] - Step 2300 | valid1 MSE : 0.0041 | valid1 MAE : 0.0513 | valid1 NMSE : 0.0070 | valid1 RMSE : 0.0000
[2025-07-29 16:46:41,067][__main__][INFO] - Step 2400 | valid1 MSE : 0.0052 | valid1 MAE : 0.0573 | valid1 NMSE : 0.0088 | valid1 RMSE : 0.0000
[2025-07-29 16:46:52,122][__main__][INFO] - Step 2500 | valid1 MSE : 0.0053 | valid1 MAE : 0.0580 | valid1 NMSE : 0.0090 | valid1 RMSE : 0.0000
[2025-07-29 16:47:03,094][__main__][INFO] - Step 2600 | valid1 MSE : 0.0045 | valid1 MAE : 0.0535 | valid1 NMSE : 0.0076 | valid1 RMSE : 0.0000
[2025-07-29 16:47:13,992][__main__][INFO] - Step 2700 | valid1 MSE : 0.0041 | valid1 MAE : 0.0514 | valid1 NMSE : 0.0070 | valid1 RMSE : 0.0000
[2025-07-29 16:47:24,739][__main__][INFO] - Step 2800 | valid1 MSE : 0.0041 | valid1 MAE : 0.0508 | valid1 NMSE : 0.0069 | valid1 RMSE : 0.0000
[2025-07-29 16:47:35,861][__main__][INFO] - Step 2900 | valid1 MSE : 0.0046 | valid1 MAE : 0.0541 | valid1 NMSE : 0.0078 | valid1 RMSE : 0.0000
[2025-07-29 16:47:46,871][__main__][INFO] - Step 3000 | valid1 MSE : 0.0043 | valid1 MAE : 0.0522 | valid1 NMSE : 0.0072 | valid1 RMSE : 0.0000
[2025-07-29 16:47:57,774][__main__][INFO] - Step 3100 | valid1 MSE : 0.0041 | valid1 MAE : 0.0509 | valid1 NMSE : 0.0069 | valid1 RMSE : 0.0000
[2025-07-29 16:48:08,585][__main__][INFO] - Step 3200 | valid1 MSE : 0.0049 | valid1 MAE : 0.0557 | valid1 NMSE : 0.0083 | valid1 RMSE : 0.0000
[2025-07-29 16:48:19,641][__main__][INFO] - Step 3300 | valid1 MSE : 0.0048 | valid1 MAE : 0.0554 | valid1 NMSE : 0.0082 | valid1 RMSE : 0.0000
[2025-07-29 16:48:30,526][__main__][INFO] - Step 3400 | valid1 MSE : 0.0044 | valid1 MAE : 0.0531 | valid1 NMSE : 0.0075 | valid1 RMSE : 0.0000
[2025-07-29 16:48:41,536][__main__][INFO] - Step 3500 | valid1 MSE : 0.0041 | valid1 MAE : 0.0510 | valid1 NMSE : 0.0069 | valid1 RMSE : 0.0000
[2025-07-29 16:48:52,287][__main__][INFO] - Step 3600 | valid1 MSE : 0.0045 | valid1 MAE : 0.0532 | valid1 NMSE : 0.0077 | valid1 RMSE : 0.0000
[2025-07-29 16:49:03,335][__main__][INFO] - Step 3700 | valid1 MSE : 0.0049 | valid1 MAE : 0.0561 | valid1 NMSE : 0.0084 | valid1 RMSE : 0.0000
[2025-07-29 16:49:14,222][__main__][INFO] - Step 3800 | valid1 MSE : 0.0040 | valid1 MAE : 0.0503 | valid1 NMSE : 0.0067 | valid1 RMSE : 0.0000
[2025-07-29 16:49:25,090][__main__][INFO] - Step 3900 | valid1 MSE : 0.0052 | valid1 MAE : 0.0575 | valid1 NMSE : 0.0087 | valid1 RMSE : 0.0000
[2025-07-29 16:49:35,861][__main__][INFO] - Step 4000 | valid1 MSE : 0.0039 | valid1 MAE : 0.0499 | valid1 NMSE : 0.0066 | valid1 RMSE : 0.0000
[2025-07-29 16:49:46,972][__main__][INFO] - Step 4100 | valid1 MSE : 0.0048 | valid1 MAE : 0.0553 | valid1 NMSE : 0.0081 | valid1 RMSE : 0.0000
[2025-07-29 16:49:57,891][__main__][INFO] - Step 4200 | valid1 MSE : 0.0042 | valid1 MAE : 0.0517 | valid1 NMSE : 0.0071 | valid1 RMSE : 0.0000
[2025-07-29 16:49:57,892][__main__][INFO] - Training done in 7.841 min
[2025-07-29 16:49:57,892][__main__][INFO] - Average time per step: 0.112 s
[2025-07-29 16:49:57,922][__main__][INFO] - End of training
[2025-07-29 16:49:59,141][__main__][INFO] - Plotted losses
[2025-07-29 16:49:59,141][__main__][INFO] - Computing test metrics
[2025-07-29 16:50:00,408][__main__][INFO] - Evaluation done in 0.021 min
[2025-07-29 16:50:02,193][__main__][INFO] - Evaluation done in 0.017 min
[2025-07-29 16:50:05,901][__main__][INFO] - Saved plots
[2025-07-29 16:50:05,902][__main__][INFO] - End of script

[2025-07-29 16:50:13,987][__main__][INFO] - =====Running main script=====
[2025-07-29 16:50:13,994][__main__][INFO] - Fetched main configs, save directory : ../outputs/benchmark_min_all/seed_4/PatchTST_revin/
[2025-07-29 16:50:13,994][__main__][INFO] - Model PatchTST, normalization revin, criterion MSE, kwargs {}
[2025-07-29 16:50:14,062][__main__][INFO] - Fetched dataloaders
[2025-07-29 16:50:14,067][__main__][INFO] - Training data shape : ((140, 1, 1000), (140, 1, 1000))
[2025-07-29 16:50:14,067][__main__][INFO] - Batch sizes : X=torch.Size([10, 1, 100]), c=torch.Size([10, 1, 120]), y=torch.Size([10, 1, 20])
[2025-07-29 16:50:17,204][__main__][INFO] - batch_size=10, learning_rate=0.0001, steps per epoch=14, epochs=300
[2025-07-29 16:50:17,205][__main__][INFO] - Starting training...
[2025-07-29 16:50:17,205][__main__][INFO] - Using device: cuda
[2025-07-29 16:50:17,205][__main__][INFO] - Training 300 epochs of 14 batches (4200 steps): , eval_freq: 100, print_freq: 100
[2025-07-29 16:50:28,064][__main__][INFO] - Step 1 | valid1 MSE : 0.8411 | valid1 MAE : 0.7535 | valid1 NMSE : 1.4225 | valid1 RMSE : 0.0009
[2025-07-29 16:50:39,263][__main__][INFO] - Step 100 | valid1 MSE : 0.0066 | valid1 MAE : 0.0643 | valid1 NMSE : 0.0112 | valid1 RMSE : 0.0000
[2025-07-29 16:50:50,408][__main__][INFO] - Step 200 | valid1 MSE : 0.0055 | valid1 MAE : 0.0591 | valid1 NMSE : 0.0093 | valid1 RMSE : 0.0000
[2025-07-29 16:51:01,536][__main__][INFO] - Step 300 | valid1 MSE : 0.0047 | valid1 MAE : 0.0547 | valid1 NMSE : 0.0080 | valid1 RMSE : 0.0000
[2025-07-29 16:51:12,602][__main__][INFO] - Step 400 | valid1 MSE : 0.0056 | valid1 MAE : 0.0596 | valid1 NMSE : 0.0095 | valid1 RMSE : 0.0000
[2025-07-29 16:51:23,830][__main__][INFO] - Step 500 | valid1 MSE : 0.0044 | valid1 MAE : 0.0531 | valid1 NMSE : 0.0075 | valid1 RMSE : 0.0000
[2025-07-29 16:51:34,895][__main__][INFO] - Step 600 | valid1 MSE : 0.0047 | valid1 MAE : 0.0546 | valid1 NMSE : 0.0079 | valid1 RMSE : 0.0000
[2025-07-29 16:51:46,079][__main__][INFO] - Step 700 | valid1 MSE : 0.0044 | valid1 MAE : 0.0528 | valid1 NMSE : 0.0074 | valid1 RMSE : 0.0000
[2025-07-29 16:51:57,209][__main__][INFO] - Step 800 | valid1 MSE : 0.0050 | valid1 MAE : 0.0564 | valid1 NMSE : 0.0084 | valid1 RMSE : 0.0000
[2025-07-29 16:52:08,379][__main__][INFO] - Step 900 | valid1 MSE : 0.0043 | valid1 MAE : 0.0522 | valid1 NMSE : 0.0072 | valid1 RMSE : 0.0000
[2025-07-29 16:52:19,387][__main__][INFO] - Step 1000 | valid1 MSE : 0.0047 | valid1 MAE : 0.0547 | valid1 NMSE : 0.0079 | valid1 RMSE : 0.0000
[2025-07-29 16:52:30,415][__main__][INFO] - Step 1100 | valid1 MSE : 0.0045 | valid1 MAE : 0.0534 | valid1 NMSE : 0.0076 | valid1 RMSE : 0.0000
[2025-07-29 16:52:41,563][__main__][INFO] - Step 1200 | valid1 MSE : 0.0046 | valid1 MAE : 0.0540 | valid1 NMSE : 0.0077 | valid1 RMSE : 0.0000
[2025-07-29 16:52:52,590][__main__][INFO] - Step 1300 | valid1 MSE : 0.0047 | valid1 MAE : 0.0541 | valid1 NMSE : 0.0079 | valid1 RMSE : 0.0000
[2025-07-29 16:53:03,637][__main__][INFO] - Step 1400 | valid1 MSE : 0.0045 | valid1 MAE : 0.0534 | valid1 NMSE : 0.0076 | valid1 RMSE : 0.0000
[2025-07-29 16:53:14,700][__main__][INFO] - Step 1500 | valid1 MSE : 0.0047 | valid1 MAE : 0.0548 | valid1 NMSE : 0.0080 | valid1 RMSE : 0.0000
[2025-07-29 16:53:25,921][__main__][INFO] - Step 1600 | valid1 MSE : 0.0040 | valid1 MAE : 0.0507 | valid1 NMSE : 0.0068 | valid1 RMSE : 0.0000
[2025-07-29 16:53:37,124][__main__][INFO] - Step 1700 | valid1 MSE : 0.0053 | valid1 MAE : 0.0583 | valid1 NMSE : 0.0090 | valid1 RMSE : 0.0000
[2025-07-29 16:53:48,238][__main__][INFO] - Step 1800 | valid1 MSE : 0.0051 | valid1 MAE : 0.0572 | valid1 NMSE : 0.0087 | valid1 RMSE : 0.0000
[2025-07-29 16:53:59,292][__main__][INFO] - Step 1900 | valid1 MSE : 0.0043 | valid1 MAE : 0.0525 | valid1 NMSE : 0.0073 | valid1 RMSE : 0.0000
[2025-07-29 16:54:10,351][__main__][INFO] - Step 2000 | valid1 MSE : 0.0046 | valid1 MAE : 0.0541 | valid1 NMSE : 0.0078 | valid1 RMSE : 0.0000
[2025-07-29 16:54:21,498][__main__][INFO] - Step 2100 | valid1 MSE : 0.0051 | valid1 MAE : 0.0572 | valid1 NMSE : 0.0086 | valid1 RMSE : 0.0000
[2025-07-29 16:54:32,614][__main__][INFO] - Step 2200 | valid1 MSE : 0.0041 | valid1 MAE : 0.0509 | valid1 NMSE : 0.0069 | valid1 RMSE : 0.0000
[2025-07-29 16:54:43,753][__main__][INFO] - Step 2300 | valid1 MSE : 0.0038 | valid1 MAE : 0.0493 | valid1 NMSE : 0.0065 | valid1 RMSE : 0.0000
[2025-07-29 16:54:54,684][__main__][INFO] - Step 2400 | valid1 MSE : 0.0048 | valid1 MAE : 0.0551 | valid1 NMSE : 0.0081 | valid1 RMSE : 0.0000
[2025-07-29 16:55:05,895][__main__][INFO] - Step 2500 | valid1 MSE : 0.0049 | valid1 MAE : 0.0560 | valid1 NMSE : 0.0084 | valid1 RMSE : 0.0000
[2025-07-29 16:55:16,930][__main__][INFO] - Step 2600 | valid1 MSE : 0.0042 | valid1 MAE : 0.0516 | valid1 NMSE : 0.0071 | valid1 RMSE : 0.0000
[2025-07-29 16:55:27,980][__main__][INFO] - Step 2700 | valid1 MSE : 0.0039 | valid1 MAE : 0.0501 | valid1 NMSE : 0.0067 | valid1 RMSE : 0.0000
[2025-07-29 16:55:38,886][__main__][INFO] - Step 2800 | valid1 MSE : 0.0038 | valid1 MAE : 0.0493 | valid1 NMSE : 0.0065 | valid1 RMSE : 0.0000
[2025-07-29 16:55:50,060][__main__][INFO] - Step 2900 | valid1 MSE : 0.0042 | valid1 MAE : 0.0517 | valid1 NMSE : 0.0071 | valid1 RMSE : 0.0000
[2025-07-29 16:56:01,167][__main__][INFO] - Step 3000 | valid1 MSE : 0.0041 | valid1 MAE : 0.0511 | valid1 NMSE : 0.0069 | valid1 RMSE : 0.0000
[2025-07-29 16:56:12,157][__main__][INFO] - Step 3100 | valid1 MSE : 0.0040 | valid1 MAE : 0.0505 | valid1 NMSE : 0.0068 | valid1 RMSE : 0.0000
[2025-07-29 16:56:23,143][__main__][INFO] - Step 3200 | valid1 MSE : 0.0044 | valid1 MAE : 0.0532 | valid1 NMSE : 0.0076 | valid1 RMSE : 0.0000
[2025-07-29 16:56:34,409][__main__][INFO] - Step 3300 | valid1 MSE : 0.0046 | valid1 MAE : 0.0542 | valid1 NMSE : 0.0078 | valid1 RMSE : 0.0000
[2025-07-29 16:56:45,435][__main__][INFO] - Step 3400 | valid1 MSE : 0.0042 | valid1 MAE : 0.0519 | valid1 NMSE : 0.0071 | valid1 RMSE : 0.0000
[2025-07-29 16:56:56,465][__main__][INFO] - Step 3500 | valid1 MSE : 0.0038 | valid1 MAE : 0.0493 | valid1 NMSE : 0.0065 | valid1 RMSE : 0.0000
[2025-07-29 16:57:07,408][__main__][INFO] - Step 3600 | valid1 MSE : 0.0043 | valid1 MAE : 0.0522 | valid1 NMSE : 0.0074 | valid1 RMSE : 0.0000
[2025-07-29 16:57:18,577][__main__][INFO] - Step 3700 | valid1 MSE : 0.0046 | valid1 MAE : 0.0540 | valid1 NMSE : 0.0078 | valid1 RMSE : 0.0000
[2025-07-29 16:57:29,666][__main__][INFO] - Step 3800 | valid1 MSE : 0.0038 | valid1 MAE : 0.0493 | valid1 NMSE : 0.0065 | valid1 RMSE : 0.0000
[2025-07-29 16:57:40,705][__main__][INFO] - Step 3900 | valid1 MSE : 0.0046 | valid1 MAE : 0.0540 | valid1 NMSE : 0.0077 | valid1 RMSE : 0.0000
[2025-07-29 16:57:51,657][__main__][INFO] - Step 4000 | valid1 MSE : 0.0036 | valid1 MAE : 0.0482 | valid1 NMSE : 0.0062 | valid1 RMSE : 0.0000
[2025-07-29 16:58:02,832][__main__][INFO] - Step 4100 | valid1 MSE : 0.0042 | valid1 MAE : 0.0519 | valid1 NMSE : 0.0071 | valid1 RMSE : 0.0000
[2025-07-29 16:58:13,929][__main__][INFO] - Step 4200 | valid1 MSE : 0.0039 | valid1 MAE : 0.0499 | valid1 NMSE : 0.0066 | valid1 RMSE : 0.0000
[2025-07-29 16:58:13,930][__main__][INFO] - Training done in 7.945 min
[2025-07-29 16:58:13,930][__main__][INFO] - Average time per step: 0.114 s
[2025-07-29 16:58:13,965][__main__][INFO] - End of training
[2025-07-29 16:58:15,374][__main__][INFO] - Plotted losses
[2025-07-29 16:58:15,374][__main__][INFO] - Computing test metrics
[2025-07-29 16:58:16,659][__main__][INFO] - Evaluation done in 0.021 min
[2025-07-29 16:58:18,446][__main__][INFO] - Evaluation done in 0.017 min
[2025-07-29 16:58:22,136][__main__][INFO] - Saved plots
[2025-07-29 16:58:22,137][__main__][INFO] - Final mIN parameters: {'beta': np.float32(0.0019955134), 'alpha': np.float32(1.1660988)}
[2025-07-29 16:58:22,137][__main__][INFO] - End of script

[2025-07-29 16:58:30,229][__main__][INFO] - =====Running main script=====
[2025-07-29 16:58:30,236][__main__][INFO] - Fetched main configs, save directory : ../outputs/benchmark_min_all/seed_4/min/
[2025-07-29 16:58:30,236][__main__][INFO] - Model PatchTST, normalization mIN, criterion MSE, kwargs {}
[2025-07-29 16:58:30,299][__main__][INFO] - Fetched dataloaders
[2025-07-29 16:58:30,303][__main__][INFO] - Training data shape : ((140, 1, 1000), (140, 1, 1000))
[2025-07-29 16:58:30,303][__main__][INFO] - Batch sizes : X=torch.Size([10, 1, 100]), c=torch.Size([10, 1, 120]), y=torch.Size([10, 1, 20])
[2025-07-29 16:58:33,487][__main__][INFO] - batch_size=10, learning_rate=0.0001, steps per epoch=14, epochs=300
[2025-07-29 16:58:33,488][__main__][INFO] - Starting training...
[2025-07-29 16:58:33,488][__main__][INFO] - Using device: cuda
[2025-07-29 16:58:33,488][__main__][INFO] - Training 300 epochs of 14 batches (4200 steps): , eval_freq: 100, print_freq: 100
[2025-07-29 16:58:44,203][__main__][INFO] - Step 1 | valid1 MSE : 0.8411 | valid1 MAE : 0.7535 | valid1 NMSE : 1.4225 | valid1 RMSE : 0.0009
[2025-07-29 16:58:55,573][__main__][INFO] - Step 100 | valid1 MSE : 0.0066 | valid1 MAE : 0.0643 | valid1 NMSE : 0.0112 | valid1 RMSE : 0.0000
[2025-07-29 16:59:07,054][__main__][INFO] - Step 200 | valid1 MSE : 0.0055 | valid1 MAE : 0.0591 | valid1 NMSE : 0.0093 | valid1 RMSE : 0.0000
[2025-07-29 16:59:18,288][__main__][INFO] - Step 300 | valid1 MSE : 0.0047 | valid1 MAE : 0.0548 | valid1 NMSE : 0.0080 | valid1 RMSE : 0.0000
[2025-07-29 16:59:30,047][__main__][INFO] - Step 400 | valid1 MSE : 0.0056 | valid1 MAE : 0.0597 | valid1 NMSE : 0.0095 | valid1 RMSE : 0.0000
[2025-07-29 16:59:41,562][__main__][INFO] - Step 500 | valid1 MSE : 0.0044 | valid1 MAE : 0.0531 | valid1 NMSE : 0.0075 | valid1 RMSE : 0.0000
[2025-07-29 16:59:52,996][__main__][INFO] - Step 600 | valid1 MSE : 0.0047 | valid1 MAE : 0.0547 | valid1 NMSE : 0.0079 | valid1 RMSE : 0.0000
[2025-07-29 17:00:04,342][__main__][INFO] - Step 700 | valid1 MSE : 0.0044 | valid1 MAE : 0.0529 | valid1 NMSE : 0.0074 | valid1 RMSE : 0.0000
[2025-07-29 17:00:16,392][__main__][INFO] - Step 800 | valid1 MSE : 0.0050 | valid1 MAE : 0.0565 | valid1 NMSE : 0.0085 | valid1 RMSE : 0.0000
[2025-07-29 17:00:27,326][__main__][INFO] - Step 900 | valid1 MSE : 0.0043 | valid1 MAE : 0.0524 | valid1 NMSE : 0.0073 | valid1 RMSE : 0.0000
[2025-07-29 17:00:38,327][__main__][INFO] - Step 1000 | valid1 MSE : 0.0047 | valid1 MAE : 0.0547 | valid1 NMSE : 0.0080 | valid1 RMSE : 0.0000
[2025-07-29 17:00:49,392][__main__][INFO] - Step 1100 | valid1 MSE : 0.0045 | valid1 MAE : 0.0535 | valid1 NMSE : 0.0076 | valid1 RMSE : 0.0000
[2025-07-29 17:01:00,247][__main__][INFO] - Step 1200 | valid1 MSE : 0.0046 | valid1 MAE : 0.0541 | valid1 NMSE : 0.0078 | valid1 RMSE : 0.0000
[2025-07-29 17:01:11,276][__main__][INFO] - Step 1300 | valid1 MSE : 0.0047 | valid1 MAE : 0.0542 | valid1 NMSE : 0.0079 | valid1 RMSE : 0.0000
[2025-07-29 17:01:22,235][__main__][INFO] - Step 1400 | valid1 MSE : 0.0045 | valid1 MAE : 0.0535 | valid1 NMSE : 0.0076 | valid1 RMSE : 0.0000
[2025-07-29 17:01:33,293][__main__][INFO] - Step 1500 | valid1 MSE : 0.0047 | valid1 MAE : 0.0549 | valid1 NMSE : 0.0080 | valid1 RMSE : 0.0000
[2025-07-29 17:01:44,287][__main__][INFO] - Step 1600 | valid1 MSE : 0.0041 | valid1 MAE : 0.0508 | valid1 NMSE : 0.0068 | valid1 RMSE : 0.0000
[2025-07-29 17:01:55,308][__main__][INFO] - Step 1700 | valid1 MSE : 0.0053 | valid1 MAE : 0.0582 | valid1 NMSE : 0.0090 | valid1 RMSE : 0.0000
[2025-07-29 17:02:06,286][__main__][INFO] - Step 1800 | valid1 MSE : 0.0051 | valid1 MAE : 0.0574 | valid1 NMSE : 0.0087 | valid1 RMSE : 0.0000
[2025-07-29 17:02:17,351][__main__][INFO] - Step 1900 | valid1 MSE : 0.0044 | valid1 MAE : 0.0526 | valid1 NMSE : 0.0074 | valid1 RMSE : 0.0000
[2025-07-29 17:02:28,573][__main__][INFO] - Step 2000 | valid1 MSE : 0.0046 | valid1 MAE : 0.0539 | valid1 NMSE : 0.0078 | valid1 RMSE : 0.0000
[2025-07-29 17:02:39,598][__main__][INFO] - Step 2100 | valid1 MSE : 0.0051 | valid1 MAE : 0.0569 | valid1 NMSE : 0.0086 | valid1 RMSE : 0.0000
[2025-07-29 17:02:50,735][__main__][INFO] - Step 2200 | valid1 MSE : 0.0041 | valid1 MAE : 0.0509 | valid1 NMSE : 0.0069 | valid1 RMSE : 0.0000
[2025-07-29 17:03:01,588][__main__][INFO] - Step 2300 | valid1 MSE : 0.0038 | valid1 MAE : 0.0492 | valid1 NMSE : 0.0064 | valid1 RMSE : 0.0000
[2025-07-29 17:03:13,011][__main__][INFO] - Step 2400 | valid1 MSE : 0.0048 | valid1 MAE : 0.0550 | valid1 NMSE : 0.0081 | valid1 RMSE : 0.0000
[2025-07-29 17:03:24,452][__main__][INFO] - Step 2500 | valid1 MSE : 0.0049 | valid1 MAE : 0.0559 | valid1 NMSE : 0.0083 | valid1 RMSE : 0.0000
[2025-07-29 17:03:35,472][__main__][INFO] - Step 2600 | valid1 MSE : 0.0041 | valid1 MAE : 0.0514 | valid1 NMSE : 0.0070 | valid1 RMSE : 0.0000
[2025-07-29 17:03:46,363][__main__][INFO] - Step 2700 | valid1 MSE : 0.0039 | valid1 MAE : 0.0499 | valid1 NMSE : 0.0066 | valid1 RMSE : 0.0000
[2025-07-29 17:03:57,707][__main__][INFO] - Step 2800 | valid1 MSE : 0.0038 | valid1 MAE : 0.0493 | valid1 NMSE : 0.0065 | valid1 RMSE : 0.0000
[2025-07-29 17:04:09,291][__main__][INFO] - Step 2900 | valid1 MSE : 0.0042 | valid1 MAE : 0.0515 | valid1 NMSE : 0.0071 | valid1 RMSE : 0.0000
[2025-07-29 17:04:20,542][__main__][INFO] - Step 3000 | valid1 MSE : 0.0041 | valid1 MAE : 0.0508 | valid1 NMSE : 0.0069 | valid1 RMSE : 0.0000
[2025-07-29 17:04:31,395][__main__][INFO] - Step 3100 | valid1 MSE : 0.0041 | valid1 MAE : 0.0508 | valid1 NMSE : 0.0069 | valid1 RMSE : 0.0000
[2025-07-29 17:04:42,500][__main__][INFO] - Step 3200 | valid1 MSE : 0.0044 | valid1 MAE : 0.0530 | valid1 NMSE : 0.0075 | valid1 RMSE : 0.0000
[2025-07-29 17:04:53,464][__main__][INFO] - Step 3300 | valid1 MSE : 0.0046 | valid1 MAE : 0.0542 | valid1 NMSE : 0.0078 | valid1 RMSE : 0.0000
[2025-07-29 17:05:04,376][__main__][INFO] - Step 3400 | valid1 MSE : 0.0042 | valid1 MAE : 0.0519 | valid1 NMSE : 0.0071 | valid1 RMSE : 0.0000
[2025-07-29 17:05:15,160][__main__][INFO] - Step 3500 | valid1 MSE : 0.0038 | valid1 MAE : 0.0491 | valid1 NMSE : 0.0064 | valid1 RMSE : 0.0000
[2025-07-29 17:05:26,570][__main__][INFO] - Step 3600 | valid1 MSE : 0.0043 | valid1 MAE : 0.0518 | valid1 NMSE : 0.0073 | valid1 RMSE : 0.0000
[2025-07-29 17:05:37,524][__main__][INFO] - Step 3700 | valid1 MSE : 0.0045 | valid1 MAE : 0.0534 | valid1 NMSE : 0.0076 | valid1 RMSE : 0.0000
[2025-07-29 17:05:48,480][__main__][INFO] - Step 3800 | valid1 MSE : 0.0038 | valid1 MAE : 0.0491 | valid1 NMSE : 0.0064 | valid1 RMSE : 0.0000
[2025-07-29 17:05:59,306][__main__][INFO] - Step 3900 | valid1 MSE : 0.0044 | valid1 MAE : 0.0531 | valid1 NMSE : 0.0075 | valid1 RMSE : 0.0000
[2025-07-29 17:06:10,340][__main__][INFO] - Step 4000 | valid1 MSE : 0.0036 | valid1 MAE : 0.0479 | valid1 NMSE : 0.0061 | valid1 RMSE : 0.0000
[2025-07-29 17:06:21,310][__main__][INFO] - Step 4100 | valid1 MSE : 0.0040 | valid1 MAE : 0.0508 | valid1 NMSE : 0.0068 | valid1 RMSE : 0.0000
[2025-07-29 17:06:32,289][__main__][INFO] - Step 4200 | valid1 MSE : 0.0039 | valid1 MAE : 0.0495 | valid1 NMSE : 0.0065 | valid1 RMSE : 0.0000
[2025-07-29 17:06:32,289][__main__][INFO] - Training done in 7.980 min
[2025-07-29 17:06:32,289][__main__][INFO] - Average time per step: 0.114 s
[2025-07-29 17:06:32,319][__main__][INFO] - End of training
[2025-07-29 17:06:33,752][__main__][INFO] - Plotted losses
[2025-07-29 17:06:33,752][__main__][INFO] - Computing test metrics
[2025-07-29 17:06:35,048][__main__][INFO] - Evaluation done in 0.022 min
[2025-07-29 17:06:36,838][__main__][INFO] - Evaluation done in 0.017 min
[2025-07-29 17:06:40,512][__main__][INFO] - Saved plots
[2025-07-29 17:06:40,513][__main__][INFO] - Final mIN parameters: {'beta': np.float32(-0.0024690647), 'alpha': np.float32(0.8231015)}
[2025-07-29 17:06:40,513][__main__][INFO] - End of script

[2025-07-29 17:06:48,593][__main__][INFO] - =====Running main script=====
[2025-07-29 17:06:48,600][__main__][INFO] - Fetched main configs, save directory : ../outputs/benchmark_min_all/seed_4/cmin_default/
[2025-07-29 17:06:48,600][__main__][INFO] - Model PatchTST, normalization cmIN, criterion MSE, kwargs {}
[2025-07-29 17:06:48,662][__main__][INFO] - Fetched dataloaders
[2025-07-29 17:06:48,666][__main__][INFO] - Training data shape : ((140, 1, 1000), (140, 1, 1000))
[2025-07-29 17:06:48,666][__main__][INFO] - Batch sizes : X=torch.Size([10, 1, 100]), c=torch.Size([10, 1, 120]), y=torch.Size([10, 1, 20])
[2025-07-29 17:06:51,699][__main__][INFO] - batch_size=10, learning_rate=0.0001, steps per epoch=14, epochs=300
[2025-07-29 17:06:51,699][__main__][INFO] - Starting training...
[2025-07-29 17:06:51,699][__main__][INFO] - Using device: cuda
[2025-07-29 17:06:51,699][__main__][INFO] - Training 300 epochs of 14 batches (4200 steps): , eval_freq: 100, print_freq: 100
[2025-07-29 17:07:07,622][__main__][INFO] - Step 1 | valid1 MSE : 0.8410 | valid1 MAE : 0.7535 | valid1 NMSE : 1.4223 | valid1 RMSE : 0.0009
[2025-07-29 17:07:23,798][__main__][INFO] - Step 100 | valid1 MSE : 0.0066 | valid1 MAE : 0.0643 | valid1 NMSE : 0.0112 | valid1 RMSE : 0.0000
[2025-07-29 17:07:40,026][__main__][INFO] - Step 200 | valid1 MSE : 0.0055 | valid1 MAE : 0.0592 | valid1 NMSE : 0.0093 | valid1 RMSE : 0.0000
[2025-07-29 17:07:56,984][__main__][INFO] - Step 300 | valid1 MSE : 0.0047 | valid1 MAE : 0.0548 | valid1 NMSE : 0.0080 | valid1 RMSE : 0.0000
[2025-07-29 17:08:13,589][__main__][INFO] - Step 400 | valid1 MSE : 0.0056 | valid1 MAE : 0.0598 | valid1 NMSE : 0.0095 | valid1 RMSE : 0.0000
[2025-07-29 17:08:30,175][__main__][INFO] - Step 500 | valid1 MSE : 0.0044 | valid1 MAE : 0.0532 | valid1 NMSE : 0.0075 | valid1 RMSE : 0.0000
[2025-07-29 17:08:46,955][__main__][INFO] - Step 600 | valid1 MSE : 0.0047 | valid1 MAE : 0.0547 | valid1 NMSE : 0.0079 | valid1 RMSE : 0.0000
[2025-07-29 17:09:03,474][__main__][INFO] - Step 700 | valid1 MSE : 0.0044 | valid1 MAE : 0.0529 | valid1 NMSE : 0.0075 | valid1 RMSE : 0.0000
[2025-07-29 17:09:19,855][__main__][INFO] - Step 800 | valid1 MSE : 0.0050 | valid1 MAE : 0.0566 | valid1 NMSE : 0.0085 | valid1 RMSE : 0.0000
[2025-07-29 17:09:36,041][__main__][INFO] - Step 900 | valid1 MSE : 0.0043 | valid1 MAE : 0.0524 | valid1 NMSE : 0.0073 | valid1 RMSE : 0.0000
[2025-07-29 17:09:52,659][__main__][INFO] - Step 1000 | valid1 MSE : 0.0047 | valid1 MAE : 0.0548 | valid1 NMSE : 0.0080 | valid1 RMSE : 0.0000
[2025-07-29 17:10:09,232][__main__][INFO] - Step 1100 | valid1 MSE : 0.0045 | valid1 MAE : 0.0535 | valid1 NMSE : 0.0076 | valid1 RMSE : 0.0000
[2025-07-29 17:10:25,950][__main__][INFO] - Step 1200 | valid1 MSE : 0.0046 | valid1 MAE : 0.0541 | valid1 NMSE : 0.0078 | valid1 RMSE : 0.0000
[2025-07-29 17:10:42,305][__main__][INFO] - Step 1300 | valid1 MSE : 0.0047 | valid1 MAE : 0.0543 | valid1 NMSE : 0.0079 | valid1 RMSE : 0.0000
[2025-07-29 17:10:58,673][__main__][INFO] - Step 1400 | valid1 MSE : 0.0045 | valid1 MAE : 0.0535 | valid1 NMSE : 0.0076 | valid1 RMSE : 0.0000
[2025-07-29 17:11:14,961][__main__][INFO] - Step 1500 | valid1 MSE : 0.0047 | valid1 MAE : 0.0549 | valid1 NMSE : 0.0080 | valid1 RMSE : 0.0000
[2025-07-29 17:11:31,322][__main__][INFO] - Step 1600 | valid1 MSE : 0.0041 | valid1 MAE : 0.0508 | valid1 NMSE : 0.0068 | valid1 RMSE : 0.0000
[2025-07-29 17:11:47,668][__main__][INFO] - Step 1700 | valid1 MSE : 0.0053 | valid1 MAE : 0.0583 | valid1 NMSE : 0.0090 | valid1 RMSE : 0.0000
[2025-07-29 17:12:03,970][__main__][INFO] - Step 1800 | valid1 MSE : 0.0051 | valid1 MAE : 0.0573 | valid1 NMSE : 0.0087 | valid1 RMSE : 0.0000
[2025-07-29 17:12:20,385][__main__][INFO] - Step 1900 | valid1 MSE : 0.0043 | valid1 MAE : 0.0526 | valid1 NMSE : 0.0074 | valid1 RMSE : 0.0000
[2025-07-29 17:12:36,719][__main__][INFO] - Step 2000 | valid1 MSE : 0.0046 | valid1 MAE : 0.0541 | valid1 NMSE : 0.0078 | valid1 RMSE : 0.0000
[2025-07-29 17:12:53,253][__main__][INFO] - Step 2100 | valid1 MSE : 0.0051 | valid1 MAE : 0.0573 | valid1 NMSE : 0.0087 | valid1 RMSE : 0.0000
[2025-07-29 17:13:09,433][__main__][INFO] - Step 2200 | valid1 MSE : 0.0041 | valid1 MAE : 0.0510 | valid1 NMSE : 0.0069 | valid1 RMSE : 0.0000
[2025-07-29 17:13:25,680][__main__][INFO] - Step 2300 | valid1 MSE : 0.0038 | valid1 MAE : 0.0493 | valid1 NMSE : 0.0065 | valid1 RMSE : 0.0000
[2025-07-29 17:13:42,040][__main__][INFO] - Step 2400 | valid1 MSE : 0.0048 | valid1 MAE : 0.0552 | valid1 NMSE : 0.0081 | valid1 RMSE : 0.0000
[2025-07-29 17:13:58,370][__main__][INFO] - Step 2500 | valid1 MSE : 0.0049 | valid1 MAE : 0.0561 | valid1 NMSE : 0.0084 | valid1 RMSE : 0.0000
[2025-07-29 17:14:14,668][__main__][INFO] - Step 2600 | valid1 MSE : 0.0042 | valid1 MAE : 0.0516 | valid1 NMSE : 0.0071 | valid1 RMSE : 0.0000
[2025-07-29 17:14:30,921][__main__][INFO] - Step 2700 | valid1 MSE : 0.0039 | valid1 MAE : 0.0500 | valid1 NMSE : 0.0066 | valid1 RMSE : 0.0000
[2025-07-29 17:14:47,293][__main__][INFO] - Step 2800 | valid1 MSE : 0.0038 | valid1 MAE : 0.0493 | valid1 NMSE : 0.0065 | valid1 RMSE : 0.0000
[2025-07-29 17:15:03,615][__main__][INFO] - Step 2900 | valid1 MSE : 0.0042 | valid1 MAE : 0.0517 | valid1 NMSE : 0.0071 | valid1 RMSE : 0.0000
[2025-07-29 17:15:19,896][__main__][INFO] - Step 3000 | valid1 MSE : 0.0041 | valid1 MAE : 0.0511 | valid1 NMSE : 0.0069 | valid1 RMSE : 0.0000
[2025-07-29 17:15:36,290][__main__][INFO] - Step 3100 | valid1 MSE : 0.0040 | valid1 MAE : 0.0507 | valid1 NMSE : 0.0068 | valid1 RMSE : 0.0000
[2025-07-29 17:15:52,563][__main__][INFO] - Step 3200 | valid1 MSE : 0.0045 | valid1 MAE : 0.0532 | valid1 NMSE : 0.0076 | valid1 RMSE : 0.0000
[2025-07-29 17:16:08,865][__main__][INFO] - Step 3300 | valid1 MSE : 0.0047 | valid1 MAE : 0.0543 | valid1 NMSE : 0.0078 | valid1 RMSE : 0.0000
[2025-07-29 17:16:25,218][__main__][INFO] - Step 3400 | valid1 MSE : 0.0042 | valid1 MAE : 0.0521 | valid1 NMSE : 0.0072 | valid1 RMSE : 0.0000
[2025-07-29 17:16:41,619][__main__][INFO] - Step 3500 | valid1 MSE : 0.0038 | valid1 MAE : 0.0494 | valid1 NMSE : 0.0065 | valid1 RMSE : 0.0000
[2025-07-29 17:16:57,881][__main__][INFO] - Step 3600 | valid1 MSE : 0.0043 | valid1 MAE : 0.0520 | valid1 NMSE : 0.0073 | valid1 RMSE : 0.0000
[2025-07-29 17:17:14,133][__main__][INFO] - Step 3700 | valid1 MSE : 0.0046 | valid1 MAE : 0.0538 | valid1 NMSE : 0.0077 | valid1 RMSE : 0.0000
[2025-07-29 17:17:30,595][__main__][INFO] - Step 3800 | valid1 MSE : 0.0038 | valid1 MAE : 0.0492 | valid1 NMSE : 0.0064 | valid1 RMSE : 0.0000
[2025-07-29 17:17:47,093][__main__][INFO] - Step 3900 | valid1 MSE : 0.0045 | valid1 MAE : 0.0539 | valid1 NMSE : 0.0077 | valid1 RMSE : 0.0000
[2025-07-29 17:18:03,466][__main__][INFO] - Step 4000 | valid1 MSE : 0.0036 | valid1 MAE : 0.0482 | valid1 NMSE : 0.0062 | valid1 RMSE : 0.0000
[2025-07-29 17:18:19,780][__main__][INFO] - Step 4100 | valid1 MSE : 0.0042 | valid1 MAE : 0.0516 | valid1 NMSE : 0.0070 | valid1 RMSE : 0.0000
[2025-07-29 17:18:35,999][__main__][INFO] - Step 4200 | valid1 MSE : 0.0039 | valid1 MAE : 0.0496 | valid1 NMSE : 0.0066 | valid1 RMSE : 0.0000
[2025-07-29 17:18:35,999][__main__][INFO] - Training done in 11.738 min
[2025-07-29 17:18:35,999][__main__][INFO] - Average time per step: 0.168 s
[2025-07-29 17:18:36,032][__main__][INFO] - End of training
[2025-07-29 17:18:37,246][__main__][INFO] - Plotted losses
[2025-07-29 17:18:37,246][__main__][INFO] - Computing test metrics
[2025-07-29 17:18:39,930][__main__][INFO] - Evaluation done in 0.045 min
[2025-07-29 17:18:42,464][__main__][INFO] - Evaluation done in 0.029 min
[2025-07-29 17:18:46,216][__main__][INFO] - Saved plots
[2025-07-29 17:18:46,216][__main__][INFO] - End of script

[2025-07-29 17:18:54,341][__main__][INFO] - =====Running main script=====
[2025-07-29 17:18:54,348][__main__][INFO] - Fetched main configs, save directory : ../outputs/benchmark_min_all/seed_4/cmin_init/
[2025-07-29 17:18:54,348][__main__][INFO] - Model PatchTST, normalization cmIN, criterion MSE, kwargs {}
[2025-07-29 17:18:54,415][__main__][INFO] - Fetched dataloaders
[2025-07-29 17:18:54,420][__main__][INFO] - Training data shape : ((140, 1, 1000), (140, 1, 1000))
[2025-07-29 17:18:54,420][__main__][INFO] - Batch sizes : X=torch.Size([10, 1, 100]), c=torch.Size([10, 1, 120]), y=torch.Size([10, 1, 20])
[2025-07-29 17:18:57,464][__main__][INFO] - batch_size=10, learning_rate=0.0001, steps per epoch=14, epochs=300
[2025-07-29 17:18:57,465][__main__][INFO] - Starting training...
[2025-07-29 17:18:57,465][__main__][INFO] - Using device: cuda
[2025-07-29 17:18:57,465][__main__][INFO] - Training 300 epochs of 14 batches (4200 steps): , eval_freq: 100, print_freq: 100
[2025-07-29 17:19:13,412][__main__][INFO] - Step 1 | valid1 MSE : 0.4830 | valid1 MAE : 0.6078 | valid1 NMSE : 0.8165 | valid1 RMSE : 0.0005
[2025-07-29 17:19:29,846][__main__][INFO] - Step 100 | valid1 MSE : 0.0058 | valid1 MAE : 0.0606 | valid1 NMSE : 0.0099 | valid1 RMSE : 0.0000
[2025-07-29 17:19:46,388][__main__][INFO] - Step 200 | valid1 MSE : 0.0052 | valid1 MAE : 0.0576 | valid1 NMSE : 0.0088 | valid1 RMSE : 0.0000
[2025-07-29 17:20:02,950][__main__][INFO] - Step 300 | valid1 MSE : 0.0045 | valid1 MAE : 0.0536 | valid1 NMSE : 0.0076 | valid1 RMSE : 0.0000
[2025-07-29 17:20:19,334][__main__][INFO] - Step 400 | valid1 MSE : 0.0048 | valid1 MAE : 0.0553 | valid1 NMSE : 0.0082 | valid1 RMSE : 0.0000
[2025-07-29 17:20:35,756][__main__][INFO] - Step 500 | valid1 MSE : 0.0043 | valid1 MAE : 0.0523 | valid1 NMSE : 0.0072 | valid1 RMSE : 0.0000
[2025-07-29 17:20:52,299][__main__][INFO] - Step 600 | valid1 MSE : 0.0044 | valid1 MAE : 0.0534 | valid1 NMSE : 0.0075 | valid1 RMSE : 0.0000
[2025-07-29 17:21:08,703][__main__][INFO] - Step 700 | valid1 MSE : 0.0042 | valid1 MAE : 0.0522 | valid1 NMSE : 0.0072 | valid1 RMSE : 0.0000
[2025-07-29 17:21:25,104][__main__][INFO] - Step 800 | valid1 MSE : 0.0047 | valid1 MAE : 0.0545 | valid1 NMSE : 0.0079 | valid1 RMSE : 0.0000
[2025-07-29 17:21:41,403][__main__][INFO] - Step 900 | valid1 MSE : 0.0040 | valid1 MAE : 0.0502 | valid1 NMSE : 0.0067 | valid1 RMSE : 0.0000
[2025-07-29 17:21:57,948][__main__][INFO] - Step 1000 | valid1 MSE : 0.0041 | valid1 MAE : 0.0509 | valid1 NMSE : 0.0069 | valid1 RMSE : 0.0000
[2025-07-29 17:22:14,311][__main__][INFO] - Step 1100 | valid1 MSE : 0.0039 | valid1 MAE : 0.0501 | valid1 NMSE : 0.0067 | valid1 RMSE : 0.0000
[2025-07-29 17:22:30,782][__main__][INFO] - Step 1200 | valid1 MSE : 0.0039 | valid1 MAE : 0.0498 | valid1 NMSE : 0.0066 | valid1 RMSE : 0.0000
[2025-07-29 17:22:47,256][__main__][INFO] - Step 1300 | valid1 MSE : 0.0041 | valid1 MAE : 0.0507 | valid1 NMSE : 0.0069 | valid1 RMSE : 0.0000
[2025-07-29 17:23:03,690][__main__][INFO] - Step 1400 | valid1 MSE : 0.0039 | valid1 MAE : 0.0498 | valid1 NMSE : 0.0066 | valid1 RMSE : 0.0000
[2025-07-29 17:23:20,031][__main__][INFO] - Step 1500 | valid1 MSE : 0.0042 | valid1 MAE : 0.0520 | valid1 NMSE : 0.0072 | valid1 RMSE : 0.0000
[2025-07-29 17:23:36,553][__main__][INFO] - Step 1600 | valid1 MSE : 0.0037 | valid1 MAE : 0.0484 | valid1 NMSE : 0.0062 | valid1 RMSE : 0.0000
[2025-07-29 17:23:52,905][__main__][INFO] - Step 1700 | valid1 MSE : 0.0045 | valid1 MAE : 0.0537 | valid1 NMSE : 0.0076 | valid1 RMSE : 0.0000
[2025-07-29 17:24:09,302][__main__][INFO] - Step 1800 | valid1 MSE : 0.0043 | valid1 MAE : 0.0522 | valid1 NMSE : 0.0072 | valid1 RMSE : 0.0000
[2025-07-29 17:24:25,674][__main__][INFO] - Step 1900 | valid1 MSE : 0.0038 | valid1 MAE : 0.0494 | valid1 NMSE : 0.0065 | valid1 RMSE : 0.0000
[2025-07-29 17:24:42,074][__main__][INFO] - Step 2000 | valid1 MSE : 0.0043 | valid1 MAE : 0.0525 | valid1 NMSE : 0.0074 | valid1 RMSE : 0.0000
[2025-07-29 17:24:58,547][__main__][INFO] - Step 2100 | valid1 MSE : 0.0046 | valid1 MAE : 0.0539 | valid1 NMSE : 0.0077 | valid1 RMSE : 0.0000
[2025-07-29 17:25:14,888][__main__][INFO] - Step 2200 | valid1 MSE : 0.0040 | valid1 MAE : 0.0504 | valid1 NMSE : 0.0068 | valid1 RMSE : 0.0000
[2025-07-29 17:25:31,254][__main__][INFO] - Step 2300 | valid1 MSE : 0.0036 | valid1 MAE : 0.0482 | valid1 NMSE : 0.0062 | valid1 RMSE : 0.0000
[2025-07-29 17:25:47,750][__main__][INFO] - Step 2400 | valid1 MSE : 0.0046 | valid1 MAE : 0.0539 | valid1 NMSE : 0.0078 | valid1 RMSE : 0.0000
[2025-07-29 17:26:04,171][__main__][INFO] - Step 2500 | valid1 MSE : 0.0043 | valid1 MAE : 0.0523 | valid1 NMSE : 0.0073 | valid1 RMSE : 0.0000
[2025-07-29 17:26:20,600][__main__][INFO] - Step 2600 | valid1 MSE : 0.0041 | valid1 MAE : 0.0514 | valid1 NMSE : 0.0070 | valid1 RMSE : 0.0000
[2025-07-29 17:26:36,983][__main__][INFO] - Step 2700 | valid1 MSE : 0.0036 | valid1 MAE : 0.0477 | valid1 NMSE : 0.0061 | valid1 RMSE : 0.0000
[2025-07-29 17:26:53,466][__main__][INFO] - Step 2800 | valid1 MSE : 0.0036 | valid1 MAE : 0.0481 | valid1 NMSE : 0.0062 | valid1 RMSE : 0.0000
[2025-07-29 17:27:09,873][__main__][INFO] - Step 2900 | valid1 MSE : 0.0037 | valid1 MAE : 0.0487 | valid1 NMSE : 0.0063 | valid1 RMSE : 0.0000
[2025-07-29 17:27:26,385][__main__][INFO] - Step 3000 | valid1 MSE : 0.0037 | valid1 MAE : 0.0483 | valid1 NMSE : 0.0062 | valid1 RMSE : 0.0000
[2025-07-29 17:27:42,696][__main__][INFO] - Step 3100 | valid1 MSE : 0.0036 | valid1 MAE : 0.0480 | valid1 NMSE : 0.0061 | valid1 RMSE : 0.0000
[2025-07-29 17:27:59,070][__main__][INFO] - Step 3200 | valid1 MSE : 0.0042 | valid1 MAE : 0.0517 | valid1 NMSE : 0.0071 | valid1 RMSE : 0.0000
[2025-07-29 17:28:15,503][__main__][INFO] - Step 3300 | valid1 MSE : 0.0041 | valid1 MAE : 0.0514 | valid1 NMSE : 0.0070 | valid1 RMSE : 0.0000
[2025-07-29 17:28:31,999][__main__][INFO] - Step 3400 | valid1 MSE : 0.0036 | valid1 MAE : 0.0476 | valid1 NMSE : 0.0060 | valid1 RMSE : 0.0000
[2025-07-29 17:28:48,401][__main__][INFO] - Step 3500 | valid1 MSE : 0.0039 | valid1 MAE : 0.0501 | valid1 NMSE : 0.0067 | valid1 RMSE : 0.0000
[2025-07-29 17:29:04,739][__main__][INFO] - Step 3600 | valid1 MSE : 0.0039 | valid1 MAE : 0.0494 | valid1 NMSE : 0.0066 | valid1 RMSE : 0.0000
[2025-07-29 17:29:21,036][__main__][INFO] - Step 3700 | valid1 MSE : 0.0042 | valid1 MAE : 0.0520 | valid1 NMSE : 0.0072 | valid1 RMSE : 0.0000
[2025-07-29 17:29:37,669][__main__][INFO] - Step 3800 | valid1 MSE : 0.0036 | valid1 MAE : 0.0477 | valid1 NMSE : 0.0061 | valid1 RMSE : 0.0000
[2025-07-29 17:29:54,194][__main__][INFO] - Step 3900 | valid1 MSE : 0.0040 | valid1 MAE : 0.0507 | valid1 NMSE : 0.0068 | valid1 RMSE : 0.0000
[2025-07-29 17:30:10,566][__main__][INFO] - Step 4000 | valid1 MSE : 0.0036 | valid1 MAE : 0.0481 | valid1 NMSE : 0.0062 | valid1 RMSE : 0.0000
[2025-07-29 17:30:26,977][__main__][INFO] - Step 4100 | valid1 MSE : 0.0042 | valid1 MAE : 0.0515 | valid1 NMSE : 0.0070 | valid1 RMSE : 0.0000
[2025-07-29 17:30:43,369][__main__][INFO] - Step 4200 | valid1 MSE : 0.0035 | valid1 MAE : 0.0475 | valid1 NMSE : 0.0060 | valid1 RMSE : 0.0000
[2025-07-29 17:30:43,369][__main__][INFO] - Training done in 11.765 min
[2025-07-29 17:30:43,369][__main__][INFO] - Average time per step: 0.168 s
[2025-07-29 17:30:43,403][__main__][INFO] - End of training
[2025-07-29 17:30:44,594][__main__][INFO] - Plotted losses
[2025-07-29 17:30:44,595][__main__][INFO] - Computing test metrics
[2025-07-29 17:30:47,442][__main__][INFO] - Evaluation done in 0.047 min
[2025-07-29 17:30:49,674][__main__][INFO] - Evaluation done in 0.025 min
[2025-07-29 17:30:53,336][__main__][INFO] - Saved plots
[2025-07-29 17:30:53,336][__main__][INFO] - End of script

[2025-07-29 17:31:01,445][__main__][INFO] - =====Running main script=====
[2025-07-29 17:31:01,452][__main__][INFO] - Fetched main configs, save directory : ../outputs/benchmark_min_all/seed_4/cmin_init_gamma/
[2025-07-29 17:31:01,452][__main__][INFO] - Model PatchTST, normalization cmIN, criterion MSE, kwargs {}
[2025-07-29 17:31:01,521][__main__][INFO] - Fetched dataloaders
[2025-07-29 17:31:01,526][__main__][INFO] - Training data shape : ((140, 1, 1000), (140, 1, 1000))
[2025-07-29 17:31:01,526][__main__][INFO] - Batch sizes : X=torch.Size([10, 1, 100]), c=torch.Size([10, 1, 120]), y=torch.Size([10, 1, 20])
[2025-07-29 17:31:04,760][__main__][INFO] - batch_size=10, learning_rate=0.0001, steps per epoch=14, epochs=300
[2025-07-29 17:31:04,760][__main__][INFO] - Starting training...
[2025-07-29 17:31:04,760][__main__][INFO] - Using device: cuda
[2025-07-29 17:31:04,760][__main__][INFO] - Training 300 epochs of 14 batches (4200 steps): , eval_freq: 100, print_freq: 100
[2025-07-29 17:31:20,906][__main__][INFO] - Step 1 | valid1 MSE : 0.4830 | valid1 MAE : 0.6078 | valid1 NMSE : 0.8165 | valid1 RMSE : 0.0005
[2025-07-29 17:31:37,648][__main__][INFO] - Step 100 | valid1 MSE : 0.0058 | valid1 MAE : 0.0604 | valid1 NMSE : 0.0098 | valid1 RMSE : 0.0000
[2025-07-29 17:31:54,360][__main__][INFO] - Step 200 | valid1 MSE : 0.0051 | valid1 MAE : 0.0571 | valid1 NMSE : 0.0086 | valid1 RMSE : 0.0000
[2025-07-29 17:32:10,942][__main__][INFO] - Step 300 | valid1 MSE : 0.0044 | valid1 MAE : 0.0530 | valid1 NMSE : 0.0075 | valid1 RMSE : 0.0000
[2025-07-29 17:32:27,572][__main__][INFO] - Step 400 | valid1 MSE : 0.0047 | valid1 MAE : 0.0547 | valid1 NMSE : 0.0080 | valid1 RMSE : 0.0000
[2025-07-29 17:32:44,317][__main__][INFO] - Step 500 | valid1 MSE : 0.0042 | valid1 MAE : 0.0517 | valid1 NMSE : 0.0071 | valid1 RMSE : 0.0000
[2025-07-29 17:33:00,937][__main__][INFO] - Step 600 | valid1 MSE : 0.0043 | valid1 MAE : 0.0524 | valid1 NMSE : 0.0072 | valid1 RMSE : 0.0000
[2025-07-29 17:33:17,639][__main__][INFO] - Step 700 | valid1 MSE : 0.0041 | valid1 MAE : 0.0515 | valid1 NMSE : 0.0070 | valid1 RMSE : 0.0000
[2025-07-29 17:33:34,255][__main__][INFO] - Step 800 | valid1 MSE : 0.0045 | valid1 MAE : 0.0536 | valid1 NMSE : 0.0076 | valid1 RMSE : 0.0000
[2025-07-29 17:33:50,955][__main__][INFO] - Step 900 | valid1 MSE : 0.0039 | valid1 MAE : 0.0497 | valid1 NMSE : 0.0066 | valid1 RMSE : 0.0000
[2025-07-29 17:34:07,524][__main__][INFO] - Step 1000 | valid1 MSE : 0.0040 | valid1 MAE : 0.0504 | valid1 NMSE : 0.0067 | valid1 RMSE : 0.0000
[2025-07-29 17:34:24,196][__main__][INFO] - Step 1100 | valid1 MSE : 0.0039 | valid1 MAE : 0.0498 | valid1 NMSE : 0.0066 | valid1 RMSE : 0.0000
[2025-07-29 17:34:40,905][__main__][INFO] - Step 1200 | valid1 MSE : 0.0038 | valid1 MAE : 0.0496 | valid1 NMSE : 0.0065 | valid1 RMSE : 0.0000
[2025-07-29 17:34:57,418][__main__][INFO] - Step 1300 | valid1 MSE : 0.0039 | valid1 MAE : 0.0499 | valid1 NMSE : 0.0067 | valid1 RMSE : 0.0000
[2025-07-29 17:35:13,935][__main__][INFO] - Step 1400 | valid1 MSE : 0.0038 | valid1 MAE : 0.0491 | valid1 NMSE : 0.0064 | valid1 RMSE : 0.0000
[2025-07-29 17:35:30,594][__main__][INFO] - Step 1500 | valid1 MSE : 0.0040 | valid1 MAE : 0.0508 | valid1 NMSE : 0.0068 | valid1 RMSE : 0.0000
[2025-07-29 17:35:47,239][__main__][INFO] - Step 1600 | valid1 MSE : 0.0035 | valid1 MAE : 0.0475 | valid1 NMSE : 0.0060 | valid1 RMSE : 0.0000
[2025-07-29 17:36:04,127][__main__][INFO] - Step 1700 | valid1 MSE : 0.0043 | valid1 MAE : 0.0526 | valid1 NMSE : 0.0073 | valid1 RMSE : 0.0000
[2025-07-29 17:36:21,271][__main__][INFO] - Step 1800 | valid1 MSE : 0.0042 | valid1 MAE : 0.0521 | valid1 NMSE : 0.0072 | valid1 RMSE : 0.0000
[2025-07-29 17:36:38,531][__main__][INFO] - Step 1900 | valid1 MSE : 0.0038 | valid1 MAE : 0.0490 | valid1 NMSE : 0.0064 | valid1 RMSE : 0.0000
[2025-07-29 17:36:55,521][__main__][INFO] - Step 2000 | valid1 MSE : 0.0041 | valid1 MAE : 0.0511 | valid1 NMSE : 0.0070 | valid1 RMSE : 0.0000
[2025-07-29 17:37:12,484][__main__][INFO] - Step 2100 | valid1 MSE : 0.0043 | valid1 MAE : 0.0524 | valid1 NMSE : 0.0073 | valid1 RMSE : 0.0000
[2025-07-29 17:37:29,393][__main__][INFO] - Step 2200 | valid1 MSE : 0.0038 | valid1 MAE : 0.0492 | valid1 NMSE : 0.0064 | valid1 RMSE : 0.0000
[2025-07-29 17:37:46,321][__main__][INFO] - Step 2300 | valid1 MSE : 0.0034 | valid1 MAE : 0.0469 | valid1 NMSE : 0.0058 | valid1 RMSE : 0.0000
[2025-07-29 17:38:03,311][__main__][INFO] - Step 2400 | valid1 MSE : 0.0043 | valid1 MAE : 0.0520 | valid1 NMSE : 0.0072 | valid1 RMSE : 0.0000
[2025-07-29 17:38:20,423][__main__][INFO] - Step 2500 | valid1 MSE : 0.0041 | valid1 MAE : 0.0513 | valid1 NMSE : 0.0070 | valid1 RMSE : 0.0000
[2025-07-29 17:38:37,566][__main__][INFO] - Step 2600 | valid1 MSE : 0.0039 | valid1 MAE : 0.0500 | valid1 NMSE : 0.0066 | valid1 RMSE : 0.0000
[2025-07-29 17:38:54,729][__main__][INFO] - Step 2700 | valid1 MSE : 0.0035 | valid1 MAE : 0.0471 | valid1 NMSE : 0.0059 | valid1 RMSE : 0.0000
[2025-07-29 17:39:11,922][__main__][INFO] - Step 2800 | valid1 MSE : 0.0035 | valid1 MAE : 0.0470 | valid1 NMSE : 0.0059 | valid1 RMSE : 0.0000
[2025-07-29 17:39:29,104][__main__][INFO] - Step 2900 | valid1 MSE : 0.0036 | valid1 MAE : 0.0481 | valid1 NMSE : 0.0062 | valid1 RMSE : 0.0000
[2025-07-29 17:39:46,183][__main__][INFO] - Step 3000 | valid1 MSE : 0.0036 | valid1 MAE : 0.0480 | valid1 NMSE : 0.0061 | valid1 RMSE : 0.0000
[2025-07-29 17:40:03,147][__main__][INFO] - Step 3100 | valid1 MSE : 0.0036 | valid1 MAE : 0.0476 | valid1 NMSE : 0.0060 | valid1 RMSE : 0.0000
[2025-07-29 17:40:20,107][__main__][INFO] - Step 3200 | valid1 MSE : 0.0040 | valid1 MAE : 0.0503 | valid1 NMSE : 0.0067 | valid1 RMSE : 0.0000
[2025-07-29 17:40:37,079][__main__][INFO] - Step 3300 | valid1 MSE : 0.0041 | valid1 MAE : 0.0508 | valid1 NMSE : 0.0069 | valid1 RMSE : 0.0000
[2025-07-29 17:40:54,167][__main__][INFO] - Step 3400 | valid1 MSE : 0.0035 | valid1 MAE : 0.0471 | valid1 NMSE : 0.0059 | valid1 RMSE : 0.0000
[2025-07-29 17:41:11,245][__main__][INFO] - Step 3500 | valid1 MSE : 0.0037 | valid1 MAE : 0.0482 | valid1 NMSE : 0.0062 | valid1 RMSE : 0.0000
[2025-07-29 17:41:28,303][__main__][INFO] - Step 3600 | valid1 MSE : 0.0038 | valid1 MAE : 0.0490 | valid1 NMSE : 0.0064 | valid1 RMSE : 0.0000
[2025-07-29 17:41:45,179][__main__][INFO] - Step 3700 | valid1 MSE : 0.0041 | valid1 MAE : 0.0513 | valid1 NMSE : 0.0070 | valid1 RMSE : 0.0000
[2025-07-29 17:42:02,230][__main__][INFO] - Step 3800 | valid1 MSE : 0.0035 | valid1 MAE : 0.0472 | valid1 NMSE : 0.0059 | valid1 RMSE : 0.0000
[2025-07-29 17:42:19,304][__main__][INFO] - Step 3900 | valid1 MSE : 0.0038 | valid1 MAE : 0.0495 | valid1 NMSE : 0.0065 | valid1 RMSE : 0.0000
[2025-07-29 17:42:36,382][__main__][INFO] - Step 4000 | valid1 MSE : 0.0035 | valid1 MAE : 0.0474 | valid1 NMSE : 0.0060 | valid1 RMSE : 0.0000
[2025-07-29 17:42:53,074][__main__][INFO] - Step 4100 | valid1 MSE : 0.0039 | valid1 MAE : 0.0500 | valid1 NMSE : 0.0066 | valid1 RMSE : 0.0000
[2025-07-29 17:43:09,993][__main__][INFO] - Step 4200 | valid1 MSE : 0.0034 | valid1 MAE : 0.0466 | valid1 NMSE : 0.0058 | valid1 RMSE : 0.0000
[2025-07-29 17:43:09,993][__main__][INFO] - Training done in 12.087 min
[2025-07-29 17:43:09,993][__main__][INFO] - Average time per step: 0.173 s
[2025-07-29 17:43:10,022][__main__][INFO] - End of training
[2025-07-29 17:43:11,231][__main__][INFO] - Plotted losses
[2025-07-29 17:43:11,232][__main__][INFO] - Computing test metrics
[2025-07-29 17:43:14,072][__main__][INFO] - Evaluation done in 0.047 min
[2025-07-29 17:43:16,555][__main__][INFO] - Evaluation done in 0.028 min
[2025-07-29 17:43:20,532][__main__][INFO] - Saved plots
[2025-07-29 17:43:20,532][__main__][INFO] - End of script

[2025-07-29 17:43:37,317][__main__][INFO] - =====Running main script=====
[2025-07-29 17:43:37,325][__main__][INFO] - Fetched main configs, save directory : ../outputs/benchmark_min_all/seed_5/PatchTST_instance/
[2025-07-29 17:43:37,325][__main__][INFO] - Model PatchTST, normalization instance, criterion MSE, kwargs {}
[2025-07-29 17:43:37,387][__main__][INFO] - Fetched dataloaders
[2025-07-29 17:43:37,391][__main__][INFO] - Training data shape : ((140, 1, 1000), (140, 1, 1000))
[2025-07-29 17:43:37,391][__main__][INFO] - Batch sizes : X=torch.Size([10, 1, 100]), c=torch.Size([10, 1, 120]), y=torch.Size([10, 1, 20])
[2025-07-29 17:43:40,166][__main__][INFO] - batch_size=10, learning_rate=0.0001, steps per epoch=14, epochs=300
[2025-07-29 17:43:40,166][__main__][INFO] - Starting training...
[2025-07-29 17:43:40,166][__main__][INFO] - Using device: cuda
[2025-07-29 17:43:40,166][__main__][INFO] - Training 300 epochs of 14 batches (4200 steps): , eval_freq: 100, print_freq: 100
[2025-07-29 17:43:51,050][__main__][INFO] - Step 1 | valid1 MSE : 0.8403 | valid1 MAE : 0.7358 | valid1 NMSE : 1.4185 | valid1 RMSE : 0.0009
[2025-07-29 17:44:02,442][__main__][INFO] - Step 100 | valid1 MSE : 0.0071 | valid1 MAE : 0.0669 | valid1 NMSE : 0.0119 | valid1 RMSE : 0.0000
[2025-07-29 17:44:13,768][__main__][INFO] - Step 200 | valid1 MSE : 0.0062 | valid1 MAE : 0.0629 | valid1 NMSE : 0.0104 | valid1 RMSE : 0.0000
[2025-07-29 17:44:25,012][__main__][INFO] - Step 300 | valid1 MSE : 0.0055 | valid1 MAE : 0.0586 | valid1 NMSE : 0.0092 | valid1 RMSE : 0.0000
[2025-07-29 17:44:36,186][__main__][INFO] - Step 400 | valid1 MSE : 0.0048 | valid1 MAE : 0.0554 | valid1 NMSE : 0.0082 | valid1 RMSE : 0.0000
[2025-07-29 17:44:47,564][__main__][INFO] - Step 500 | valid1 MSE : 0.0046 | valid1 MAE : 0.0540 | valid1 NMSE : 0.0078 | valid1 RMSE : 0.0000
[2025-07-29 17:44:58,693][__main__][INFO] - Step 600 | valid1 MSE : 0.0058 | valid1 MAE : 0.0608 | valid1 NMSE : 0.0099 | valid1 RMSE : 0.0000
[2025-07-29 17:45:09,940][__main__][INFO] - Step 700 | valid1 MSE : 0.0052 | valid1 MAE : 0.0580 | valid1 NMSE : 0.0089 | valid1 RMSE : 0.0000
[2025-07-29 17:45:21,209][__main__][INFO] - Step 800 | valid1 MSE : 0.0049 | valid1 MAE : 0.0559 | valid1 NMSE : 0.0083 | valid1 RMSE : 0.0000
[2025-07-29 17:45:32,494][__main__][INFO] - Step 900 | valid1 MSE : 0.0045 | valid1 MAE : 0.0534 | valid1 NMSE : 0.0076 | valid1 RMSE : 0.0000
[2025-07-29 17:45:43,585][__main__][INFO] - Step 1000 | valid1 MSE : 0.0050 | valid1 MAE : 0.0564 | valid1 NMSE : 0.0085 | valid1 RMSE : 0.0000
[2025-07-29 17:45:54,735][__main__][INFO] - Step 1100 | valid1 MSE : 0.0049 | valid1 MAE : 0.0561 | valid1 NMSE : 0.0083 | valid1 RMSE : 0.0000
[2025-07-29 17:46:06,103][__main__][INFO] - Step 1200 | valid1 MSE : 0.0048 | valid1 MAE : 0.0553 | valid1 NMSE : 0.0082 | valid1 RMSE : 0.0000
[2025-07-29 17:46:17,295][__main__][INFO] - Step 1300 | valid1 MSE : 0.0051 | valid1 MAE : 0.0565 | valid1 NMSE : 0.0086 | valid1 RMSE : 0.0000
[2025-07-29 17:46:28,555][__main__][INFO] - Step 1400 | valid1 MSE : 0.0049 | valid1 MAE : 0.0558 | valid1 NMSE : 0.0082 | valid1 RMSE : 0.0000
[2025-07-29 17:46:39,700][__main__][INFO] - Step 1500 | valid1 MSE : 0.0049 | valid1 MAE : 0.0555 | valid1 NMSE : 0.0082 | valid1 RMSE : 0.0000
[2025-07-29 17:46:51,120][__main__][INFO] - Step 1600 | valid1 MSE : 0.0048 | valid1 MAE : 0.0549 | valid1 NMSE : 0.0081 | valid1 RMSE : 0.0000
[2025-07-29 17:47:02,690][__main__][INFO] - Step 1700 | valid1 MSE : 0.0046 | valid1 MAE : 0.0544 | valid1 NMSE : 0.0078 | valid1 RMSE : 0.0000
[2025-07-29 17:47:14,182][__main__][INFO] - Step 1800 | valid1 MSE : 0.0050 | valid1 MAE : 0.0564 | valid1 NMSE : 0.0085 | valid1 RMSE : 0.0000
[2025-07-29 17:47:25,525][__main__][INFO] - Step 1900 | valid1 MSE : 0.0049 | valid1 MAE : 0.0563 | valid1 NMSE : 0.0084 | valid1 RMSE : 0.0000
[2025-07-29 17:47:37,021][__main__][INFO] - Step 2000 | valid1 MSE : 0.0052 | valid1 MAE : 0.0573 | valid1 NMSE : 0.0087 | valid1 RMSE : 0.0000
[2025-07-29 17:47:48,561][__main__][INFO] - Step 2100 | valid1 MSE : 0.0052 | valid1 MAE : 0.0578 | valid1 NMSE : 0.0088 | valid1 RMSE : 0.0000
[2025-07-29 17:48:00,015][__main__][INFO] - Step 2200 | valid1 MSE : 0.0047 | valid1 MAE : 0.0543 | valid1 NMSE : 0.0079 | valid1 RMSE : 0.0000
[2025-07-29 17:48:11,463][__main__][INFO] - Step 2300 | valid1 MSE : 0.0046 | valid1 MAE : 0.0542 | valid1 NMSE : 0.0078 | valid1 RMSE : 0.0000
[2025-07-29 17:48:22,515][__main__][INFO] - Step 2400 | valid1 MSE : 0.0046 | valid1 MAE : 0.0542 | valid1 NMSE : 0.0078 | valid1 RMSE : 0.0000
[2025-07-29 17:48:33,820][__main__][INFO] - Step 2500 | valid1 MSE : 0.0048 | valid1 MAE : 0.0555 | valid1 NMSE : 0.0081 | valid1 RMSE : 0.0000
[2025-07-29 17:48:44,977][__main__][INFO] - Step 2600 | valid1 MSE : 0.0047 | valid1 MAE : 0.0548 | valid1 NMSE : 0.0080 | valid1 RMSE : 0.0000
[2025-07-29 17:48:56,219][__main__][INFO] - Step 2700 | valid1 MSE : 0.0047 | valid1 MAE : 0.0544 | valid1 NMSE : 0.0079 | valid1 RMSE : 0.0000
[2025-07-29 17:49:07,256][__main__][INFO] - Step 2800 | valid1 MSE : 0.0038 | valid1 MAE : 0.0492 | valid1 NMSE : 0.0064 | valid1 RMSE : 0.0000
[2025-07-29 17:49:18,582][__main__][INFO] - Step 2900 | valid1 MSE : 0.0049 | valid1 MAE : 0.0560 | valid1 NMSE : 0.0084 | valid1 RMSE : 0.0000
[2025-07-29 17:49:29,738][__main__][INFO] - Step 3000 | valid1 MSE : 0.0044 | valid1 MAE : 0.0526 | valid1 NMSE : 0.0074 | valid1 RMSE : 0.0000
[2025-07-29 17:49:41,007][__main__][INFO] - Step 3100 | valid1 MSE : 0.0042 | valid1 MAE : 0.0515 | valid1 NMSE : 0.0071 | valid1 RMSE : 0.0000
[2025-07-29 17:49:52,098][__main__][INFO] - Step 3200 | valid1 MSE : 0.0052 | valid1 MAE : 0.0576 | valid1 NMSE : 0.0088 | valid1 RMSE : 0.0000
[2025-07-29 17:50:03,409][__main__][INFO] - Step 3300 | valid1 MSE : 0.0043 | valid1 MAE : 0.0522 | valid1 NMSE : 0.0072 | valid1 RMSE : 0.0000
[2025-07-29 17:50:14,592][__main__][INFO] - Step 3400 | valid1 MSE : 0.0046 | valid1 MAE : 0.0539 | valid1 NMSE : 0.0077 | valid1 RMSE : 0.0000
[2025-07-29 17:50:25,823][__main__][INFO] - Step 3500 | valid1 MSE : 0.0041 | valid1 MAE : 0.0510 | valid1 NMSE : 0.0069 | valid1 RMSE : 0.0000
[2025-07-29 17:50:36,803][__main__][INFO] - Step 3600 | valid1 MSE : 0.0043 | valid1 MAE : 0.0527 | valid1 NMSE : 0.0073 | valid1 RMSE : 0.0000
[2025-07-29 17:50:48,138][__main__][INFO] - Step 3700 | valid1 MSE : 0.0045 | valid1 MAE : 0.0537 | valid1 NMSE : 0.0076 | valid1 RMSE : 0.0000
[2025-07-29 17:50:59,379][__main__][INFO] - Step 3800 | valid1 MSE : 0.0042 | valid1 MAE : 0.0520 | valid1 NMSE : 0.0072 | valid1 RMSE : 0.0000
[2025-07-29 17:51:10,561][__main__][INFO] - Step 3900 | valid1 MSE : 0.0051 | valid1 MAE : 0.0571 | valid1 NMSE : 0.0086 | valid1 RMSE : 0.0000
[2025-07-29 17:51:21,721][__main__][INFO] - Step 4000 | valid1 MSE : 0.0041 | valid1 MAE : 0.0515 | valid1 NMSE : 0.0070 | valid1 RMSE : 0.0000
[2025-07-29 17:51:33,008][__main__][INFO] - Step 4100 | valid1 MSE : 0.0043 | valid1 MAE : 0.0525 | valid1 NMSE : 0.0073 | valid1 RMSE : 0.0000
[2025-07-29 17:51:44,238][__main__][INFO] - Step 4200 | valid1 MSE : 0.0038 | valid1 MAE : 0.0490 | valid1 NMSE : 0.0064 | valid1 RMSE : 0.0000
[2025-07-29 17:51:44,238][__main__][INFO] - Training done in 8.068 min
[2025-07-29 17:51:44,239][__main__][INFO] - Average time per step: 0.115 s
[2025-07-29 17:51:44,272][__main__][INFO] - End of training
[2025-07-29 17:51:45,540][__main__][INFO] - Plotted losses
[2025-07-29 17:51:45,540][__main__][INFO] - Computing test metrics
[2025-07-29 17:51:46,887][__main__][INFO] - Evaluation done in 0.022 min
[2025-07-29 17:51:48,717][__main__][INFO] - Evaluation done in 0.017 min
[2025-07-29 17:51:52,497][__main__][INFO] - Saved plots
[2025-07-29 17:51:52,497][__main__][INFO] - End of script

[2025-07-29 17:52:00,679][__main__][INFO] - =====Running main script=====
[2025-07-29 17:52:00,685][__main__][INFO] - Fetched main configs, save directory : ../outputs/benchmark_min_all/seed_5/PatchTST_revin/
[2025-07-29 17:52:00,686][__main__][INFO] - Model PatchTST, normalization revin, criterion MSE, kwargs {}
[2025-07-29 17:52:00,746][__main__][INFO] - Fetched dataloaders
[2025-07-29 17:52:00,751][__main__][INFO] - Training data shape : ((140, 1, 1000), (140, 1, 1000))
[2025-07-29 17:52:00,751][__main__][INFO] - Batch sizes : X=torch.Size([10, 1, 100]), c=torch.Size([10, 1, 120]), y=torch.Size([10, 1, 20])
[2025-07-29 17:52:03,863][__main__][INFO] - batch_size=10, learning_rate=0.0001, steps per epoch=14, epochs=300
[2025-07-29 17:52:03,863][__main__][INFO] - Starting training...
[2025-07-29 17:52:03,863][__main__][INFO] - Using device: cuda
[2025-07-29 17:52:03,863][__main__][INFO] - Training 300 epochs of 14 batches (4200 steps): , eval_freq: 100, print_freq: 100
[2025-07-29 17:52:14,788][__main__][INFO] - Step 1 | valid1 MSE : 0.8403 | valid1 MAE : 0.7358 | valid1 NMSE : 1.4185 | valid1 RMSE : 0.0009
[2025-07-29 17:52:26,358][__main__][INFO] - Step 100 | valid1 MSE : 0.0070 | valid1 MAE : 0.0666 | valid1 NMSE : 0.0118 | valid1 RMSE : 0.0000
[2025-07-29 17:52:37,756][__main__][INFO] - Step 200 | valid1 MSE : 0.0060 | valid1 MAE : 0.0622 | valid1 NMSE : 0.0102 | valid1 RMSE : 0.0000
[2025-07-29 17:52:49,148][__main__][INFO] - Step 300 | valid1 MSE : 0.0053 | valid1 MAE : 0.0579 | valid1 NMSE : 0.0090 | valid1 RMSE : 0.0000
[2025-07-29 17:53:00,513][__main__][INFO] - Step 400 | valid1 MSE : 0.0047 | valid1 MAE : 0.0545 | valid1 NMSE : 0.0079 | valid1 RMSE : 0.0000
[2025-07-29 17:53:12,064][__main__][INFO] - Step 500 | valid1 MSE : 0.0045 | valid1 MAE : 0.0532 | valid1 NMSE : 0.0076 | valid1 RMSE : 0.0000
[2025-07-29 17:53:23,429][__main__][INFO] - Step 600 | valid1 MSE : 0.0055 | valid1 MAE : 0.0594 | valid1 NMSE : 0.0094 | valid1 RMSE : 0.0000
[2025-07-29 17:53:34,769][__main__][INFO] - Step 700 | valid1 MSE : 0.0051 | valid1 MAE : 0.0569 | valid1 NMSE : 0.0086 | valid1 RMSE : 0.0000
[2025-07-29 17:53:46,208][__main__][INFO] - Step 800 | valid1 MSE : 0.0047 | valid1 MAE : 0.0548 | valid1 NMSE : 0.0080 | valid1 RMSE : 0.0000
[2025-07-29 17:53:57,585][__main__][INFO] - Step 900 | valid1 MSE : 0.0043 | valid1 MAE : 0.0525 | valid1 NMSE : 0.0074 | valid1 RMSE : 0.0000
[2025-07-29 17:54:08,843][__main__][INFO] - Step 1000 | valid1 MSE : 0.0048 | valid1 MAE : 0.0552 | valid1 NMSE : 0.0081 | valid1 RMSE : 0.0000
[2025-07-29 17:54:20,431][__main__][INFO] - Step 1100 | valid1 MSE : 0.0047 | valid1 MAE : 0.0550 | valid1 NMSE : 0.0080 | valid1 RMSE : 0.0000
[2025-07-29 17:54:31,864][__main__][INFO] - Step 1200 | valid1 MSE : 0.0045 | valid1 MAE : 0.0537 | valid1 NMSE : 0.0077 | valid1 RMSE : 0.0000
[2025-07-29 17:54:43,102][__main__][INFO] - Step 1300 | valid1 MSE : 0.0049 | valid1 MAE : 0.0554 | valid1 NMSE : 0.0082 | valid1 RMSE : 0.0000
[2025-07-29 17:54:54,487][__main__][INFO] - Step 1400 | valid1 MSE : 0.0047 | valid1 MAE : 0.0550 | valid1 NMSE : 0.0080 | valid1 RMSE : 0.0000
[2025-07-29 17:55:05,811][__main__][INFO] - Step 1500 | valid1 MSE : 0.0047 | valid1 MAE : 0.0545 | valid1 NMSE : 0.0079 | valid1 RMSE : 0.0000
[2025-07-29 17:55:17,239][__main__][INFO] - Step 1600 | valid1 MSE : 0.0046 | valid1 MAE : 0.0542 | valid1 NMSE : 0.0078 | valid1 RMSE : 0.0000
[2025-07-29 17:55:28,642][__main__][INFO] - Step 1700 | valid1 MSE : 0.0044 | valid1 MAE : 0.0532 | valid1 NMSE : 0.0075 | valid1 RMSE : 0.0000
[2025-07-29 17:55:39,927][__main__][INFO] - Step 1800 | valid1 MSE : 0.0047 | valid1 MAE : 0.0548 | valid1 NMSE : 0.0080 | valid1 RMSE : 0.0000
[2025-07-29 17:55:51,102][__main__][INFO] - Step 1900 | valid1 MSE : 0.0047 | valid1 MAE : 0.0548 | valid1 NMSE : 0.0079 | valid1 RMSE : 0.0000
[2025-07-29 17:56:02,440][__main__][INFO] - Step 2000 | valid1 MSE : 0.0047 | valid1 MAE : 0.0549 | valid1 NMSE : 0.0080 | valid1 RMSE : 0.0000
[2025-07-29 17:56:14,108][__main__][INFO] - Step 2100 | valid1 MSE : 0.0050 | valid1 MAE : 0.0564 | valid1 NMSE : 0.0084 | valid1 RMSE : 0.0000
[2025-07-29 17:56:25,487][__main__][INFO] - Step 2200 | valid1 MSE : 0.0044 | valid1 MAE : 0.0525 | valid1 NMSE : 0.0074 | valid1 RMSE : 0.0000
[2025-07-29 17:56:36,791][__main__][INFO] - Step 2300 | valid1 MSE : 0.0042 | valid1 MAE : 0.0518 | valid1 NMSE : 0.0071 | valid1 RMSE : 0.0000
[2025-07-29 17:56:48,038][__main__][INFO] - Step 2400 | valid1 MSE : 0.0044 | valid1 MAE : 0.0527 | valid1 NMSE : 0.0074 | valid1 RMSE : 0.0000
[2025-07-29 17:56:59,443][__main__][INFO] - Step 2500 | valid1 MSE : 0.0044 | valid1 MAE : 0.0531 | valid1 NMSE : 0.0075 | valid1 RMSE : 0.0000
[2025-07-29 17:57:10,787][__main__][INFO] - Step 2600 | valid1 MSE : 0.0044 | valid1 MAE : 0.0531 | valid1 NMSE : 0.0075 | valid1 RMSE : 0.0000
[2025-07-29 17:57:22,216][__main__][INFO] - Step 2700 | valid1 MSE : 0.0046 | valid1 MAE : 0.0542 | valid1 NMSE : 0.0078 | valid1 RMSE : 0.0000
[2025-07-29 17:57:33,307][__main__][INFO] - Step 2800 | valid1 MSE : 0.0037 | valid1 MAE : 0.0485 | valid1 NMSE : 0.0062 | valid1 RMSE : 0.0000
[2025-07-29 17:57:44,794][__main__][INFO] - Step 2900 | valid1 MSE : 0.0044 | valid1 MAE : 0.0532 | valid1 NMSE : 0.0075 | valid1 RMSE : 0.0000
[2025-07-29 17:57:56,288][__main__][INFO] - Step 3000 | valid1 MSE : 0.0042 | valid1 MAE : 0.0518 | valid1 NMSE : 0.0072 | valid1 RMSE : 0.0000
[2025-07-29 17:58:07,769][__main__][INFO] - Step 3100 | valid1 MSE : 0.0040 | valid1 MAE : 0.0502 | valid1 NMSE : 0.0067 | valid1 RMSE : 0.0000
[2025-07-29 17:58:18,882][__main__][INFO] - Step 3200 | valid1 MSE : 0.0046 | valid1 MAE : 0.0541 | valid1 NMSE : 0.0078 | valid1 RMSE : 0.0000
[2025-07-29 17:58:30,376][__main__][INFO] - Step 3300 | valid1 MSE : 0.0040 | valid1 MAE : 0.0505 | valid1 NMSE : 0.0068 | valid1 RMSE : 0.0000
[2025-07-29 17:58:41,698][__main__][INFO] - Step 3400 | valid1 MSE : 0.0043 | valid1 MAE : 0.0521 | valid1 NMSE : 0.0072 | valid1 RMSE : 0.0000
[2025-07-29 17:58:53,012][__main__][INFO] - Step 3500 | valid1 MSE : 0.0040 | valid1 MAE : 0.0504 | valid1 NMSE : 0.0067 | valid1 RMSE : 0.0000
[2025-07-29 17:59:04,141][__main__][INFO] - Step 3600 | valid1 MSE : 0.0042 | valid1 MAE : 0.0515 | valid1 NMSE : 0.0070 | valid1 RMSE : 0.0000
[2025-07-29 17:59:15,644][__main__][INFO] - Step 3700 | valid1 MSE : 0.0038 | valid1 MAE : 0.0494 | valid1 NMSE : 0.0065 | valid1 RMSE : 0.0000
[2025-07-29 17:59:26,881][__main__][INFO] - Step 3800 | valid1 MSE : 0.0040 | valid1 MAE : 0.0503 | valid1 NMSE : 0.0067 | valid1 RMSE : 0.0000
[2025-07-29 17:59:38,239][__main__][INFO] - Step 3900 | valid1 MSE : 0.0048 | valid1 MAE : 0.0552 | valid1 NMSE : 0.0081 | valid1 RMSE : 0.0000
[2025-07-29 17:59:49,482][__main__][INFO] - Step 4000 | valid1 MSE : 0.0040 | valid1 MAE : 0.0507 | valid1 NMSE : 0.0068 | valid1 RMSE : 0.0000
[2025-07-29 18:00:00,959][__main__][INFO] - Step 4100 | valid1 MSE : 0.0041 | valid1 MAE : 0.0514 | valid1 NMSE : 0.0070 | valid1 RMSE : 0.0000
[2025-07-29 18:00:12,291][__main__][INFO] - Step 4200 | valid1 MSE : 0.0036 | valid1 MAE : 0.0482 | valid1 NMSE : 0.0062 | valid1 RMSE : 0.0000
[2025-07-29 18:00:12,291][__main__][INFO] - Training done in 8.140 min
[2025-07-29 18:00:12,291][__main__][INFO] - Average time per step: 0.116 s
[2025-07-29 18:00:12,322][__main__][INFO] - End of training
[2025-07-29 18:00:13,738][__main__][INFO] - Plotted losses
[2025-07-29 18:00:13,738][__main__][INFO] - Computing test metrics
[2025-07-29 18:00:15,086][__main__][INFO] - Evaluation done in 0.022 min
[2025-07-29 18:00:16,915][__main__][INFO] - Evaluation done in 0.018 min
[2025-07-29 18:00:20,735][__main__][INFO] - Saved plots
[2025-07-29 18:00:20,735][__main__][INFO] - Final mIN parameters: {'beta': np.float32(0.00025533477), 'alpha': np.float32(1.1617857)}
[2025-07-29 18:00:20,735][__main__][INFO] - End of script

[2025-07-29 18:00:27,949][__main__][INFO] - =====Running main script=====
[2025-07-29 18:00:27,955][__main__][INFO] - Fetched main configs, save directory : ../outputs/benchmark_min_all/seed_5/min/
[2025-07-29 18:00:27,956][__main__][INFO] - Model PatchTST, normalization mIN, criterion MSE, kwargs {}
[2025-07-29 18:00:28,023][__main__][INFO] - Fetched dataloaders
[2025-07-29 18:00:28,027][__main__][INFO] - Training data shape : ((140, 1, 1000), (140, 1, 1000))
[2025-07-29 18:00:28,027][__main__][INFO] - Batch sizes : X=torch.Size([10, 1, 100]), c=torch.Size([10, 1, 120]), y=torch.Size([10, 1, 20])
[2025-07-29 18:00:31,100][__main__][INFO] - batch_size=10, learning_rate=0.0001, steps per epoch=14, epochs=300
[2025-07-29 18:00:31,100][__main__][INFO] - Starting training...
[2025-07-29 18:00:31,100][__main__][INFO] - Using device: cuda
[2025-07-29 18:00:31,100][__main__][INFO] - Training 300 epochs of 14 batches (4200 steps): , eval_freq: 100, print_freq: 100
[2025-07-29 18:00:42,327][__main__][INFO] - Step 1 | valid1 MSE : 0.8403 | valid1 MAE : 0.7358 | valid1 NMSE : 1.4185 | valid1 RMSE : 0.0009
[2025-07-29 18:00:53,502][__main__][INFO] - Step 100 | valid1 MSE : 0.0070 | valid1 MAE : 0.0667 | valid1 NMSE : 0.0119 | valid1 RMSE : 0.0000
[2025-07-29 18:01:04,645][__main__][INFO] - Step 200 | valid1 MSE : 0.0060 | valid1 MAE : 0.0622 | valid1 NMSE : 0.0102 | valid1 RMSE : 0.0000
[2025-07-29 18:01:16,139][__main__][INFO] - Step 300 | valid1 MSE : 0.0053 | valid1 MAE : 0.0579 | valid1 NMSE : 0.0090 | valid1 RMSE : 0.0000
[2025-07-29 18:01:27,509][__main__][INFO] - Step 400 | valid1 MSE : 0.0047 | valid1 MAE : 0.0546 | valid1 NMSE : 0.0079 | valid1 RMSE : 0.0000
[2025-07-29 18:01:38,696][__main__][INFO] - Step 500 | valid1 MSE : 0.0045 | valid1 MAE : 0.0532 | valid1 NMSE : 0.0076 | valid1 RMSE : 0.0000
[2025-07-29 18:01:49,865][__main__][INFO] - Step 600 | valid1 MSE : 0.0056 | valid1 MAE : 0.0596 | valid1 NMSE : 0.0095 | valid1 RMSE : 0.0000
[2025-07-29 18:02:01,184][__main__][INFO] - Step 700 | valid1 MSE : 0.0051 | valid1 MAE : 0.0571 | valid1 NMSE : 0.0086 | valid1 RMSE : 0.0000
[2025-07-29 18:02:12,330][__main__][INFO] - Step 800 | valid1 MSE : 0.0047 | valid1 MAE : 0.0549 | valid1 NMSE : 0.0080 | valid1 RMSE : 0.0000
[2025-07-29 18:02:23,418][__main__][INFO] - Step 900 | valid1 MSE : 0.0044 | valid1 MAE : 0.0527 | valid1 NMSE : 0.0074 | valid1 RMSE : 0.0000
[2025-07-29 18:02:34,628][__main__][INFO] - Step 1000 | valid1 MSE : 0.0048 | valid1 MAE : 0.0552 | valid1 NMSE : 0.0081 | valid1 RMSE : 0.0000
[2025-07-29 18:02:45,888][__main__][INFO] - Step 1100 | valid1 MSE : 0.0047 | valid1 MAE : 0.0550 | valid1 NMSE : 0.0080 | valid1 RMSE : 0.0000
[2025-07-29 18:02:56,895][__main__][INFO] - Step 1200 | valid1 MSE : 0.0045 | valid1 MAE : 0.0537 | valid1 NMSE : 0.0077 | valid1 RMSE : 0.0000
[2025-07-29 18:03:08,004][__main__][INFO] - Step 1300 | valid1 MSE : 0.0048 | valid1 MAE : 0.0553 | valid1 NMSE : 0.0082 | valid1 RMSE : 0.0000
[2025-07-29 18:03:19,084][__main__][INFO] - Step 1400 | valid1 MSE : 0.0047 | valid1 MAE : 0.0550 | valid1 NMSE : 0.0080 | valid1 RMSE : 0.0000
[2025-07-29 18:03:30,392][__main__][INFO] - Step 1500 | valid1 MSE : 0.0047 | valid1 MAE : 0.0545 | valid1 NMSE : 0.0079 | valid1 RMSE : 0.0000
[2025-07-29 18:03:41,647][__main__][INFO] - Step 1600 | valid1 MSE : 0.0046 | valid1 MAE : 0.0543 | valid1 NMSE : 0.0079 | valid1 RMSE : 0.0000
[2025-07-29 18:03:52,769][__main__][INFO] - Step 1700 | valid1 MSE : 0.0044 | valid1 MAE : 0.0532 | valid1 NMSE : 0.0075 | valid1 RMSE : 0.0000
[2025-07-29 18:04:03,778][__main__][INFO] - Step 1800 | valid1 MSE : 0.0047 | valid1 MAE : 0.0548 | valid1 NMSE : 0.0080 | valid1 RMSE : 0.0000
[2025-07-29 18:04:14,922][__main__][INFO] - Step 1900 | valid1 MSE : 0.0047 | valid1 MAE : 0.0548 | valid1 NMSE : 0.0079 | valid1 RMSE : 0.0000
[2025-07-29 18:04:26,242][__main__][INFO] - Step 2000 | valid1 MSE : 0.0047 | valid1 MAE : 0.0546 | valid1 NMSE : 0.0079 | valid1 RMSE : 0.0000
[2025-07-29 18:04:37,473][__main__][INFO] - Step 2100 | valid1 MSE : 0.0050 | valid1 MAE : 0.0564 | valid1 NMSE : 0.0084 | valid1 RMSE : 0.0000
[2025-07-29 18:04:48,618][__main__][INFO] - Step 2200 | valid1 MSE : 0.0043 | valid1 MAE : 0.0522 | valid1 NMSE : 0.0073 | valid1 RMSE : 0.0000
[2025-07-29 18:04:59,717][__main__][INFO] - Step 2300 | valid1 MSE : 0.0041 | valid1 MAE : 0.0514 | valid1 NMSE : 0.0070 | valid1 RMSE : 0.0000
[2025-07-29 18:05:11,077][__main__][INFO] - Step 2400 | valid1 MSE : 0.0044 | valid1 MAE : 0.0527 | valid1 NMSE : 0.0074 | valid1 RMSE : 0.0000
[2025-07-29 18:05:22,228][__main__][INFO] - Step 2500 | valid1 MSE : 0.0044 | valid1 MAE : 0.0529 | valid1 NMSE : 0.0074 | valid1 RMSE : 0.0000
[2025-07-29 18:05:33,509][__main__][INFO] - Step 2600 | valid1 MSE : 0.0044 | valid1 MAE : 0.0529 | valid1 NMSE : 0.0075 | valid1 RMSE : 0.0000
[2025-07-29 18:05:44,654][__main__][INFO] - Step 2700 | valid1 MSE : 0.0046 | valid1 MAE : 0.0543 | valid1 NMSE : 0.0078 | valid1 RMSE : 0.0000
[2025-07-29 18:05:56,182][__main__][INFO] - Step 2800 | valid1 MSE : 0.0037 | valid1 MAE : 0.0485 | valid1 NMSE : 0.0062 | valid1 RMSE : 0.0000
[2025-07-29 18:06:07,370][__main__][INFO] - Step 2900 | valid1 MSE : 0.0044 | valid1 MAE : 0.0529 | valid1 NMSE : 0.0074 | valid1 RMSE : 0.0000
[2025-07-29 18:06:18,573][__main__][INFO] - Step 3000 | valid1 MSE : 0.0042 | valid1 MAE : 0.0517 | valid1 NMSE : 0.0071 | valid1 RMSE : 0.0000
[2025-07-29 18:06:29,597][__main__][INFO] - Step 3100 | valid1 MSE : 0.0040 | valid1 MAE : 0.0502 | valid1 NMSE : 0.0067 | valid1 RMSE : 0.0000
[2025-07-29 18:06:40,922][__main__][INFO] - Step 3200 | valid1 MSE : 0.0045 | valid1 MAE : 0.0533 | valid1 NMSE : 0.0076 | valid1 RMSE : 0.0000
[2025-07-29 18:06:52,082][__main__][INFO] - Step 3300 | valid1 MSE : 0.0040 | valid1 MAE : 0.0505 | valid1 NMSE : 0.0068 | valid1 RMSE : 0.0000
[2025-07-29 18:07:03,353][__main__][INFO] - Step 3400 | valid1 MSE : 0.0042 | valid1 MAE : 0.0518 | valid1 NMSE : 0.0072 | valid1 RMSE : 0.0000
[2025-07-29 18:07:14,440][__main__][INFO] - Step 3500 | valid1 MSE : 0.0040 | valid1 MAE : 0.0505 | valid1 NMSE : 0.0067 | valid1 RMSE : 0.0000
[2025-07-29 18:07:25,796][__main__][INFO] - Step 3600 | valid1 MSE : 0.0042 | valid1 MAE : 0.0515 | valid1 NMSE : 0.0070 | valid1 RMSE : 0.0000
[2025-07-29 18:07:37,010][__main__][INFO] - Step 3700 | valid1 MSE : 0.0037 | valid1 MAE : 0.0486 | valid1 NMSE : 0.0063 | valid1 RMSE : 0.0000
[2025-07-29 18:07:48,144][__main__][INFO] - Step 3800 | valid1 MSE : 0.0039 | valid1 MAE : 0.0499 | valid1 NMSE : 0.0066 | valid1 RMSE : 0.0000
[2025-07-29 18:07:59,145][__main__][INFO] - Step 3900 | valid1 MSE : 0.0047 | valid1 MAE : 0.0546 | valid1 NMSE : 0.0079 | valid1 RMSE : 0.0000
[2025-07-29 18:08:10,483][__main__][INFO] - Step 4000 | valid1 MSE : 0.0040 | valid1 MAE : 0.0507 | valid1 NMSE : 0.0068 | valid1 RMSE : 0.0000
[2025-07-29 18:08:21,641][__main__][INFO] - Step 4100 | valid1 MSE : 0.0041 | valid1 MAE : 0.0512 | valid1 NMSE : 0.0069 | valid1 RMSE : 0.0000
[2025-07-29 18:08:32,750][__main__][INFO] - Step 4200 | valid1 MSE : 0.0036 | valid1 MAE : 0.0479 | valid1 NMSE : 0.0061 | valid1 RMSE : 0.0000
[2025-07-29 18:08:32,750][__main__][INFO] - Training done in 8.027 min
[2025-07-29 18:08:32,750][__main__][INFO] - Average time per step: 0.115 s
[2025-07-29 18:08:32,780][__main__][INFO] - End of training
[2025-07-29 18:08:34,184][__main__][INFO] - Plotted losses
[2025-07-29 18:08:34,184][__main__][INFO] - Computing test metrics
[2025-07-29 18:08:35,506][__main__][INFO] - Evaluation done in 0.022 min
[2025-07-29 18:08:37,322][__main__][INFO] - Evaluation done in 0.017 min
[2025-07-29 18:08:41,131][__main__][INFO] - Saved plots
[2025-07-29 18:08:41,131][__main__][INFO] - Final mIN parameters: {'beta': np.float32(-0.0004677819), 'alpha': np.float32(0.82650274)}
[2025-07-29 18:08:41,131][__main__][INFO] - End of script

[2025-07-29 18:08:48,225][__main__][INFO] - =====Running main script=====
[2025-07-29 18:08:48,232][__main__][INFO] - Fetched main configs, save directory : ../outputs/benchmark_min_all/seed_5/cmin_default/
[2025-07-29 18:08:48,232][__main__][INFO] - Model PatchTST, normalization cmIN, criterion MSE, kwargs {}
[2025-07-29 18:08:48,299][__main__][INFO] - Fetched dataloaders
[2025-07-29 18:08:48,304][__main__][INFO] - Training data shape : ((140, 1, 1000), (140, 1, 1000))
[2025-07-29 18:08:48,304][__main__][INFO] - Batch sizes : X=torch.Size([10, 1, 100]), c=torch.Size([10, 1, 120]), y=torch.Size([10, 1, 20])
[2025-07-29 18:08:51,092][__main__][INFO] - batch_size=10, learning_rate=0.0001, steps per epoch=14, epochs=300
[2025-07-29 18:08:51,092][__main__][INFO] - Starting training...
[2025-07-29 18:08:51,092][__main__][INFO] - Using device: cuda
[2025-07-29 18:08:51,092][__main__][INFO] - Training 300 epochs of 14 batches (4200 steps): , eval_freq: 100, print_freq: 100
[2025-07-29 18:09:07,281][__main__][INFO] - Step 1 | valid1 MSE : 0.8402 | valid1 MAE : 0.7358 | valid1 NMSE : 1.4183 | valid1 RMSE : 0.0009
[2025-07-29 18:09:23,753][__main__][INFO] - Step 100 | valid1 MSE : 0.0070 | valid1 MAE : 0.0667 | valid1 NMSE : 0.0119 | valid1 RMSE : 0.0000
[2025-07-29 18:09:40,344][__main__][INFO] - Step 200 | valid1 MSE : 0.0060 | valid1 MAE : 0.0623 | valid1 NMSE : 0.0102 | valid1 RMSE : 0.0000
[2025-07-29 18:09:57,119][__main__][INFO] - Step 300 | valid1 MSE : 0.0053 | valid1 MAE : 0.0580 | valid1 NMSE : 0.0090 | valid1 RMSE : 0.0000
[2025-07-29 18:10:13,664][__main__][INFO] - Step 400 | valid1 MSE : 0.0047 | valid1 MAE : 0.0547 | valid1 NMSE : 0.0080 | valid1 RMSE : 0.0000
[2025-07-29 18:10:30,241][__main__][INFO] - Step 500 | valid1 MSE : 0.0045 | valid1 MAE : 0.0532 | valid1 NMSE : 0.0076 | valid1 RMSE : 0.0000
[2025-07-29 18:10:46,738][__main__][INFO] - Step 600 | valid1 MSE : 0.0056 | valid1 MAE : 0.0597 | valid1 NMSE : 0.0095 | valid1 RMSE : 0.0000
[2025-07-29 18:11:03,422][__main__][INFO] - Step 700 | valid1 MSE : 0.0051 | valid1 MAE : 0.0571 | valid1 NMSE : 0.0086 | valid1 RMSE : 0.0000
[2025-07-29 18:11:20,094][__main__][INFO] - Step 800 | valid1 MSE : 0.0047 | valid1 MAE : 0.0549 | valid1 NMSE : 0.0080 | valid1 RMSE : 0.0000
[2025-07-29 18:11:36,608][__main__][INFO] - Step 900 | valid1 MSE : 0.0044 | valid1 MAE : 0.0527 | valid1 NMSE : 0.0074 | valid1 RMSE : 0.0000
[2025-07-29 18:11:53,238][__main__][INFO] - Step 1000 | valid1 MSE : 0.0048 | valid1 MAE : 0.0552 | valid1 NMSE : 0.0081 | valid1 RMSE : 0.0000
[2025-07-29 18:12:09,911][__main__][INFO] - Step 1100 | valid1 MSE : 0.0047 | valid1 MAE : 0.0551 | valid1 NMSE : 0.0080 | valid1 RMSE : 0.0000
[2025-07-29 18:12:26,526][__main__][INFO] - Step 1200 | valid1 MSE : 0.0045 | valid1 MAE : 0.0538 | valid1 NMSE : 0.0077 | valid1 RMSE : 0.0000
[2025-07-29 18:12:43,142][__main__][INFO] - Step 1300 | valid1 MSE : 0.0049 | valid1 MAE : 0.0553 | valid1 NMSE : 0.0082 | valid1 RMSE : 0.0000
[2025-07-29 18:12:59,617][__main__][INFO] - Step 1400 | valid1 MSE : 0.0047 | valid1 MAE : 0.0550 | valid1 NMSE : 0.0080 | valid1 RMSE : 0.0000
[2025-07-29 18:13:16,131][__main__][INFO] - Step 1500 | valid1 MSE : 0.0047 | valid1 MAE : 0.0546 | valid1 NMSE : 0.0079 | valid1 RMSE : 0.0000
[2025-07-29 18:13:32,883][__main__][INFO] - Step 1600 | valid1 MSE : 0.0046 | valid1 MAE : 0.0543 | valid1 NMSE : 0.0079 | valid1 RMSE : 0.0000
[2025-07-29 18:13:49,394][__main__][INFO] - Step 1700 | valid1 MSE : 0.0044 | valid1 MAE : 0.0533 | valid1 NMSE : 0.0075 | valid1 RMSE : 0.0000
[2025-07-29 18:14:06,035][__main__][INFO] - Step 1800 | valid1 MSE : 0.0047 | valid1 MAE : 0.0549 | valid1 NMSE : 0.0080 | valid1 RMSE : 0.0000
[2025-07-29 18:14:22,690][__main__][INFO] - Step 1900 | valid1 MSE : 0.0047 | valid1 MAE : 0.0549 | valid1 NMSE : 0.0080 | valid1 RMSE : 0.0000
[2025-07-29 18:14:39,173][__main__][INFO] - Step 2000 | valid1 MSE : 0.0047 | valid1 MAE : 0.0549 | valid1 NMSE : 0.0080 | valid1 RMSE : 0.0000
[2025-07-29 18:14:56,041][__main__][INFO] - Step 2100 | valid1 MSE : 0.0050 | valid1 MAE : 0.0565 | valid1 NMSE : 0.0084 | valid1 RMSE : 0.0000
[2025-07-29 18:15:12,512][__main__][INFO] - Step 2200 | valid1 MSE : 0.0044 | valid1 MAE : 0.0525 | valid1 NMSE : 0.0074 | valid1 RMSE : 0.0000
[2025-07-29 18:15:29,085][__main__][INFO] - Step 2300 | valid1 MSE : 0.0042 | valid1 MAE : 0.0517 | valid1 NMSE : 0.0071 | valid1 RMSE : 0.0000
[2025-07-29 18:15:45,664][__main__][INFO] - Step 2400 | valid1 MSE : 0.0044 | valid1 MAE : 0.0529 | valid1 NMSE : 0.0075 | valid1 RMSE : 0.0000
[2025-07-29 18:16:02,158][__main__][INFO] - Step 2500 | valid1 MSE : 0.0044 | valid1 MAE : 0.0532 | valid1 NMSE : 0.0075 | valid1 RMSE : 0.0000
[2025-07-29 18:16:18,631][__main__][INFO] - Step 2600 | valid1 MSE : 0.0044 | valid1 MAE : 0.0531 | valid1 NMSE : 0.0075 | valid1 RMSE : 0.0000
[2025-07-29 18:16:35,200][__main__][INFO] - Step 2700 | valid1 MSE : 0.0046 | valid1 MAE : 0.0542 | valid1 NMSE : 0.0078 | valid1 RMSE : 0.0000
[2025-07-29 18:16:52,031][__main__][INFO] - Step 2800 | valid1 MSE : 0.0037 | valid1 MAE : 0.0484 | valid1 NMSE : 0.0062 | valid1 RMSE : 0.0000
[2025-07-29 18:17:08,593][__main__][INFO] - Step 2900 | valid1 MSE : 0.0045 | valid1 MAE : 0.0533 | valid1 NMSE : 0.0076 | valid1 RMSE : 0.0000
[2025-07-29 18:17:25,270][__main__][INFO] - Step 3000 | valid1 MSE : 0.0042 | valid1 MAE : 0.0518 | valid1 NMSE : 0.0072 | valid1 RMSE : 0.0000
[2025-07-29 18:17:41,860][__main__][INFO] - Step 3100 | valid1 MSE : 0.0040 | valid1 MAE : 0.0503 | valid1 NMSE : 0.0068 | valid1 RMSE : 0.0000
[2025-07-29 18:17:58,541][__main__][INFO] - Step 3200 | valid1 MSE : 0.0046 | valid1 MAE : 0.0539 | valid1 NMSE : 0.0078 | valid1 RMSE : 0.0000
[2025-07-29 18:18:15,184][__main__][INFO] - Step 3300 | valid1 MSE : 0.0040 | valid1 MAE : 0.0507 | valid1 NMSE : 0.0068 | valid1 RMSE : 0.0000
[2025-07-29 18:18:31,832][__main__][INFO] - Step 3400 | valid1 MSE : 0.0043 | valid1 MAE : 0.0521 | valid1 NMSE : 0.0072 | valid1 RMSE : 0.0000
[2025-07-29 18:18:48,544][__main__][INFO] - Step 3500 | valid1 MSE : 0.0040 | valid1 MAE : 0.0504 | valid1 NMSE : 0.0068 | valid1 RMSE : 0.0000
[2025-07-29 18:19:05,081][__main__][INFO] - Step 3600 | valid1 MSE : 0.0042 | valid1 MAE : 0.0516 | valid1 NMSE : 0.0070 | valid1 RMSE : 0.0000
[2025-07-29 18:19:21,672][__main__][INFO] - Step 3700 | valid1 MSE : 0.0038 | valid1 MAE : 0.0492 | valid1 NMSE : 0.0064 | valid1 RMSE : 0.0000
[2025-07-29 18:19:38,532][__main__][INFO] - Step 3800 | valid1 MSE : 0.0040 | valid1 MAE : 0.0504 | valid1 NMSE : 0.0067 | valid1 RMSE : 0.0000
[2025-07-29 18:19:55,200][__main__][INFO] - Step 3900 | valid1 MSE : 0.0047 | valid1 MAE : 0.0549 | valid1 NMSE : 0.0080 | valid1 RMSE : 0.0000
[2025-07-29 18:20:11,781][__main__][INFO] - Step 4000 | valid1 MSE : 0.0040 | valid1 MAE : 0.0507 | valid1 NMSE : 0.0068 | valid1 RMSE : 0.0000
[2025-07-29 18:20:28,552][__main__][INFO] - Step 4100 | valid1 MSE : 0.0041 | valid1 MAE : 0.0514 | valid1 NMSE : 0.0070 | valid1 RMSE : 0.0000
[2025-07-29 18:20:45,124][__main__][INFO] - Step 4200 | valid1 MSE : 0.0036 | valid1 MAE : 0.0480 | valid1 NMSE : 0.0061 | valid1 RMSE : 0.0000
[2025-07-29 18:20:45,124][__main__][INFO] - Training done in 11.901 min
[2025-07-29 18:20:45,125][__main__][INFO] - Average time per step: 0.170 s
[2025-07-29 18:20:45,153][__main__][INFO] - End of training
[2025-07-29 18:20:46,371][__main__][INFO] - Plotted losses
[2025-07-29 18:20:46,371][__main__][INFO] - Computing test metrics
[2025-07-29 18:20:49,102][__main__][INFO] - Evaluation done in 0.046 min
[2025-07-29 18:20:51,701][__main__][INFO] - Evaluation done in 0.030 min
[2025-07-29 18:20:55,545][__main__][INFO] - Saved plots
[2025-07-29 18:20:55,546][__main__][INFO] - End of script

[2025-07-29 18:21:03,372][__main__][INFO] - =====Running main script=====
[2025-07-29 18:21:03,379][__main__][INFO] - Fetched main configs, save directory : ../outputs/benchmark_min_all/seed_5/cmin_init/
[2025-07-29 18:21:03,379][__main__][INFO] - Model PatchTST, normalization cmIN, criterion MSE, kwargs {}
[2025-07-29 18:21:03,440][__main__][INFO] - Fetched dataloaders
[2025-07-29 18:21:03,444][__main__][INFO] - Training data shape : ((140, 1, 1000), (140, 1, 1000))
[2025-07-29 18:21:03,445][__main__][INFO] - Batch sizes : X=torch.Size([10, 1, 100]), c=torch.Size([10, 1, 120]), y=torch.Size([10, 1, 20])
[2025-07-29 18:21:06,485][__main__][INFO] - batch_size=10, learning_rate=0.0001, steps per epoch=14, epochs=300
[2025-07-29 18:21:06,485][__main__][INFO] - Starting training...
[2025-07-29 18:21:06,485][__main__][INFO] - Using device: cuda
[2025-07-29 18:21:06,485][__main__][INFO] - Training 300 epochs of 14 batches (4200 steps): , eval_freq: 100, print_freq: 100
[2025-07-29 18:21:22,711][__main__][INFO] - Step 1 | valid1 MSE : 0.4605 | valid1 MAE : 0.5925 | valid1 NMSE : 0.7778 | valid1 RMSE : 0.0005
[2025-07-29 18:21:39,470][__main__][INFO] - Step 100 | valid1 MSE : 0.0063 | valid1 MAE : 0.0633 | valid1 NMSE : 0.0107 | valid1 RMSE : 0.0000
[2025-07-29 18:21:56,129][__main__][INFO] - Step 200 | valid1 MSE : 0.0056 | valid1 MAE : 0.0600 | valid1 NMSE : 0.0095 | valid1 RMSE : 0.0000
[2025-07-29 18:22:12,998][__main__][INFO] - Step 300 | valid1 MSE : 0.0050 | valid1 MAE : 0.0563 | valid1 NMSE : 0.0084 | valid1 RMSE : 0.0000
[2025-07-29 18:22:29,597][__main__][INFO] - Step 400 | valid1 MSE : 0.0046 | valid1 MAE : 0.0543 | valid1 NMSE : 0.0078 | valid1 RMSE : 0.0000
[2025-07-29 18:22:46,348][__main__][INFO] - Step 500 | valid1 MSE : 0.0046 | valid1 MAE : 0.0539 | valid1 NMSE : 0.0078 | valid1 RMSE : 0.0000
[2025-07-29 18:23:03,054][__main__][INFO] - Step 600 | valid1 MSE : 0.0048 | valid1 MAE : 0.0554 | valid1 NMSE : 0.0082 | valid1 RMSE : 0.0000
[2025-07-29 18:23:19,665][__main__][INFO] - Step 700 | valid1 MSE : 0.0048 | valid1 MAE : 0.0555 | valid1 NMSE : 0.0081 | valid1 RMSE : 0.0000
[2025-07-29 18:23:36,400][__main__][INFO] - Step 800 | valid1 MSE : 0.0043 | valid1 MAE : 0.0524 | valid1 NMSE : 0.0073 | valid1 RMSE : 0.0000
[2025-07-29 18:23:52,950][__main__][INFO] - Step 900 | valid1 MSE : 0.0040 | valid1 MAE : 0.0498 | valid1 NMSE : 0.0067 | valid1 RMSE : 0.0000
[2025-07-29 18:24:09,686][__main__][INFO] - Step 1000 | valid1 MSE : 0.0043 | valid1 MAE : 0.0522 | valid1 NMSE : 0.0072 | valid1 RMSE : 0.0000
[2025-07-29 18:24:26,300][__main__][INFO] - Step 1100 | valid1 MSE : 0.0039 | valid1 MAE : 0.0496 | valid1 NMSE : 0.0065 | valid1 RMSE : 0.0000
[2025-07-29 18:24:42,882][__main__][INFO] - Step 1200 | valid1 MSE : 0.0043 | valid1 MAE : 0.0521 | valid1 NMSE : 0.0072 | valid1 RMSE : 0.0000
[2025-07-29 18:24:59,707][__main__][INFO] - Step 1300 | valid1 MSE : 0.0042 | valid1 MAE : 0.0521 | valid1 NMSE : 0.0072 | valid1 RMSE : 0.0000
[2025-07-29 18:25:16,370][__main__][INFO] - Step 1400 | valid1 MSE : 0.0041 | valid1 MAE : 0.0514 | valid1 NMSE : 0.0070 | valid1 RMSE : 0.0000
[2025-07-29 18:25:33,083][__main__][INFO] - Step 1500 | valid1 MSE : 0.0041 | valid1 MAE : 0.0512 | valid1 NMSE : 0.0070 | valid1 RMSE : 0.0000
[2025-07-29 18:25:49,784][__main__][INFO] - Step 1600 | valid1 MSE : 0.0039 | valid1 MAE : 0.0497 | valid1 NMSE : 0.0066 | valid1 RMSE : 0.0000
[2025-07-29 18:26:06,299][__main__][INFO] - Step 1700 | valid1 MSE : 0.0039 | valid1 MAE : 0.0496 | valid1 NMSE : 0.0065 | valid1 RMSE : 0.0000
[2025-07-29 18:26:22,878][__main__][INFO] - Step 1800 | valid1 MSE : 0.0042 | valid1 MAE : 0.0517 | valid1 NMSE : 0.0071 | valid1 RMSE : 0.0000
[2025-07-29 18:26:39,513][__main__][INFO] - Step 1900 | valid1 MSE : 0.0040 | valid1 MAE : 0.0505 | valid1 NMSE : 0.0067 | valid1 RMSE : 0.0000
[2025-07-29 18:26:56,189][__main__][INFO] - Step 2000 | valid1 MSE : 0.0041 | valid1 MAE : 0.0512 | valid1 NMSE : 0.0069 | valid1 RMSE : 0.0000
[2025-07-29 18:27:12,957][__main__][INFO] - Step 2100 | valid1 MSE : 0.0042 | valid1 MAE : 0.0516 | valid1 NMSE : 0.0071 | valid1 RMSE : 0.0000
[2025-07-29 18:27:29,456][__main__][INFO] - Step 2200 | valid1 MSE : 0.0040 | valid1 MAE : 0.0505 | valid1 NMSE : 0.0068 | valid1 RMSE : 0.0000
[2025-07-29 18:27:46,029][__main__][INFO] - Step 2300 | valid1 MSE : 0.0038 | valid1 MAE : 0.0490 | valid1 NMSE : 0.0064 | valid1 RMSE : 0.0000
[2025-07-29 18:28:02,784][__main__][INFO] - Step 2400 | valid1 MSE : 0.0039 | valid1 MAE : 0.0498 | valid1 NMSE : 0.0066 | valid1 RMSE : 0.0000
[2025-07-29 18:28:19,501][__main__][INFO] - Step 2500 | valid1 MSE : 0.0042 | valid1 MAE : 0.0519 | valid1 NMSE : 0.0071 | valid1 RMSE : 0.0000
[2025-07-29 18:28:36,102][__main__][INFO] - Step 2600 | valid1 MSE : 0.0039 | valid1 MAE : 0.0501 | valid1 NMSE : 0.0067 | valid1 RMSE : 0.0000
[2025-07-29 18:28:52,760][__main__][INFO] - Step 2700 | valid1 MSE : 0.0036 | valid1 MAE : 0.0476 | valid1 NMSE : 0.0060 | valid1 RMSE : 0.0000
[2025-07-29 18:29:09,525][__main__][INFO] - Step 2800 | valid1 MSE : 0.0031 | valid1 MAE : 0.0441 | valid1 NMSE : 0.0052 | valid1 RMSE : 0.0000
[2025-07-29 18:29:26,165][__main__][INFO] - Step 2900 | valid1 MSE : 0.0041 | valid1 MAE : 0.0511 | valid1 NMSE : 0.0069 | valid1 RMSE : 0.0000
[2025-07-29 18:29:42,714][__main__][INFO] - Step 3000 | valid1 MSE : 0.0035 | valid1 MAE : 0.0473 | valid1 NMSE : 0.0059 | valid1 RMSE : 0.0000
[2025-07-29 18:29:59,318][__main__][INFO] - Step 3100 | valid1 MSE : 0.0037 | valid1 MAE : 0.0486 | valid1 NMSE : 0.0063 | valid1 RMSE : 0.0000
[2025-07-29 18:30:15,989][__main__][INFO] - Step 3200 | valid1 MSE : 0.0042 | valid1 MAE : 0.0522 | valid1 NMSE : 0.0072 | valid1 RMSE : 0.0000
[2025-07-29 18:30:32,520][__main__][INFO] - Step 3300 | valid1 MSE : 0.0038 | valid1 MAE : 0.0490 | valid1 NMSE : 0.0064 | valid1 RMSE : 0.0000
[2025-07-29 18:30:49,409][__main__][INFO] - Step 3400 | valid1 MSE : 0.0040 | valid1 MAE : 0.0504 | valid1 NMSE : 0.0068 | valid1 RMSE : 0.0000
[2025-07-29 18:31:06,232][__main__][INFO] - Step 3500 | valid1 MSE : 0.0034 | valid1 MAE : 0.0462 | valid1 NMSE : 0.0057 | valid1 RMSE : 0.0000
[2025-07-29 18:31:23,119][__main__][INFO] - Step 3600 | valid1 MSE : 0.0035 | valid1 MAE : 0.0472 | valid1 NMSE : 0.0059 | valid1 RMSE : 0.0000
[2025-07-29 18:31:40,072][__main__][INFO] - Step 3700 | valid1 MSE : 0.0036 | valid1 MAE : 0.0477 | valid1 NMSE : 0.0061 | valid1 RMSE : 0.0000
[2025-07-29 18:31:57,341][__main__][INFO] - Step 3800 | valid1 MSE : 0.0040 | valid1 MAE : 0.0501 | valid1 NMSE : 0.0067 | valid1 RMSE : 0.0000
[2025-07-29 18:32:14,486][__main__][INFO] - Step 3900 | valid1 MSE : 0.0038 | valid1 MAE : 0.0493 | valid1 NMSE : 0.0064 | valid1 RMSE : 0.0000
[2025-07-29 18:32:31,570][__main__][INFO] - Step 4000 | valid1 MSE : 0.0035 | valid1 MAE : 0.0474 | valid1 NMSE : 0.0059 | valid1 RMSE : 0.0000
[2025-07-29 18:32:48,705][__main__][INFO] - Step 4100 | valid1 MSE : 0.0035 | valid1 MAE : 0.0476 | valid1 NMSE : 0.0060 | valid1 RMSE : 0.0000
[2025-07-29 18:33:05,757][__main__][INFO] - Step 4200 | valid1 MSE : 0.0034 | valid1 MAE : 0.0466 | valid1 NMSE : 0.0058 | valid1 RMSE : 0.0000
[2025-07-29 18:33:05,758][__main__][INFO] - Training done in 11.988 min
[2025-07-29 18:33:05,758][__main__][INFO] - Average time per step: 0.171 s
[2025-07-29 18:33:05,789][__main__][INFO] - End of training
[2025-07-29 18:33:07,034][__main__][INFO] - Plotted losses
[2025-07-29 18:33:07,034][__main__][INFO] - Computing test metrics
[2025-07-29 18:33:10,032][__main__][INFO] - Evaluation done in 0.050 min
[2025-07-29 18:33:12,374][__main__][INFO] - Evaluation done in 0.026 min
[2025-07-29 18:33:16,214][__main__][INFO] - Saved plots
[2025-07-29 18:33:16,214][__main__][INFO] - End of script

[2025-07-29 18:33:24,668][__main__][INFO] - =====Running main script=====
[2025-07-29 18:33:24,675][__main__][INFO] - Fetched main configs, save directory : ../outputs/benchmark_min_all/seed_5/cmin_init_gamma/
[2025-07-29 18:33:24,675][__main__][INFO] - Model PatchTST, normalization cmIN, criterion MSE, kwargs {}
[2025-07-29 18:33:24,737][__main__][INFO] - Fetched dataloaders
[2025-07-29 18:33:24,741][__main__][INFO] - Training data shape : ((140, 1, 1000), (140, 1, 1000))
[2025-07-29 18:33:24,742][__main__][INFO] - Batch sizes : X=torch.Size([10, 1, 100]), c=torch.Size([10, 1, 120]), y=torch.Size([10, 1, 20])
[2025-07-29 18:33:28,179][__main__][INFO] - batch_size=10, learning_rate=0.0001, steps per epoch=14, epochs=300
[2025-07-29 18:33:28,179][__main__][INFO] - Starting training...
[2025-07-29 18:33:28,179][__main__][INFO] - Using device: cuda
[2025-07-29 18:33:28,179][__main__][INFO] - Training 300 epochs of 14 batches (4200 steps): , eval_freq: 100, print_freq: 100
[2025-07-29 18:33:45,139][__main__][INFO] - Step 1 | valid1 MSE : 0.4605 | valid1 MAE : 0.5925 | valid1 NMSE : 0.7778 | valid1 RMSE : 0.0005
[2025-07-29 18:34:02,576][__main__][INFO] - Step 100 | valid1 MSE : 0.0062 | valid1 MAE : 0.0630 | valid1 NMSE : 0.0106 | valid1 RMSE : 0.0000
[2025-07-29 18:34:19,918][__main__][INFO] - Step 200 | valid1 MSE : 0.0055 | valid1 MAE : 0.0595 | valid1 NMSE : 0.0094 | valid1 RMSE : 0.0000
[2025-07-29 18:34:37,237][__main__][INFO] - Step 300 | valid1 MSE : 0.0049 | valid1 MAE : 0.0556 | valid1 NMSE : 0.0082 | valid1 RMSE : 0.0000
[2025-07-29 18:34:54,311][__main__][INFO] - Step 400 | valid1 MSE : 0.0045 | valid1 MAE : 0.0536 | valid1 NMSE : 0.0076 | valid1 RMSE : 0.0000
[2025-07-29 18:35:11,446][__main__][INFO] - Step 500 | valid1 MSE : 0.0044 | valid1 MAE : 0.0529 | valid1 NMSE : 0.0075 | valid1 RMSE : 0.0000
[2025-07-29 18:35:28,721][__main__][INFO] - Step 600 | valid1 MSE : 0.0047 | valid1 MAE : 0.0547 | valid1 NMSE : 0.0080 | valid1 RMSE : 0.0000
[2025-07-29 18:35:45,978][__main__][INFO] - Step 700 | valid1 MSE : 0.0046 | valid1 MAE : 0.0545 | valid1 NMSE : 0.0078 | valid1 RMSE : 0.0000
[2025-07-29 18:36:03,068][__main__][INFO] - Step 800 | valid1 MSE : 0.0041 | valid1 MAE : 0.0514 | valid1 NMSE : 0.0070 | valid1 RMSE : 0.0000
[2025-07-29 18:36:20,277][__main__][INFO] - Step 900 | valid1 MSE : 0.0039 | valid1 MAE : 0.0493 | valid1 NMSE : 0.0065 | valid1 RMSE : 0.0000
[2025-07-29 18:36:37,493][__main__][INFO] - Step 1000 | valid1 MSE : 0.0042 | valid1 MAE : 0.0514 | valid1 NMSE : 0.0070 | valid1 RMSE : 0.0000
[2025-07-29 18:36:54,821][__main__][INFO] - Step 1100 | valid1 MSE : 0.0038 | valid1 MAE : 0.0490 | valid1 NMSE : 0.0064 | valid1 RMSE : 0.0000
[2025-07-29 18:37:12,119][__main__][INFO] - Step 1200 | valid1 MSE : 0.0041 | valid1 MAE : 0.0508 | valid1 NMSE : 0.0069 | valid1 RMSE : 0.0000
[2025-07-29 18:37:29,212][__main__][INFO] - Step 1300 | valid1 MSE : 0.0041 | valid1 MAE : 0.0512 | valid1 NMSE : 0.0069 | valid1 RMSE : 0.0000
[2025-07-29 18:37:46,316][__main__][INFO] - Step 1400 | valid1 MSE : 0.0040 | valid1 MAE : 0.0505 | valid1 NMSE : 0.0067 | valid1 RMSE : 0.0000
[2025-07-29 18:38:03,472][__main__][INFO] - Step 1500 | valid1 MSE : 0.0040 | valid1 MAE : 0.0507 | valid1 NMSE : 0.0068 | valid1 RMSE : 0.0000
[2025-07-29 18:38:20,577][__main__][INFO] - Step 1600 | valid1 MSE : 0.0038 | valid1 MAE : 0.0490 | valid1 NMSE : 0.0064 | valid1 RMSE : 0.0000
[2025-07-29 18:38:37,734][__main__][INFO] - Step 1700 | valid1 MSE : 0.0037 | valid1 MAE : 0.0487 | valid1 NMSE : 0.0063 | valid1 RMSE : 0.0000
[2025-07-29 18:38:54,962][__main__][INFO] - Step 1800 | valid1 MSE : 0.0041 | valid1 MAE : 0.0509 | valid1 NMSE : 0.0069 | valid1 RMSE : 0.0000
[2025-07-29 18:39:12,305][__main__][INFO] - Step 1900 | valid1 MSE : 0.0038 | valid1 MAE : 0.0494 | valid1 NMSE : 0.0064 | valid1 RMSE : 0.0000
[2025-07-29 18:39:29,425][__main__][INFO] - Step 2000 | valid1 MSE : 0.0039 | valid1 MAE : 0.0500 | valid1 NMSE : 0.0066 | valid1 RMSE : 0.0000
[2025-07-29 18:39:46,526][__main__][INFO] - Step 2100 | valid1 MSE : 0.0040 | valid1 MAE : 0.0506 | valid1 NMSE : 0.0068 | valid1 RMSE : 0.0000
[2025-07-29 18:40:03,589][__main__][INFO] - Step 2200 | valid1 MSE : 0.0038 | valid1 MAE : 0.0492 | valid1 NMSE : 0.0065 | valid1 RMSE : 0.0000
[2025-07-29 18:40:20,671][__main__][INFO] - Step 2300 | valid1 MSE : 0.0036 | valid1 MAE : 0.0477 | valid1 NMSE : 0.0061 | valid1 RMSE : 0.0000
[2025-07-29 18:40:37,719][__main__][INFO] - Step 2400 | valid1 MSE : 0.0038 | valid1 MAE : 0.0489 | valid1 NMSE : 0.0063 | valid1 RMSE : 0.0000
[2025-07-29 18:40:54,892][__main__][INFO] - Step 2500 | valid1 MSE : 0.0039 | valid1 MAE : 0.0501 | valid1 NMSE : 0.0067 | valid1 RMSE : 0.0000
[2025-07-29 18:41:11,649][__main__][INFO] - Step 2600 | valid1 MSE : 0.0038 | valid1 MAE : 0.0491 | valid1 NMSE : 0.0064 | valid1 RMSE : 0.0000
[2025-07-29 18:41:28,489][__main__][INFO] - Step 2700 | valid1 MSE : 0.0035 | valid1 MAE : 0.0473 | valid1 NMSE : 0.0060 | valid1 RMSE : 0.0000
[2025-07-29 18:41:45,216][__main__][INFO] - Step 2800 | valid1 MSE : 0.0030 | valid1 MAE : 0.0439 | valid1 NMSE : 0.0051 | valid1 RMSE : 0.0000
[2025-07-29 18:42:02,315][__main__][INFO] - Step 2900 | valid1 MSE : 0.0038 | valid1 MAE : 0.0495 | valid1 NMSE : 0.0065 | valid1 RMSE : 0.0000
[2025-07-29 18:42:19,157][__main__][INFO] - Step 3000 | valid1 MSE : 0.0035 | valid1 MAE : 0.0473 | valid1 NMSE : 0.0059 | valid1 RMSE : 0.0000
[2025-07-29 18:42:35,969][__main__][INFO] - Step 3100 | valid1 MSE : 0.0036 | valid1 MAE : 0.0476 | valid1 NMSE : 0.0060 | valid1 RMSE : 0.0000
[2025-07-29 18:42:52,495][__main__][INFO] - Step 3200 | valid1 MSE : 0.0040 | valid1 MAE : 0.0507 | valid1 NMSE : 0.0068 | valid1 RMSE : 0.0000
[2025-07-29 18:43:09,043][__main__][INFO] - Step 3300 | valid1 MSE : 0.0036 | valid1 MAE : 0.0481 | valid1 NMSE : 0.0062 | valid1 RMSE : 0.0000
[2025-07-29 18:43:25,582][__main__][INFO] - Step 3400 | valid1 MSE : 0.0039 | valid1 MAE : 0.0495 | valid1 NMSE : 0.0065 | valid1 RMSE : 0.0000
[2025-07-29 18:43:42,163][__main__][INFO] - Step 3500 | valid1 MSE : 0.0033 | valid1 MAE : 0.0455 | valid1 NMSE : 0.0055 | valid1 RMSE : 0.0000
[2025-07-29 18:43:58,723][__main__][INFO] - Step 3600 | valid1 MSE : 0.0034 | valid1 MAE : 0.0466 | valid1 NMSE : 0.0058 | valid1 RMSE : 0.0000
[2025-07-29 18:44:15,209][__main__][INFO] - Step 3700 | valid1 MSE : 0.0034 | valid1 MAE : 0.0464 | valid1 NMSE : 0.0057 | valid1 RMSE : 0.0000
[2025-07-29 18:44:31,769][__main__][INFO] - Step 3800 | valid1 MSE : 0.0038 | valid1 MAE : 0.0492 | valid1 NMSE : 0.0064 | valid1 RMSE : 0.0000
[2025-07-29 18:44:48,498][__main__][INFO] - Step 3900 | valid1 MSE : 0.0038 | valid1 MAE : 0.0490 | valid1 NMSE : 0.0064 | valid1 RMSE : 0.0000
[2025-07-29 18:45:04,935][__main__][INFO] - Step 4000 | valid1 MSE : 0.0035 | valid1 MAE : 0.0470 | valid1 NMSE : 0.0059 | valid1 RMSE : 0.0000
[2025-07-29 18:45:21,588][__main__][INFO] - Step 4100 | valid1 MSE : 0.0035 | valid1 MAE : 0.0469 | valid1 NMSE : 0.0058 | valid1 RMSE : 0.0000
[2025-07-29 18:45:38,271][__main__][INFO] - Step 4200 | valid1 MSE : 0.0033 | valid1 MAE : 0.0460 | valid1 NMSE : 0.0056 | valid1 RMSE : 0.0000
[2025-07-29 18:45:38,271][__main__][INFO] - Training done in 12.168 min
[2025-07-29 18:45:38,272][__main__][INFO] - Average time per step: 0.174 s
[2025-07-29 18:45:38,301][__main__][INFO] - End of training
[2025-07-29 18:45:39,539][__main__][INFO] - Plotted losses
[2025-07-29 18:45:39,539][__main__][INFO] - Computing test metrics
[2025-07-29 18:45:42,269][__main__][INFO] - Evaluation done in 0.045 min
[2025-07-29 18:45:44,769][__main__][INFO] - Evaluation done in 0.029 min
[2025-07-29 18:45:48,866][__main__][INFO] - Saved plots
[2025-07-29 18:45:48,866][__main__][INFO] - End of script

Table of test1_mean_results.json
+-----------------+---------------------+------------------+------------------+------------------+------------------+-------------------+
|                 | PatchTST_instance   | PatchTST_revin   | min              | cmin_default     | cmin_init        | cmin_init_gamma   |
+=================+=====================+==================+==================+==================+==================+===================+
| Test MAE * 1e3  | 1.4065 ± 0.4249     | 0.0000 ± 0.0000  | -0.2211 ± 0.1798 | -0.0996 ± 0.1934 | -2.6662 ± 1.3017 | -3.4355 ± 0.9292  |
+-----------------+---------------------+------------------+------------------+------------------+------------------+-------------------+
| Test MSE * 1e3  | 0.2206 ± 0.0735     | 0.0000 ± 0.0000  | -0.0341 ± 0.0278 | -0.0150 ± 0.0304 | -0.4092 ± 0.1939 | -0.5219 ± 0.1418  |
+-----------------+---------------------+------------------+------------------+------------------+------------------+-------------------+
| Test NMSE * 1e4 | 3.7756 ± 1.2183     | 0.0000 ± 0.0000  | -0.5838 ± 0.4765 | -0.2532 ± 0.5263 | -6.9931 ± 3.3446 | -8.8974 ± 2.4882  |
+-----------------+---------------------+------------------+------------------+------------------+------------------+-------------------+
| Test RMSE * 1e6 | 0.1591 ± 0.0519     | 0.0000 ± 0.0000  | -0.0254 ± 0.0189 | -0.0137 ± 0.0185 | -0.3019 ± 0.1283 | -0.3845 ± 0.0953  |
+-----------------+---------------------+------------------+------------------+------------------+------------------+-------------------+
Table of test2_mean_results.json
+-----------------+---------------------+------------------+------------------+------------------+------------------+-------------------+
|                 | PatchTST_instance   | PatchTST_revin   | min              | cmin_default     | cmin_init        | cmin_init_gamma   |
+=================+=====================+==================+==================+==================+==================+===================+
| Test MAE * 1e3  | 1.4239 ± 0.4346     | 0.0000 ± 0.0000  | -0.2260 ± 0.1782 | -0.1056 ± 0.1947 | -2.6252 ± 1.3354 | -3.4055 ± 0.9579  |
+-----------------+---------------------+------------------+------------------+------------------+------------------+-------------------+
| Test MSE * 1e3  | 0.2213 ± 0.0736     | 0.0000 ± 0.0000  | -0.0346 ± 0.0276 | -0.0160 ± 0.0306 | -0.4058 ± 0.1972 | -0.5189 ± 0.1453  |
+-----------------+---------------------+------------------+------------------+------------------+------------------+-------------------+
| Test NMSE * 1e4 | 3.7865 ± 1.2199     | 0.0000 ± 0.0000  | -0.5931 ± 0.4743 | -0.2687 ± 0.5294 | -6.9343 ± 3.3938 | -8.8453 ± 2.5408  |
+-----------------+---------------------+------------------+------------------+------------------+------------------+-------------------+
| Test RMSE * 1e6 | 0.1529 ± 0.0594     | 0.0000 ± 0.0000  | -0.0242 ± 0.0181 | -0.0130 ± 0.0181 | -0.2798 ± 0.1364 | -0.3585 ± 0.1067  |
+-----------------+---------------------+------------------+------------------+------------------+------------------+-------------------+
