[2025-09-24 16:21:13,270][__main__][INFO] - =====Running train script=====
[2025-09-24 16:21:13,571][__main__][INFO] - Fetched main configs, save directory : ../outputs/full/electricity/seed_1/og_instance_MSE/
[2025-09-24 16:21:13,571][__main__][INFO] - Model PatchTST, norma instance, criterion MSE, kwargs {'last': False, 'latent': True}
[2025-09-24 16:21:14,929][__main__][INFO] - Fetched dataloaders
[2025-09-24 16:21:14,929][__main__][INFO] - Splits shapes:
train	((252, 1, 15782), (252, 1, 15782))
valid1	((252, 1, 5261), (252, 1, 5261))
valid2	((64, 1, 15782), (64, 1, 15782))
valid3	((64, 1, 5261), (64, 1, 5261))
test1	((252, 1, 5261), (252, 1, 5261))
test2	((64, 1, 5261), (64, 1, 5261))
[2025-09-24 16:21:14,929][__main__][INFO] - Batches:
 X=[252, 1, 168]
 c=[252, 1, 192]
 y=[252, 1, 24]
[2025-09-24 16:21:14,934][__main__][INFO] - --Training--
[2025-09-24 16:21:17,025][__main__][INFO] - Starting training pytorch with lr=1e-05
[2025-09-24 16:21:17,026][__main__][INFO] - Using device: cuda
[2025-09-24 16:21:17,026][__main__][INFO] - Training 1200 epochs of 1 batches (1200 steps): , eval_freq: 100, print_freq: 100
[2025-09-24 16:23:01,462][__main__][INFO] - Step 1 | valid1 MSE : 1.0878 | valid1 NMSE : 475805.8602
[2025-09-24 16:24:48,649][__main__][INFO] - Step 100 | valid1 MSE : 1.0211 | valid1 NMSE : 896540.8457
[2025-09-24 16:26:35,464][__main__][INFO] - Step 200 | valid1 MSE : 1.0050 | valid1 NMSE : 779988.8384
[2025-09-24 16:28:21,721][__main__][INFO] - Step 300 | valid1 MSE : 0.9965 | valid1 NMSE : 686367.8911
[2025-09-24 16:30:07,982][__main__][INFO] - Step 400 | valid1 MSE : 0.9906 | valid1 NMSE : 608737.7883
[2025-09-24 16:31:54,397][__main__][INFO] - Step 500 | valid1 MSE : 0.9859 | valid1 NMSE : 540940.9001
[2025-09-24 16:33:40,786][__main__][INFO] - Step 600 | valid1 MSE : 0.9822 | valid1 NMSE : 481428.9389
[2025-09-24 16:35:27,129][__main__][INFO] - Step 700 | valid1 MSE : 0.9788 | valid1 NMSE : 427822.9813
[2025-09-24 16:37:13,123][__main__][INFO] - Step 800 | valid1 MSE : 0.9759 | valid1 NMSE : 381870.6735
[2025-09-24 16:38:59,312][__main__][INFO] - Step 900 | valid1 MSE : 0.9745 | valid1 NMSE : 340717.2026
[2025-09-24 16:40:45,674][__main__][INFO] - Step 1000 | valid1 MSE : 0.9713 | valid1 NMSE : 304596.4211
[2025-09-24 16:42:32,013][__main__][INFO] - Step 1100 | valid1 MSE : 0.9695 | valid1 NMSE : 271311.9747
[2025-09-24 16:44:18,172][__main__][INFO] - Step 1200 | valid1 MSE : 0.9685 | valid1 NMSE : 242824.5769
[2025-09-24 16:44:18,173][__main__][INFO] - Training done in 23.019 min
[2025-09-24 16:44:18,173][__main__][INFO] - Average time per step: 1.151 s
[2025-09-24 16:44:18,779][__main__][INFO] - End of training
[2025-09-24 16:44:18,779][__main__][INFO] - --Eval--
[2025-09-24 16:45:23,903][__main__][INFO] - End of script

[2025-09-24 16:45:30,823][__main__][INFO] - =====Running train script=====
[2025-09-24 16:45:31,194][__main__][INFO] - Fetched main configs, save directory : ../outputs/full/electricity/seed_1/None_MSE/
[2025-09-24 16:45:31,195][__main__][INFO] - Model PatchTST, norma None, criterion MSE, kwargs {}
[2025-09-24 16:45:32,549][__main__][INFO] - Fetched dataloaders
[2025-09-24 16:45:32,549][__main__][INFO] - Splits shapes:
train	((252, 1, 15782), (252, 1, 15782))
valid1	((252, 1, 5261), (252, 1, 5261))
valid2	((64, 1, 15782), (64, 1, 15782))
valid3	((64, 1, 5261), (64, 1, 5261))
test1	((252, 1, 5261), (252, 1, 5261))
test2	((64, 1, 5261), (64, 1, 5261))
[2025-09-24 16:45:32,549][__main__][INFO] - Batches:
 X=[252, 1, 168]
 c=[252, 1, 192]
 y=[252, 1, 24]
[2025-09-24 16:45:32,556][__main__][INFO] - --Training--
[2025-09-24 16:45:34,998][__main__][INFO] - Starting training pytorch with lr=1e-05
[2025-09-24 16:45:34,998][__main__][INFO] - Using device: cuda
[2025-09-24 16:45:34,998][__main__][INFO] - Training 1200 epochs of 1 batches (1200 steps): , eval_freq: 100, print_freq: 100
[2025-09-24 16:47:19,909][__main__][INFO] - Step 1 | valid1 MSE : 0.9836 | valid1 NMSE : 118903.3942
[2025-09-24 16:49:07,482][__main__][INFO] - Step 100 | valid1 MSE : 0.2759 | valid1 NMSE : 21071.8454
[2025-09-24 16:50:55,252][__main__][INFO] - Step 200 | valid1 MSE : 0.1338 | valid1 NMSE : 5380.0189
[2025-09-24 16:52:43,782][__main__][INFO] - Step 300 | valid1 MSE : 0.1022 | valid1 NMSE : 3750.6019
[2025-09-24 16:54:31,413][__main__][INFO] - Step 400 | valid1 MSE : 0.0773 | valid1 NMSE : 3521.0047
[2025-09-24 16:56:18,753][__main__][INFO] - Step 500 | valid1 MSE : 0.0746 | valid1 NMSE : 4295.6546
[2025-09-24 16:58:05,778][__main__][INFO] - Step 600 | valid1 MSE : 0.0533 | valid1 NMSE : 2683.0307
[2025-09-24 16:59:52,407][__main__][INFO] - Step 700 | valid1 MSE : 0.0531 | valid1 NMSE : 3194.1022
[2025-09-24 17:01:39,133][__main__][INFO] - Step 800 | valid1 MSE : 0.0461 | valid1 NMSE : 2164.1528
[2025-09-24 17:03:25,850][__main__][INFO] - Step 900 | valid1 MSE : 0.0442 | valid1 NMSE : 2049.0053
[2025-09-24 17:05:12,397][__main__][INFO] - Step 1000 | valid1 MSE : 0.0394 | valid1 NMSE : 985.2059
[2025-09-24 17:06:59,163][__main__][INFO] - Step 1100 | valid1 MSE : 0.0460 | valid1 NMSE : 3052.5805
[2025-09-24 17:08:45,866][__main__][INFO] - Step 1200 | valid1 MSE : 0.0484 | valid1 NMSE : 3145.8653
[2025-09-24 17:08:45,867][__main__][INFO] - Training done in 23.181 min
[2025-09-24 17:08:45,867][__main__][INFO] - Average time per step: 1.159 s
[2025-09-24 17:08:46,466][__main__][INFO] - End of training
[2025-09-24 17:08:46,466][__main__][INFO] - --Eval--
[2025-09-24 17:09:51,205][__main__][INFO] - End of script

[2025-09-24 17:09:57,788][__main__][INFO] - =====Running train script=====
[2025-09-24 17:09:58,102][__main__][INFO] - Fetched main configs, save directory : ../outputs/full/electricity/seed_1/instance_MSE/
[2025-09-24 17:09:58,102][__main__][INFO] - Model PatchTST, norma instance, criterion MSE, kwargs {'last': False, 'latent': False}
[2025-09-24 17:09:59,409][__main__][INFO] - Fetched dataloaders
[2025-09-24 17:09:59,409][__main__][INFO] - Splits shapes:
train	((252, 1, 15782), (252, 1, 15782))
valid1	((252, 1, 5261), (252, 1, 5261))
valid2	((64, 1, 15782), (64, 1, 15782))
valid3	((64, 1, 5261), (64, 1, 5261))
test1	((252, 1, 5261), (252, 1, 5261))
test2	((64, 1, 5261), (64, 1, 5261))
[2025-09-24 17:09:59,410][__main__][INFO] - Batches:
 X=[252, 1, 168]
 c=[252, 1, 192]
 y=[252, 1, 24]
[2025-09-24 17:09:59,417][__main__][INFO] - --Training--
[2025-09-24 17:10:01,787][__main__][INFO] - Starting training pytorch with lr=1e-05
[2025-09-24 17:10:01,787][__main__][INFO] - Using device: cuda
[2025-09-24 17:10:01,788][__main__][INFO] - Training 1200 epochs of 1 batches (1200 steps): , eval_freq: 100, print_freq: 100
[2025-09-24 17:11:45,697][__main__][INFO] - Step 1 | valid1 MSE : 0.1687 | valid1 NMSE : 1.2603
[2025-09-24 17:13:32,150][__main__][INFO] - Step 100 | valid1 MSE : 0.0746 | valid1 NMSE : 0.9265
[2025-09-24 17:15:18,291][__main__][INFO] - Step 200 | valid1 MSE : 0.0434 | valid1 NMSE : 0.7857
[2025-09-24 17:17:05,016][__main__][INFO] - Step 300 | valid1 MSE : 0.0331 | valid1 NMSE : 0.7247
[2025-09-24 17:18:52,264][__main__][INFO] - Step 400 | valid1 MSE : 0.0290 | valid1 NMSE : 0.6927
[2025-09-24 17:20:39,471][__main__][INFO] - Step 500 | valid1 MSE : 0.0263 | valid1 NMSE : 0.6668
[2025-09-24 17:22:26,461][__main__][INFO] - Step 600 | valid1 MSE : 0.0247 | valid1 NMSE : 0.6470
[2025-09-24 17:24:15,092][__main__][INFO] - Step 700 | valid1 MSE : 0.0233 | valid1 NMSE : 0.6286
[2025-09-24 17:26:06,746][__main__][INFO] - Step 800 | valid1 MSE : 0.0222 | valid1 NMSE : 0.6134
[2025-09-24 17:27:58,298][__main__][INFO] - Step 900 | valid1 MSE : 0.0207 | valid1 NMSE : 0.5983
[2025-09-24 17:29:50,435][__main__][INFO] - Step 1000 | valid1 MSE : 0.0197 | valid1 NMSE : 0.5848
[2025-09-24 17:31:42,330][__main__][INFO] - Step 1100 | valid1 MSE : 0.0191 | valid1 NMSE : 0.5753
[2025-09-24 17:33:34,765][__main__][INFO] - Step 1200 | valid1 MSE : 0.0184 | valid1 NMSE : 0.5656
[2025-09-24 17:33:34,766][__main__][INFO] - Training done in 23.550 min
[2025-09-24 17:33:34,766][__main__][INFO] - Average time per step: 1.177 s
[2025-09-24 17:33:35,406][__main__][INFO] - End of training
[2025-09-24 17:33:35,406][__main__][INFO] - --Eval--
[2025-09-24 17:34:42,882][__main__][INFO] - End of script

[2025-09-24 17:34:49,859][__main__][INFO] - =====Running train script=====
[2025-09-24 17:34:50,215][__main__][INFO] - Fetched main configs, save directory : ../outputs/full/electricity/seed_1/revin_MSE/
[2025-09-24 17:34:50,216][__main__][INFO] - Model PatchTST, norma revin, criterion MSE, kwargs {'latent': False}
[2025-09-24 17:34:51,662][__main__][INFO] - Fetched dataloaders
[2025-09-24 17:34:51,663][__main__][INFO] - Splits shapes:
train	((252, 1, 15782), (252, 1, 15782))
valid1	((252, 1, 5261), (252, 1, 5261))
valid2	((64, 1, 15782), (64, 1, 15782))
valid3	((64, 1, 5261), (64, 1, 5261))
test1	((252, 1, 5261), (252, 1, 5261))
test2	((64, 1, 5261), (64, 1, 5261))
[2025-09-24 17:34:51,663][__main__][INFO] - Batches:
 X=[252, 1, 168]
 c=[252, 1, 192]
 y=[252, 1, 24]
[2025-09-24 17:34:51,670][__main__][INFO] - --Training--
[2025-09-24 17:34:54,165][__main__][INFO] - Starting training pytorch with lr=1e-05
[2025-09-24 17:34:54,165][__main__][INFO] - Using device: cuda
[2025-09-24 17:34:54,165][__main__][INFO] - Training 1200 epochs of 1 batches (1200 steps): , eval_freq: 100, print_freq: 100
[2025-09-24 17:36:41,325][__main__][INFO] - Step 1 | valid1 MSE : 0.1687 | valid1 NMSE : 1.2603
[2025-09-24 17:38:28,210][__main__][INFO] - Step 100 | valid1 MSE : 0.0746 | valid1 NMSE : 0.9265
[2025-09-24 17:40:20,419][__main__][INFO] - Step 200 | valid1 MSE : 0.0434 | valid1 NMSE : 0.7857
[2025-09-24 17:42:13,409][__main__][INFO] - Step 300 | valid1 MSE : 0.0331 | valid1 NMSE : 0.7247
[2025-09-24 17:44:06,091][__main__][INFO] - Step 400 | valid1 MSE : 0.0290 | valid1 NMSE : 0.6927
[2025-09-24 17:45:58,400][__main__][INFO] - Step 500 | valid1 MSE : 0.0263 | valid1 NMSE : 0.6667
[2025-09-24 17:47:51,106][__main__][INFO] - Step 600 | valid1 MSE : 0.0247 | valid1 NMSE : 0.6469
[2025-09-24 17:49:45,189][__main__][INFO] - Step 700 | valid1 MSE : 0.0233 | valid1 NMSE : 0.6285
[2025-09-24 17:51:38,240][__main__][INFO] - Step 800 | valid1 MSE : 0.0222 | valid1 NMSE : 0.6132
[2025-09-24 17:53:31,051][__main__][INFO] - Step 900 | valid1 MSE : 0.0207 | valid1 NMSE : 0.5981
[2025-09-24 17:55:23,030][__main__][INFO] - Step 1000 | valid1 MSE : 0.0197 | valid1 NMSE : 0.5847
[2025-09-24 17:57:15,295][__main__][INFO] - Step 1100 | valid1 MSE : 0.0191 | valid1 NMSE : 0.5752
[2025-09-24 17:59:06,814][__main__][INFO] - Step 1200 | valid1 MSE : 0.0184 | valid1 NMSE : 0.5654
[2025-09-24 17:59:06,815][__main__][INFO] - Training done in 24.211 min
[2025-09-24 17:59:06,815][__main__][INFO] - Average time per step: 1.211 s
[2025-09-24 17:59:07,587][__main__][INFO] - End of training
[2025-09-24 17:59:07,587][__main__][INFO] - --Eval--
[2025-09-24 18:00:15,066][__main__][INFO] - Final modulations: {'beta': np.float32(0.00025817353), 'alpha': np.float32(1.004861)}
[2025-09-24 18:00:15,067][__main__][INFO] - End of script

[2025-09-24 18:00:22,067][__main__][INFO] - =====Running train script=====
[2025-09-24 18:00:22,388][__main__][INFO] - Fetched main configs, save directory : ../outputs/full/electricity/seed_1/og_instance_NMSE/
[2025-09-24 18:00:22,388][__main__][INFO] - Model PatchTST, norma instance, criterion NMSE, kwargs {'last': False, 'latent': True}
[2025-09-24 18:00:23,888][__main__][INFO] - Fetched dataloaders
[2025-09-24 18:00:23,888][__main__][INFO] - Splits shapes:
train	((252, 1, 15782), (252, 1, 15782))
valid1	((252, 1, 5261), (252, 1, 5261))
valid2	((64, 1, 15782), (64, 1, 15782))
valid3	((64, 1, 5261), (64, 1, 5261))
test1	((252, 1, 5261), (252, 1, 5261))
test2	((64, 1, 5261), (64, 1, 5261))
[2025-09-24 18:00:23,888][__main__][INFO] - Batches:
 X=[252, 1, 168]
 c=[252, 1, 192]
 y=[252, 1, 24]
[2025-09-24 18:00:23,896][__main__][INFO] - --Training--
[2025-09-24 18:00:26,318][__main__][INFO] - Starting training pytorch with lr=1e-05
[2025-09-24 18:00:26,319][__main__][INFO] - Using device: cuda
[2025-09-24 18:00:26,319][__main__][INFO] - Training 1200 epochs of 1 batches (1200 steps): , eval_freq: 100, print_freq: 100
[2025-09-24 18:02:14,607][__main__][INFO] - Step 1 | valid1 MSE : 1.0911 | valid1 NMSE : 476593.6160
[2025-09-24 18:04:05,467][__main__][INFO] - Step 100 | valid1 MSE : 1.1509 | valid1 NMSE : 970172.4042
[2025-09-24 18:05:55,094][__main__][INFO] - Step 200 | valid1 MSE : 1.1301 | valid1 NMSE : 907088.3021
[2025-09-24 18:07:44,672][__main__][INFO] - Step 300 | valid1 MSE : 1.1120 | valid1 NMSE : 848844.4726
[2025-09-24 18:09:35,140][__main__][INFO] - Step 400 | valid1 MSE : 1.0957 | valid1 NMSE : 789183.4933
[2025-09-24 18:11:25,223][__main__][INFO] - Step 500 | valid1 MSE : 1.0813 | valid1 NMSE : 733348.7393
[2025-09-24 18:13:15,624][__main__][INFO] - Step 600 | valid1 MSE : 1.0700 | valid1 NMSE : 688780.8607
[2025-09-24 18:15:06,365][__main__][INFO] - Step 700 | valid1 MSE : 1.0608 | valid1 NMSE : 647151.0976
[2025-09-24 18:16:56,941][__main__][INFO] - Step 800 | valid1 MSE : 1.0523 | valid1 NMSE : 611001.8981
[2025-09-24 18:18:47,399][__main__][INFO] - Step 900 | valid1 MSE : 1.0449 | valid1 NMSE : 577012.4040
[2025-09-24 18:20:38,433][__main__][INFO] - Step 1000 | valid1 MSE : 1.0391 | valid1 NMSE : 542384.7411
[2025-09-24 18:22:29,212][__main__][INFO] - Step 1100 | valid1 MSE : 1.0332 | valid1 NMSE : 507271.7270
[2025-09-24 18:24:19,327][__main__][INFO] - Step 1200 | valid1 MSE : 1.0271 | valid1 NMSE : 473439.8202
[2025-09-24 18:24:19,328][__main__][INFO] - Training done in 23.883 min
[2025-09-24 18:24:19,328][__main__][INFO] - Average time per step: 1.194 s
[2025-09-24 18:24:19,987][__main__][INFO] - End of training
[2025-09-24 18:24:19,987][__main__][INFO] - --Eval--
[2025-09-24 18:25:28,058][__main__][INFO] - End of script

[2025-09-24 18:25:35,118][__main__][INFO] - =====Running train script=====
[2025-09-24 18:25:35,427][__main__][INFO] - Fetched main configs, save directory : ../outputs/full/electricity/seed_1/None_NMSE/
[2025-09-24 18:25:35,427][__main__][INFO] - Model PatchTST, norma None, criterion NMSE, kwargs {}
[2025-09-24 18:25:36,931][__main__][INFO] - Fetched dataloaders
[2025-09-24 18:25:36,931][__main__][INFO] - Splits shapes:
train	((252, 1, 15782), (252, 1, 15782))
valid1	((252, 1, 5261), (252, 1, 5261))
valid2	((64, 1, 15782), (64, 1, 15782))
valid3	((64, 1, 5261), (64, 1, 5261))
test1	((252, 1, 5261), (252, 1, 5261))
test2	((64, 1, 5261), (64, 1, 5261))
[2025-09-24 18:25:36,931][__main__][INFO] - Batches:
 X=[252, 1, 168]
 c=[252, 1, 192]
 y=[252, 1, 24]
[2025-09-24 18:25:36,939][__main__][INFO] - --Training--
[2025-09-24 18:25:39,265][__main__][INFO] - Starting training pytorch with lr=1e-05
[2025-09-24 18:25:39,266][__main__][INFO] - Using device: cuda
[2025-09-24 18:25:39,266][__main__][INFO] - Training 1200 epochs of 1 batches (1200 steps): , eval_freq: 100, print_freq: 100
[2025-09-24 18:27:27,155][__main__][INFO] - Step 1 | valid1 MSE : 0.9869 | valid1 NMSE : 119346.1891
[2025-09-24 18:29:17,628][__main__][INFO] - Step 100 | valid1 MSE : 0.4215 | valid1 NMSE : 30986.7936
[2025-09-24 18:31:07,636][__main__][INFO] - Step 200 | valid1 MSE : 0.2762 | valid1 NMSE : 10259.2499
[2025-09-24 18:32:58,453][__main__][INFO] - Step 300 | valid1 MSE : 0.2419 | valid1 NMSE : 5774.5342
[2025-09-24 18:34:49,562][__main__][INFO] - Step 400 | valid1 MSE : 0.2292 | valid1 NMSE : 5225.9711
[2025-09-24 18:36:40,574][__main__][INFO] - Step 500 | valid1 MSE : 0.2259 | valid1 NMSE : 4658.1608
[2025-09-24 18:38:31,452][__main__][INFO] - Step 600 | valid1 MSE : 0.2154 | valid1 NMSE : 3671.7405
[2025-09-24 18:40:21,820][__main__][INFO] - Step 700 | valid1 MSE : 0.2174 | valid1 NMSE : 4282.2834
[2025-09-24 18:42:11,269][__main__][INFO] - Step 800 | valid1 MSE : 0.1995 | valid1 NMSE : 2192.8726
[2025-09-24 18:44:00,728][__main__][INFO] - Step 900 | valid1 MSE : 0.1981 | valid1 NMSE : 2991.0780
[2025-09-24 18:45:50,569][__main__][INFO] - Step 1000 | valid1 MSE : 0.2060 | valid1 NMSE : 3683.2809
[2025-09-24 18:47:39,795][__main__][INFO] - Step 1100 | valid1 MSE : 0.1951 | valid1 NMSE : 2830.8704
[2025-09-24 18:49:28,368][__main__][INFO] - Step 1200 | valid1 MSE : 0.2088 | valid1 NMSE : 4832.8820
[2025-09-24 18:49:28,369][__main__][INFO] - Training done in 23.818 min
[2025-09-24 18:49:28,369][__main__][INFO] - Average time per step: 1.191 s
[2025-09-24 18:49:28,998][__main__][INFO] - End of training
[2025-09-24 18:49:28,998][__main__][INFO] - --Eval--
[2025-09-24 18:50:35,097][__main__][INFO] - End of script

[2025-09-24 18:50:41,816][__main__][INFO] - =====Running train script=====
[2025-09-24 18:50:42,182][__main__][INFO] - Fetched main configs, save directory : ../outputs/full/electricity/seed_1/instance_NMSE/
[2025-09-24 18:50:42,182][__main__][INFO] - Model PatchTST, norma instance, criterion NMSE, kwargs {'last': False, 'latent': False}
[2025-09-24 18:50:43,586][__main__][INFO] - Fetched dataloaders
[2025-09-24 18:50:43,586][__main__][INFO] - Splits shapes:
train	((252, 1, 15782), (252, 1, 15782))
valid1	((252, 1, 5261), (252, 1, 5261))
valid2	((64, 1, 15782), (64, 1, 15782))
valid3	((64, 1, 5261), (64, 1, 5261))
test1	((252, 1, 5261), (252, 1, 5261))
test2	((64, 1, 5261), (64, 1, 5261))
[2025-09-24 18:50:43,586][__main__][INFO] - Batches:
 X=[252, 1, 168]
 c=[252, 1, 192]
 y=[252, 1, 24]
[2025-09-24 18:50:43,591][__main__][INFO] - --Training--
[2025-09-24 18:50:46,022][__main__][INFO] - Starting training pytorch with lr=1e-05
[2025-09-24 18:50:46,023][__main__][INFO] - Using device: cuda
[2025-09-24 18:50:46,023][__main__][INFO] - Training 1200 epochs of 1 batches (1200 steps): , eval_freq: 100, print_freq: 100
[2025-09-24 18:52:33,194][__main__][INFO] - Step 1 | valid1 MSE : 0.1670 | valid1 NMSE : 1.2531
[2025-09-24 18:54:22,965][__main__][INFO] - Step 100 | valid1 MSE : 0.0249 | valid1 NMSE : 0.5960
[2025-09-24 18:56:12,728][__main__][INFO] - Step 200 | valid1 MSE : 0.0163 | valid1 NMSE : 0.4981
[2025-09-24 18:58:02,614][__main__][INFO] - Step 300 | valid1 MSE : 0.0143 | valid1 NMSE : 0.4678
[2025-09-24 18:59:52,979][__main__][INFO] - Step 400 | valid1 MSE : 0.0132 | valid1 NMSE : 0.4511
[2025-09-24 19:01:43,419][__main__][INFO] - Step 500 | valid1 MSE : 0.0126 | valid1 NMSE : 0.4397
[2025-09-24 19:03:35,080][__main__][INFO] - Step 600 | valid1 MSE : 0.0121 | valid1 NMSE : 0.4310
[2025-09-24 19:05:26,560][__main__][INFO] - Step 700 | valid1 MSE : 0.0117 | valid1 NMSE : 0.4242
[2025-09-24 19:07:17,691][__main__][INFO] - Step 800 | valid1 MSE : 0.0114 | valid1 NMSE : 0.4189
[2025-09-24 19:09:09,211][__main__][INFO] - Step 900 | valid1 MSE : 0.0112 | valid1 NMSE : 0.4146
[2025-09-24 19:11:00,402][__main__][INFO] - Step 1000 | valid1 MSE : 0.0111 | valid1 NMSE : 0.4110
[2025-09-24 19:12:51,382][__main__][INFO] - Step 1100 | valid1 MSE : 0.0109 | valid1 NMSE : 0.4082
[2025-09-24 19:14:42,176][__main__][INFO] - Step 1200 | valid1 MSE : 0.0108 | valid1 NMSE : 0.4055
[2025-09-24 19:14:42,177][__main__][INFO] - Training done in 23.936 min
[2025-09-24 19:14:42,177][__main__][INFO] - Average time per step: 1.197 s
[2025-09-24 19:14:42,759][__main__][INFO] - End of training
[2025-09-24 19:14:42,759][__main__][INFO] - --Eval--
[2025-09-24 19:15:50,708][__main__][INFO] - End of script

[2025-09-24 19:15:57,653][__main__][INFO] - =====Running train script=====
[2025-09-24 19:15:57,994][__main__][INFO] - Fetched main configs, save directory : ../outputs/full/electricity/seed_1/revin_NMSE/
[2025-09-24 19:15:57,994][__main__][INFO] - Model PatchTST, norma revin, criterion NMSE, kwargs {'latent': False}
[2025-09-24 19:15:59,480][__main__][INFO] - Fetched dataloaders
[2025-09-24 19:15:59,481][__main__][INFO] - Splits shapes:
train	((252, 1, 15782), (252, 1, 15782))
valid1	((252, 1, 5261), (252, 1, 5261))
valid2	((64, 1, 15782), (64, 1, 15782))
valid3	((64, 1, 5261), (64, 1, 5261))
test1	((252, 1, 5261), (252, 1, 5261))
test2	((64, 1, 5261), (64, 1, 5261))
[2025-09-24 19:15:59,481][__main__][INFO] - Batches:
 X=[252, 1, 168]
 c=[252, 1, 192]
 y=[252, 1, 24]
[2025-09-24 19:15:59,486][__main__][INFO] - --Training--
[2025-09-24 19:16:01,888][__main__][INFO] - Starting training pytorch with lr=1e-05
[2025-09-24 19:16:01,888][__main__][INFO] - Using device: cuda
[2025-09-24 19:16:01,888][__main__][INFO] - Training 1200 epochs of 1 batches (1200 steps): , eval_freq: 100, print_freq: 100
[2025-09-24 19:17:50,069][__main__][INFO] - Step 1 | valid1 MSE : 0.1670 | valid1 NMSE : 1.2531
[2025-09-24 19:19:41,650][__main__][INFO] - Step 100 | valid1 MSE : 0.0249 | valid1 NMSE : 0.5961
[2025-09-24 19:21:32,892][__main__][INFO] - Step 200 | valid1 MSE : 0.0163 | valid1 NMSE : 0.4981
[2025-09-24 19:23:24,164][__main__][INFO] - Step 300 | valid1 MSE : 0.0143 | valid1 NMSE : 0.4677
[2025-09-24 19:25:15,649][__main__][INFO] - Step 400 | valid1 MSE : 0.0132 | valid1 NMSE : 0.4511
[2025-09-24 19:27:07,514][__main__][INFO] - Step 500 | valid1 MSE : 0.0126 | valid1 NMSE : 0.4396
[2025-09-24 19:28:58,531][__main__][INFO] - Step 600 | valid1 MSE : 0.0121 | valid1 NMSE : 0.4310
[2025-09-24 19:30:50,154][__main__][INFO] - Step 700 | valid1 MSE : 0.0117 | valid1 NMSE : 0.4242
[2025-09-24 19:32:41,943][__main__][INFO] - Step 800 | valid1 MSE : 0.0114 | valid1 NMSE : 0.4190
[2025-09-24 19:34:33,487][__main__][INFO] - Step 900 | valid1 MSE : 0.0112 | valid1 NMSE : 0.4147
[2025-09-24 19:36:24,778][__main__][INFO] - Step 1000 | valid1 MSE : 0.0111 | valid1 NMSE : 0.4110
[2025-09-24 19:38:17,306][__main__][INFO] - Step 1100 | valid1 MSE : 0.0109 | valid1 NMSE : 0.4083
[2025-09-24 19:40:09,828][__main__][INFO] - Step 1200 | valid1 MSE : 0.0108 | valid1 NMSE : 0.4056
[2025-09-24 19:40:09,829][__main__][INFO] - Training done in 24.132 min
[2025-09-24 19:40:09,829][__main__][INFO] - Average time per step: 1.207 s
[2025-09-24 19:40:10,566][__main__][INFO] - End of training
[2025-09-24 19:40:10,566][__main__][INFO] - --Eval--
[2025-09-24 19:41:18,664][__main__][INFO] - Final modulations: {'beta': np.float32(-0.0008864044), 'alpha': np.float32(1.009595)}
[2025-09-24 19:41:18,665][__main__][INFO] - End of script

[2025-09-24 19:41:25,562][__main__][INFO] - =====Running train script=====
[2025-09-24 19:41:25,885][__main__][INFO] - Fetched main configs, save directory : ../outputs/full/electricity/seed_1/flexrevin_NMSE/
[2025-09-24 19:41:25,886][__main__][INFO] - Model PatchTST, norma flexrevin, criterion NMSE, kwargs {'latent': False, 'start': True}
[2025-09-24 19:41:27,350][__main__][INFO] - Fetched dataloaders
[2025-09-24 19:41:27,350][__main__][INFO] - Splits shapes:
train	((252, 1, 15782), (252, 1, 15782))
valid1	((252, 1, 5261), (252, 1, 5261))
valid2	((64, 1, 15782), (64, 1, 15782))
valid3	((64, 1, 5261), (64, 1, 5261))
test1	((252, 1, 5261), (252, 1, 5261))
test2	((64, 1, 5261), (64, 1, 5261))
[2025-09-24 19:41:27,350][__main__][INFO] - Batches:
 X=[252, 1, 168]
 c=[252, 1, 192]
 y=[252, 1, 24]
[2025-09-24 19:41:27,355][__main__][INFO] - --Training--
[2025-09-24 19:41:29,696][__main__][INFO] - Starting training pytorch with lr=1e-05
[2025-09-24 19:41:29,696][__main__][INFO] - Using device: cuda
[2025-09-24 19:41:29,696][__main__][INFO] - Training 1200 epochs of 1 batches (1200 steps): , eval_freq: 100, print_freq: 100
[2025-09-24 19:43:18,519][__main__][INFO] - Step 1 | valid1 MSE : 0.1670 | valid1 NMSE : 1.2544
[2025-09-24 19:45:10,240][__main__][INFO] - Step 100 | valid1 MSE : 0.0249 | valid1 NMSE : 0.5968
[2025-09-24 19:47:01,930][__main__][INFO] - Step 200 | valid1 MSE : 0.0163 | valid1 NMSE : 0.4981
[2025-09-24 19:48:54,203][__main__][INFO] - Step 300 | valid1 MSE : 0.0143 | valid1 NMSE : 0.4680
[2025-09-24 19:50:45,645][__main__][INFO] - Step 400 | valid1 MSE : 0.0132 | valid1 NMSE : 0.4595
[2025-09-24 19:52:36,171][__main__][INFO] - Step 500 | valid1 MSE : 0.0125 | valid1 NMSE : 0.4397
[2025-09-24 19:54:26,667][__main__][INFO] - Step 600 | valid1 MSE : 0.0120 | valid1 NMSE : 0.4310
[2025-09-24 19:56:19,789][__main__][INFO] - Step 700 | valid1 MSE : 0.0117 | valid1 NMSE : 0.4242
[2025-09-24 19:58:23,293][__main__][INFO] - Step 800 | valid1 MSE : 0.0113 | valid1 NMSE : 0.4192
[2025-09-24 20:00:26,420][__main__][INFO] - Step 900 | valid1 MSE : 0.0111 | valid1 NMSE : 0.4147
[2025-09-24 20:02:29,886][__main__][INFO] - Step 1000 | valid1 MSE : 0.0110 | valid1 NMSE : 0.4113
[2025-09-24 20:04:33,372][__main__][INFO] - Step 1100 | valid1 MSE : 0.0108 | valid1 NMSE : 0.4084
[2025-09-24 20:06:37,458][__main__][INFO] - Step 1200 | valid1 MSE : 0.0107 | valid1 NMSE : 0.4061
[2025-09-24 20:06:37,462][__main__][INFO] - Training done in 25.129 min
[2025-09-24 20:06:37,463][__main__][INFO] - Average time per step: 1.256 s
[2025-09-24 20:06:38,242][__main__][INFO] - End of training
[2025-09-24 20:06:38,243][__main__][INFO] - --Eval--
[2025-09-24 20:07:53,150][__main__][INFO] - Final modulations: {'beta': np.float32(-8.888728e-06), 'alpha': np.float32(0.99999213)}
[2025-09-24 20:07:53,151][__main__][INFO] - End of script

[2025-09-24 20:08:00,390][__main__][INFO] - =====Running train script=====
[2025-09-24 20:08:00,729][__main__][INFO] - Fetched main configs, save directory : ../outputs/full/electricity/seed_1/min_init/
[2025-09-24 20:08:00,729][__main__][INFO] - Model PatchTST, norma mIN, criterion NMSE, kwargs {'latent': False, 'init_beta': True, 'fixed_beta': False, 'init_alpha': True, 'fixed_alpha': False, 'use_gamma': False, 'inverse_gamma': False}
[2025-09-24 20:08:02,385][__main__][INFO] - Fetched dataloaders
[2025-09-24 20:08:02,386][__main__][INFO] - Splits shapes:
train	((252, 1, 15782), (252, 1, 15782))
valid1	((252, 1, 5261), (252, 1, 5261))
valid2	((64, 1, 15782), (64, 1, 15782))
valid3	((64, 1, 5261), (64, 1, 5261))
test1	((252, 1, 5261), (252, 1, 5261))
test2	((64, 1, 5261), (64, 1, 5261))
[2025-09-24 20:08:02,386][__main__][INFO] - Batches:
 X=[252, 1, 168]
 c=[252, 1, 192]
 y=[252, 1, 24]
[2025-09-24 20:08:02,395][__main__][INFO] - --Training--
[2025-09-24 20:08:04,850][__main__][INFO] - Starting training pytorch with lr=1e-05
[2025-09-24 20:08:04,850][__main__][INFO] - Using device: cuda
[2025-09-24 20:08:04,850][__main__][INFO] - Training 1200 epochs of 1 batches (1200 steps): , eval_freq: 100, print_freq: 100
[2025-09-24 20:10:06,472][__main__][INFO] - Step 1 | valid1 MSE : 0.1666 | valid1 NMSE : 1.2487
[2025-09-24 20:12:12,621][__main__][INFO] - Step 100 | valid1 MSE : 0.0252 | valid1 NMSE : 0.5972
[2025-09-24 20:14:18,831][__main__][INFO] - Step 200 | valid1 MSE : 0.0163 | valid1 NMSE : 0.4978
[2025-09-24 20:16:25,012][__main__][INFO] - Step 300 | valid1 MSE : 0.0143 | valid1 NMSE : 0.4673
[2025-09-24 20:18:30,203][__main__][INFO] - Step 400 | valid1 MSE : 0.0132 | valid1 NMSE : 0.4507
[2025-09-24 20:20:35,154][__main__][INFO] - Step 500 | valid1 MSE : 0.0125 | valid1 NMSE : 0.4394
[2025-09-24 20:22:40,065][__main__][INFO] - Step 600 | valid1 MSE : 0.0121 | valid1 NMSE : 0.4308
[2025-09-24 20:24:45,218][__main__][INFO] - Step 700 | valid1 MSE : 0.0117 | valid1 NMSE : 0.4242
[2025-09-24 20:26:49,403][__main__][INFO] - Step 800 | valid1 MSE : 0.0114 | valid1 NMSE : 0.4189
[2025-09-24 20:28:53,643][__main__][INFO] - Step 900 | valid1 MSE : 0.0112 | valid1 NMSE : 0.4147
[2025-09-24 20:30:57,632][__main__][INFO] - Step 1000 | valid1 MSE : 0.0111 | valid1 NMSE : 0.4110
[2025-09-24 20:33:01,677][__main__][INFO] - Step 1100 | valid1 MSE : 0.0109 | valid1 NMSE : 0.4083
[2025-09-24 20:35:06,554][__main__][INFO] - Step 1200 | valid1 MSE : 0.0108 | valid1 NMSE : 0.4056
[2025-09-24 20:35:06,555][__main__][INFO] - Training done in 27.028 min
[2025-09-24 20:35:06,555][__main__][INFO] - Average time per step: 1.351 s
[2025-09-24 20:35:07,333][__main__][INFO] - End of training
[2025-09-24 20:35:07,334][__main__][INFO] - --Eval--
[2025-09-24 20:36:22,559][__main__][INFO] - Final modulations: {'beta': np.float32(0.0057387655), 'alpha': np.float32(0.96058834)}
[2025-09-24 20:36:22,559][__main__][INFO] - End of script

[2025-09-24 20:36:29,774][__main__][INFO] - =====Running train script=====
[2025-09-24 20:36:30,130][__main__][INFO] - Fetched main configs, save directory : ../outputs/full/electricity/seed_1/min_revin/
[2025-09-24 20:36:30,130][__main__][INFO] - Model PatchTST, norma mIN, criterion NMSE, kwargs {'latent': False, 'init_beta': False, 'fixed_beta': False, 'init_alpha': False, 'fixed_alpha': False, 'use_gamma': True, 'inverse_gamma': True}
[2025-09-24 20:36:31,718][__main__][INFO] - Fetched dataloaders
[2025-09-24 20:36:31,718][__main__][INFO] - Splits shapes:
train	((252, 1, 15782), (252, 1, 15782))
valid1	((252, 1, 5261), (252, 1, 5261))
valid2	((64, 1, 15782), (64, 1, 15782))
valid3	((64, 1, 5261), (64, 1, 5261))
test1	((252, 1, 5261), (252, 1, 5261))
test2	((64, 1, 5261), (64, 1, 5261))
[2025-09-24 20:36:31,718][__main__][INFO] - Batches:
 X=[252, 1, 168]
 c=[252, 1, 192]
 y=[252, 1, 24]
[2025-09-24 20:36:31,726][__main__][INFO] - --Training--
[2025-09-24 20:36:34,120][__main__][INFO] - Starting training pytorch with lr=1e-05
[2025-09-24 20:36:34,120][__main__][INFO] - Using device: cuda
[2025-09-24 20:36:34,120][__main__][INFO] - Training 1200 epochs of 1 batches (1200 steps): , eval_freq: 100, print_freq: 100
[2025-09-24 20:38:34,413][__main__][INFO] - Step 1 | valid1 MSE : 0.1670 | valid1 NMSE : 1.2531
[2025-09-24 20:40:37,753][__main__][INFO] - Step 100 | valid1 MSE : 0.0249 | valid1 NMSE : 0.5961
[2025-09-24 20:42:41,414][__main__][INFO] - Step 200 | valid1 MSE : 0.0163 | valid1 NMSE : 0.4981
[2025-09-24 20:44:44,800][__main__][INFO] - Step 300 | valid1 MSE : 0.0143 | valid1 NMSE : 0.4677
[2025-09-24 20:46:48,324][__main__][INFO] - Step 400 | valid1 MSE : 0.0132 | valid1 NMSE : 0.4511
[2025-09-24 20:48:52,233][__main__][INFO] - Step 500 | valid1 MSE : 0.0126 | valid1 NMSE : 0.4396
[2025-09-24 20:50:58,008][__main__][INFO] - Step 600 | valid1 MSE : 0.0121 | valid1 NMSE : 0.4310
[2025-09-24 20:53:02,745][__main__][INFO] - Step 700 | valid1 MSE : 0.0117 | valid1 NMSE : 0.4243
[2025-09-24 20:55:07,383][__main__][INFO] - Step 800 | valid1 MSE : 0.0114 | valid1 NMSE : 0.4190
[2025-09-24 20:57:12,619][__main__][INFO] - Step 900 | valid1 MSE : 0.0112 | valid1 NMSE : 0.4147
[2025-09-24 20:59:16,185][__main__][INFO] - Step 1000 | valid1 MSE : 0.0111 | valid1 NMSE : 0.4111
[2025-09-24 21:01:20,177][__main__][INFO] - Step 1100 | valid1 MSE : 0.0109 | valid1 NMSE : 0.4083
[2025-09-24 21:03:25,159][__main__][INFO] - Step 1200 | valid1 MSE : 0.0108 | valid1 NMSE : 0.4056
[2025-09-24 21:03:25,160][__main__][INFO] - Training done in 26.851 min
[2025-09-24 21:03:25,160][__main__][INFO] - Average time per step: 1.343 s
[2025-09-24 21:03:25,963][__main__][INFO] - End of training
[2025-09-24 21:03:25,963][__main__][INFO] - --Eval--
[2025-09-24 21:04:42,646][__main__][INFO] - Final modulations: {'beta': np.float32(0.0008405913), 'alpha': np.float32(0.990497)}
[2025-09-24 21:04:42,646][__main__][INFO] - End of script

[2025-09-24 21:04:57,990][__main__][INFO] - =====Running train script=====
[2025-09-24 21:04:58,354][__main__][INFO] - Fetched main configs, save directory : ../outputs/full/electricity/seed_2/og_instance_MSE/
[2025-09-24 21:04:58,354][__main__][INFO] - Model PatchTST, norma instance, criterion MSE, kwargs {'last': False, 'latent': True}
[2025-09-24 21:04:59,964][__main__][INFO] - Fetched dataloaders
[2025-09-24 21:04:59,964][__main__][INFO] - Splits shapes:
train	((252, 1, 15782), (252, 1, 15782))
valid1	((252, 1, 5261), (252, 1, 5261))
valid2	((64, 1, 15782), (64, 1, 15782))
valid3	((64, 1, 5261), (64, 1, 5261))
test1	((252, 1, 5261), (252, 1, 5261))
test2	((64, 1, 5261), (64, 1, 5261))
[2025-09-24 21:04:59,964][__main__][INFO] - Batches:
 X=[252, 1, 168]
 c=[252, 1, 192]
 y=[252, 1, 24]
[2025-09-24 21:04:59,973][__main__][INFO] - --Training--
[2025-09-24 21:05:02,412][__main__][INFO] - Starting training pytorch with lr=1e-05
[2025-09-24 21:05:02,413][__main__][INFO] - Using device: cuda
[2025-09-24 21:05:02,413][__main__][INFO] - Training 1200 epochs of 1 batches (1200 steps): , eval_freq: 100, print_freq: 100
[2025-09-24 21:07:03,606][__main__][INFO] - Step 1 | valid1 MSE : 1.0846 | valid1 NMSE : 527669.3156
[2025-09-24 21:09:06,731][__main__][INFO] - Step 100 | valid1 MSE : 1.0246 | valid1 NMSE : 1034013.0463
[2025-09-24 21:11:10,677][__main__][INFO] - Step 200 | valid1 MSE : 1.0083 | valid1 NMSE : 897928.1842
[2025-09-24 21:13:13,376][__main__][INFO] - Step 300 | valid1 MSE : 0.9994 | valid1 NMSE : 787183.0984
[2025-09-24 21:15:16,038][__main__][INFO] - Step 400 | valid1 MSE : 0.9933 | valid1 NMSE : 691622.1968
[2025-09-24 21:17:18,840][__main__][INFO] - Step 500 | valid1 MSE : 0.9881 | valid1 NMSE : 612889.9103
[2025-09-24 21:19:21,395][__main__][INFO] - Step 600 | valid1 MSE : 0.9844 | valid1 NMSE : 544638.1912
[2025-09-24 21:21:24,710][__main__][INFO] - Step 700 | valid1 MSE : 0.9811 | valid1 NMSE : 484810.9035
[2025-09-24 21:23:28,069][__main__][INFO] - Step 800 | valid1 MSE : 0.9780 | valid1 NMSE : 430817.5466
[2025-09-24 21:25:31,275][__main__][INFO] - Step 900 | valid1 MSE : 0.9751 | valid1 NMSE : 383181.0913
[2025-09-24 21:27:33,688][__main__][INFO] - Step 1000 | valid1 MSE : 0.9736 | valid1 NMSE : 340720.5680
[2025-09-24 21:29:39,039][__main__][INFO] - Step 1100 | valid1 MSE : 0.9704 | valid1 NMSE : 302904.9062
[2025-09-24 21:31:46,075][__main__][INFO] - Step 1200 | valid1 MSE : 0.9688 | valid1 NMSE : 268892.6111
[2025-09-24 21:31:46,076][__main__][INFO] - Training done in 26.728 min
[2025-09-24 21:31:46,076][__main__][INFO] - Average time per step: 1.336 s
[2025-09-24 21:31:46,740][__main__][INFO] - End of training
[2025-09-24 21:31:46,740][__main__][INFO] - --Eval--
[2025-09-24 21:33:02,653][__main__][INFO] - End of script

[2025-09-24 21:33:10,297][__main__][INFO] - =====Running train script=====
[2025-09-24 21:33:10,687][__main__][INFO] - Fetched main configs, save directory : ../outputs/full/electricity/seed_2/None_MSE/
[2025-09-24 21:33:10,687][__main__][INFO] - Model PatchTST, norma None, criterion MSE, kwargs {}
[2025-09-24 21:33:12,405][__main__][INFO] - Fetched dataloaders
[2025-09-24 21:33:12,405][__main__][INFO] - Splits shapes:
train	((252, 1, 15782), (252, 1, 15782))
valid1	((252, 1, 5261), (252, 1, 5261))
valid2	((64, 1, 15782), (64, 1, 15782))
valid3	((64, 1, 5261), (64, 1, 5261))
test1	((252, 1, 5261), (252, 1, 5261))
test2	((64, 1, 5261), (64, 1, 5261))
[2025-09-24 21:33:12,405][__main__][INFO] - Batches:
 X=[252, 1, 168]
 c=[252, 1, 192]
 y=[252, 1, 24]
[2025-09-24 21:33:12,414][__main__][INFO] - --Training--
[2025-09-24 21:33:14,966][__main__][INFO] - Starting training pytorch with lr=1e-05
[2025-09-24 21:33:14,966][__main__][INFO] - Using device: cuda
[2025-09-24 21:33:14,966][__main__][INFO] - Training 1200 epochs of 1 batches (1200 steps): , eval_freq: 100, print_freq: 100
[2025-09-24 21:35:16,475][__main__][INFO] - Step 1 | valid1 MSE : 1.3425 | valid1 NMSE : 213155.6627
[2025-09-24 21:37:19,829][__main__][INFO] - Step 100 | valid1 MSE : 0.3859 | valid1 NMSE : 37117.8728
[2025-09-24 21:39:24,145][__main__][INFO] - Step 200 | valid1 MSE : 0.1698 | valid1 NMSE : 9082.8681
[2025-09-24 21:41:27,619][__main__][INFO] - Step 300 | valid1 MSE : 0.1241 | valid1 NMSE : 5936.4945
[2025-09-24 21:43:31,663][__main__][INFO] - Step 400 | valid1 MSE : 0.0787 | valid1 NMSE : 2409.4428
[2025-09-24 21:45:34,854][__main__][INFO] - Step 500 | valid1 MSE : 0.0654 | valid1 NMSE : 2650.7709
[2025-09-24 21:47:37,115][__main__][INFO] - Step 600 | valid1 MSE : 0.0595 | valid1 NMSE : 3157.2795
[2025-09-24 21:49:39,523][__main__][INFO] - Step 700 | valid1 MSE : 0.0611 | valid1 NMSE : 4561.8584
[2025-09-24 21:51:42,387][__main__][INFO] - Step 800 | valid1 MSE : 0.0466 | valid1 NMSE : 2591.8530
[2025-09-24 21:53:44,885][__main__][INFO] - Step 900 | valid1 MSE : 0.0482 | valid1 NMSE : 3417.5227
[2025-09-24 21:55:48,530][__main__][INFO] - Step 1000 | valid1 MSE : 0.0502 | valid1 NMSE : 4263.9880
[2025-09-24 21:57:52,010][__main__][INFO] - Step 1100 | valid1 MSE : 0.0612 | valid1 NMSE : 4829.7087
[2025-09-24 21:59:54,601][__main__][INFO] - Step 1200 | valid1 MSE : 0.0469 | valid1 NMSE : 3559.8465
[2025-09-24 21:59:54,603][__main__][INFO] - Training done in 26.661 min
[2025-09-24 21:59:54,603][__main__][INFO] - Average time per step: 1.333 s
[2025-09-24 21:59:55,286][__main__][INFO] - End of training
[2025-09-24 21:59:55,286][__main__][INFO] - --Eval--
[2025-09-24 22:01:09,489][__main__][INFO] - End of script

[2025-09-24 22:01:16,791][__main__][INFO] - =====Running train script=====
[2025-09-24 22:01:17,143][__main__][INFO] - Fetched main configs, save directory : ../outputs/full/electricity/seed_2/instance_MSE/
[2025-09-24 22:01:17,143][__main__][INFO] - Model PatchTST, norma instance, criterion MSE, kwargs {'last': False, 'latent': False}
[2025-09-24 22:01:18,745][__main__][INFO] - Fetched dataloaders
[2025-09-24 22:01:18,746][__main__][INFO] - Splits shapes:
train	((252, 1, 15782), (252, 1, 15782))
valid1	((252, 1, 5261), (252, 1, 5261))
valid2	((64, 1, 15782), (64, 1, 15782))
valid3	((64, 1, 5261), (64, 1, 5261))
test1	((252, 1, 5261), (252, 1, 5261))
test2	((64, 1, 5261), (64, 1, 5261))
[2025-09-24 22:01:18,746][__main__][INFO] - Batches:
 X=[252, 1, 168]
 c=[252, 1, 192]
 y=[252, 1, 24]
[2025-09-24 22:01:18,751][__main__][INFO] - --Training--
[2025-09-24 22:01:21,186][__main__][INFO] - Starting training pytorch with lr=1e-05
[2025-09-24 22:01:21,186][__main__][INFO] - Using device: cuda
[2025-09-24 22:01:21,186][__main__][INFO] - Training 1200 epochs of 1 batches (1200 steps): , eval_freq: 100, print_freq: 100
[2025-09-24 22:03:21,224][__main__][INFO] - Step 1 | valid1 MSE : 0.1883 | valid1 NMSE : 1.3298
[2025-09-24 22:05:23,556][__main__][INFO] - Step 100 | valid1 MSE : 0.0875 | valid1 NMSE : 0.9673
[2025-09-24 22:07:28,560][__main__][INFO] - Step 200 | valid1 MSE : 0.0464 | valid1 NMSE : 0.7899
[2025-09-24 22:09:32,905][__main__][INFO] - Step 300 | valid1 MSE : 0.0334 | valid1 NMSE : 0.7219
[2025-09-24 22:11:36,705][__main__][INFO] - Step 400 | valid1 MSE : 0.0289 | valid1 NMSE : 0.6849
[2025-09-24 22:13:40,549][__main__][INFO] - Step 500 | valid1 MSE : 0.0261 | valid1 NMSE : 0.6554
[2025-09-24 22:15:43,889][__main__][INFO] - Step 600 | valid1 MSE : 0.0243 | valid1 NMSE : 0.6340
[2025-09-24 22:17:47,739][__main__][INFO] - Step 700 | valid1 MSE : 0.0230 | valid1 NMSE : 0.6151
[2025-09-24 22:19:51,045][__main__][INFO] - Step 800 | valid1 MSE : 0.0218 | valid1 NMSE : 0.6013
[2025-09-24 22:21:54,501][__main__][INFO] - Step 900 | valid1 MSE : 0.0208 | valid1 NMSE : 0.5882
[2025-09-24 22:23:57,292][__main__][INFO] - Step 1000 | valid1 MSE : 0.0198 | valid1 NMSE : 0.5755
[2025-09-24 22:25:59,581][__main__][INFO] - Step 1100 | valid1 MSE : 0.0192 | valid1 NMSE : 0.5640
[2025-09-24 22:28:02,288][__main__][INFO] - Step 1200 | valid1 MSE : 0.0183 | valid1 NMSE : 0.5540
[2025-09-24 22:28:02,292][__main__][INFO] - Training done in 26.685 min
[2025-09-24 22:28:02,292][__main__][INFO] - Average time per step: 1.334 s
[2025-09-24 22:28:02,927][__main__][INFO] - End of training
[2025-09-24 22:28:02,927][__main__][INFO] - --Eval--
[2025-09-24 22:29:17,779][__main__][INFO] - End of script

[2025-09-24 22:29:24,956][__main__][INFO] - =====Running train script=====
[2025-09-24 22:29:25,305][__main__][INFO] - Fetched main configs, save directory : ../outputs/full/electricity/seed_2/revin_MSE/
[2025-09-24 22:29:25,306][__main__][INFO] - Model PatchTST, norma revin, criterion MSE, kwargs {'latent': False}
[2025-09-24 22:29:26,959][__main__][INFO] - Fetched dataloaders
[2025-09-24 22:29:26,959][__main__][INFO] - Splits shapes:
train	((252, 1, 15782), (252, 1, 15782))
valid1	((252, 1, 5261), (252, 1, 5261))
valid2	((64, 1, 15782), (64, 1, 15782))
valid3	((64, 1, 5261), (64, 1, 5261))
test1	((252, 1, 5261), (252, 1, 5261))
test2	((64, 1, 5261), (64, 1, 5261))
[2025-09-24 22:29:26,959][__main__][INFO] - Batches:
 X=[252, 1, 168]
 c=[252, 1, 192]
 y=[252, 1, 24]
[2025-09-24 22:29:26,967][__main__][INFO] - --Training--
[2025-09-24 22:29:29,367][__main__][INFO] - Starting training pytorch with lr=1e-05
[2025-09-24 22:29:29,368][__main__][INFO] - Using device: cuda
[2025-09-24 22:29:29,368][__main__][INFO] - Training 1200 epochs of 1 batches (1200 steps): , eval_freq: 100, print_freq: 100
[2025-09-24 22:31:29,392][__main__][INFO] - Step 1 | valid1 MSE : 0.1883 | valid1 NMSE : 1.3298
[2025-09-24 22:33:32,435][__main__][INFO] - Step 100 | valid1 MSE : 0.0876 | valid1 NMSE : 0.9673
[2025-09-24 22:35:34,885][__main__][INFO] - Step 200 | valid1 MSE : 0.0464 | valid1 NMSE : 0.7899
[2025-09-24 22:37:37,987][__main__][INFO] - Step 300 | valid1 MSE : 0.0334 | valid1 NMSE : 0.7219
[2025-09-24 22:39:40,795][__main__][INFO] - Step 400 | valid1 MSE : 0.0289 | valid1 NMSE : 0.6848
[2025-09-24 22:41:42,925][__main__][INFO] - Step 500 | valid1 MSE : 0.0261 | valid1 NMSE : 0.6552
[2025-09-24 22:43:45,546][__main__][INFO] - Step 600 | valid1 MSE : 0.0243 | valid1 NMSE : 0.6338
[2025-09-24 22:45:49,828][__main__][INFO] - Step 700 | valid1 MSE : 0.0230 | valid1 NMSE : 0.6149
[2025-09-24 22:47:57,264][__main__][INFO] - Step 800 | valid1 MSE : 0.0218 | valid1 NMSE : 0.6011
[2025-09-24 22:50:03,558][__main__][INFO] - Step 900 | valid1 MSE : 0.0208 | valid1 NMSE : 0.5880
[2025-09-24 22:52:08,524][__main__][INFO] - Step 1000 | valid1 MSE : 0.0198 | valid1 NMSE : 0.5753
[2025-09-24 22:54:14,207][__main__][INFO] - Step 1100 | valid1 MSE : 0.0192 | valid1 NMSE : 0.5638
[2025-09-24 22:56:20,883][__main__][INFO] - Step 1200 | valid1 MSE : 0.0183 | valid1 NMSE : 0.5539
[2025-09-24 22:56:20,884][__main__][INFO] - Training done in 26.859 min
[2025-09-24 22:56:20,884][__main__][INFO] - Average time per step: 1.343 s
[2025-09-24 22:56:21,698][__main__][INFO] - End of training
[2025-09-24 22:56:21,698][__main__][INFO] - --Eval--
[2025-09-24 22:57:36,886][__main__][INFO] - Final modulations: {'beta': np.float32(0.00030377592), 'alpha': np.float32(1.0049715)}
[2025-09-24 22:57:36,886][__main__][INFO] - End of script

[2025-09-24 22:57:44,265][__main__][INFO] - =====Running train script=====
[2025-09-24 22:57:44,608][__main__][INFO] - Fetched main configs, save directory : ../outputs/full/electricity/seed_2/og_instance_NMSE/
[2025-09-24 22:57:44,609][__main__][INFO] - Model PatchTST, norma instance, criterion NMSE, kwargs {'last': False, 'latent': True}
[2025-09-24 22:57:46,278][__main__][INFO] - Fetched dataloaders
[2025-09-24 22:57:46,278][__main__][INFO] - Splits shapes:
train	((252, 1, 15782), (252, 1, 15782))
valid1	((252, 1, 5261), (252, 1, 5261))
valid2	((64, 1, 15782), (64, 1, 15782))
valid3	((64, 1, 5261), (64, 1, 5261))
test1	((252, 1, 5261), (252, 1, 5261))
test2	((64, 1, 5261), (64, 1, 5261))
[2025-09-24 22:57:46,278][__main__][INFO] - Batches:
 X=[252, 1, 168]
 c=[252, 1, 192]
 y=[252, 1, 24]
[2025-09-24 22:57:46,283][__main__][INFO] - --Training--
[2025-09-24 22:57:48,758][__main__][INFO] - Starting training pytorch with lr=1e-05
[2025-09-24 22:57:48,758][__main__][INFO] - Using device: cuda
[2025-09-24 22:57:48,758][__main__][INFO] - Training 1200 epochs of 1 batches (1200 steps): , eval_freq: 100, print_freq: 100
[2025-09-24 22:59:50,697][__main__][INFO] - Step 1 | valid1 MSE : 1.0872 | valid1 NMSE : 528287.2071
[2025-09-24 23:01:53,123][__main__][INFO] - Step 100 | valid1 MSE : 1.1414 | valid1 NMSE : 1114566.8839
[2025-09-24 23:03:56,428][__main__][INFO] - Step 200 | valid1 MSE : 1.1205 | valid1 NMSE : 1033511.6204
[2025-09-24 23:06:00,426][__main__][INFO] - Step 300 | valid1 MSE : 1.1046 | valid1 NMSE : 947974.9890
[2025-09-24 23:08:04,626][__main__][INFO] - Step 400 | valid1 MSE : 1.0895 | valid1 NMSE : 878497.8687
[2025-09-24 23:10:08,198][__main__][INFO] - Step 500 | valid1 MSE : 1.0764 | valid1 NMSE : 812795.7991
[2025-09-24 23:12:11,130][__main__][INFO] - Step 600 | valid1 MSE : 1.0662 | valid1 NMSE : 762893.9189
[2025-09-24 23:14:14,357][__main__][INFO] - Step 700 | valid1 MSE : 1.0569 | valid1 NMSE : 714794.1383
[2025-09-24 23:16:17,468][__main__][INFO] - Step 800 | valid1 MSE : 1.0497 | valid1 NMSE : 673142.2574
[2025-09-24 23:18:19,494][__main__][INFO] - Step 900 | valid1 MSE : 1.0408 | valid1 NMSE : 631026.9024
[2025-09-24 23:20:22,590][__main__][INFO] - Step 1000 | valid1 MSE : 1.0341 | valid1 NMSE : 586544.8177
[2025-09-24 23:22:28,151][__main__][INFO] - Step 1100 | valid1 MSE : 1.0293 | valid1 NMSE : 552741.0194
[2025-09-24 23:24:32,147][__main__][INFO] - Step 1200 | valid1 MSE : 1.0240 | valid1 NMSE : 515963.1546
[2025-09-24 23:24:32,148][__main__][INFO] - Training done in 26.723 min
[2025-09-24 23:24:32,148][__main__][INFO] - Average time per step: 1.336 s
[2025-09-24 23:24:32,907][__main__][INFO] - End of training
[2025-09-24 23:24:32,908][__main__][INFO] - --Eval--
[2025-09-24 23:25:49,093][__main__][INFO] - End of script

[2025-09-24 23:25:56,444][__main__][INFO] - =====Running train script=====
[2025-09-24 23:25:56,821][__main__][INFO] - Fetched main configs, save directory : ../outputs/full/electricity/seed_2/None_NMSE/
[2025-09-24 23:25:56,821][__main__][INFO] - Model PatchTST, norma None, criterion NMSE, kwargs {}
[2025-09-24 23:25:58,537][__main__][INFO] - Fetched dataloaders
[2025-09-24 23:25:58,537][__main__][INFO] - Splits shapes:
train	((252, 1, 15782), (252, 1, 15782))
valid1	((252, 1, 5261), (252, 1, 5261))
valid2	((64, 1, 15782), (64, 1, 15782))
valid3	((64, 1, 5261), (64, 1, 5261))
test1	((252, 1, 5261), (252, 1, 5261))
test2	((64, 1, 5261), (64, 1, 5261))
[2025-09-24 23:25:58,537][__main__][INFO] - Batches:
 X=[252, 1, 168]
 c=[252, 1, 192]
 y=[252, 1, 24]
[2025-09-24 23:25:58,542][__main__][INFO] - --Training--
[2025-09-24 23:26:01,009][__main__][INFO] - Starting training pytorch with lr=1e-05
[2025-09-24 23:26:01,009][__main__][INFO] - Using device: cuda
[2025-09-24 23:26:01,009][__main__][INFO] - Training 1200 epochs of 1 batches (1200 steps): , eval_freq: 100, print_freq: 100
[2025-09-24 23:28:04,604][__main__][INFO] - Step 1 | valid1 MSE : 1.3393 | valid1 NMSE : 212239.6362
[2025-09-24 23:30:09,142][__main__][INFO] - Step 100 | valid1 MSE : 0.4857 | valid1 NMSE : 36513.5077
[2025-09-24 23:32:13,505][__main__][INFO] - Step 200 | valid1 MSE : 0.3109 | valid1 NMSE : 9470.9228
[2025-09-24 23:34:18,060][__main__][INFO] - Step 300 | valid1 MSE : 0.2990 | valid1 NMSE : 9423.9117
[2025-09-24 23:36:22,124][__main__][INFO] - Step 400 | valid1 MSE : 0.2593 | valid1 NMSE : 4242.8333
[2025-09-24 23:38:23,770][__main__][INFO] - Step 500 | valid1 MSE : 0.2537 | valid1 NMSE : 4204.3802
[2025-09-24 23:40:26,097][__main__][INFO] - Step 600 | valid1 MSE : 0.2485 | valid1 NMSE : 4097.1361
[2025-09-24 23:42:27,960][__main__][INFO] - Step 700 | valid1 MSE : 0.2449 | valid1 NMSE : 5249.7539
[2025-09-24 23:44:29,217][__main__][INFO] - Step 800 | valid1 MSE : 0.2335 | valid1 NMSE : 2488.1059
[2025-09-24 23:46:31,576][__main__][INFO] - Step 900 | valid1 MSE : 0.2328 | valid1 NMSE : 4026.9254
[2025-09-24 23:48:34,251][__main__][INFO] - Step 1000 | valid1 MSE : 0.2292 | valid1 NMSE : 4484.1744
[2025-09-24 23:50:36,722][__main__][INFO] - Step 1100 | valid1 MSE : 0.2356 | valid1 NMSE : 5551.0542
[2025-09-24 23:52:39,540][__main__][INFO] - Step 1200 | valid1 MSE : 0.2221 | valid1 NMSE : 3642.7488
[2025-09-24 23:52:39,541][__main__][INFO] - Training done in 26.642 min
[2025-09-24 23:52:39,541][__main__][INFO] - Average time per step: 1.332 s
[2025-09-24 23:52:40,249][__main__][INFO] - End of training
[2025-09-24 23:52:40,249][__main__][INFO] - --Eval--
[2025-09-24 23:53:55,055][__main__][INFO] - End of script

[2025-09-24 23:54:02,298][__main__][INFO] - =====Running train script=====
[2025-09-24 23:54:02,640][__main__][INFO] - Fetched main configs, save directory : ../outputs/full/electricity/seed_2/instance_NMSE/
[2025-09-24 23:54:02,640][__main__][INFO] - Model PatchTST, norma instance, criterion NMSE, kwargs {'last': False, 'latent': False}
[2025-09-24 23:54:04,237][__main__][INFO] - Fetched dataloaders
[2025-09-24 23:54:04,237][__main__][INFO] - Splits shapes:
train	((252, 1, 15782), (252, 1, 15782))
valid1	((252, 1, 5261), (252, 1, 5261))
valid2	((64, 1, 15782), (64, 1, 15782))
valid3	((64, 1, 5261), (64, 1, 5261))
test1	((252, 1, 5261), (252, 1, 5261))
test2	((64, 1, 5261), (64, 1, 5261))
[2025-09-24 23:54:04,237][__main__][INFO] - Batches:
 X=[252, 1, 168]
 c=[252, 1, 192]
 y=[252, 1, 24]
[2025-09-24 23:54:04,246][__main__][INFO] - --Training--
[2025-09-24 23:54:06,650][__main__][INFO] - Starting training pytorch with lr=1e-05
[2025-09-24 23:54:06,650][__main__][INFO] - Using device: cuda
[2025-09-24 23:54:06,650][__main__][INFO] - Training 1200 epochs of 1 batches (1200 steps): , eval_freq: 100, print_freq: 100
[2025-09-24 23:56:05,732][__main__][INFO] - Step 1 | valid1 MSE : 0.1869 | valid1 NMSE : 1.3233
[2025-09-24 23:58:07,959][__main__][INFO] - Step 100 | valid1 MSE : 0.0276 | valid1 NMSE : 0.6036
[2025-09-25 00:00:11,868][__main__][INFO] - Step 200 | valid1 MSE : 0.0171 | valid1 NMSE : 0.4988
[2025-09-25 00:02:17,473][__main__][INFO] - Step 300 | valid1 MSE : 0.0148 | valid1 NMSE : 0.4647
[2025-09-25 00:04:23,352][__main__][INFO] - Step 400 | valid1 MSE : 0.0136 | valid1 NMSE : 0.4453
[2025-09-25 00:06:28,358][__main__][INFO] - Step 500 | valid1 MSE : 0.0128 | valid1 NMSE : 0.4320
[2025-09-25 00:08:34,058][__main__][INFO] - Step 600 | valid1 MSE : 0.0122 | valid1 NMSE : 0.4223
[2025-09-25 00:10:39,975][__main__][INFO] - Step 700 | valid1 MSE : 0.0119 | valid1 NMSE : 0.4149
[2025-09-25 00:12:44,508][__main__][INFO] - Step 800 | valid1 MSE : 0.0116 | valid1 NMSE : 0.4089
[2025-09-25 00:14:48,202][__main__][INFO] - Step 900 | valid1 MSE : 0.0113 | valid1 NMSE : 0.4041
[2025-09-25 00:16:50,740][__main__][INFO] - Step 1000 | valid1 MSE : 0.0111 | valid1 NMSE : 0.4000
[2025-09-25 00:18:53,502][__main__][INFO] - Step 1100 | valid1 MSE : 0.0109 | valid1 NMSE : 0.3967
[2025-09-25 00:20:56,097][__main__][INFO] - Step 1200 | valid1 MSE : 0.0107 | valid1 NMSE : 0.3942
[2025-09-25 00:20:56,098][__main__][INFO] - Training done in 26.824 min
[2025-09-25 00:20:56,098][__main__][INFO] - Average time per step: 1.341 s
[2025-09-25 00:20:56,721][__main__][INFO] - End of training
[2025-09-25 00:20:56,721][__main__][INFO] - --Eval--
[2025-09-25 00:22:10,991][__main__][INFO] - End of script

[2025-09-25 00:22:18,456][__main__][INFO] - =====Running train script=====
[2025-09-25 00:22:18,789][__main__][INFO] - Fetched main configs, save directory : ../outputs/full/electricity/seed_2/revin_NMSE/
[2025-09-25 00:22:18,789][__main__][INFO] - Model PatchTST, norma revin, criterion NMSE, kwargs {'latent': False}
[2025-09-25 00:22:20,425][__main__][INFO] - Fetched dataloaders
[2025-09-25 00:22:20,426][__main__][INFO] - Splits shapes:
train	((252, 1, 15782), (252, 1, 15782))
valid1	((252, 1, 5261), (252, 1, 5261))
valid2	((64, 1, 15782), (64, 1, 15782))
valid3	((64, 1, 5261), (64, 1, 5261))
test1	((252, 1, 5261), (252, 1, 5261))
test2	((64, 1, 5261), (64, 1, 5261))
[2025-09-25 00:22:20,426][__main__][INFO] - Batches:
 X=[252, 1, 168]
 c=[252, 1, 192]
 y=[252, 1, 24]
[2025-09-25 00:22:20,434][__main__][INFO] - --Training--
[2025-09-25 00:22:22,990][__main__][INFO] - Starting training pytorch with lr=1e-05
[2025-09-25 00:22:22,991][__main__][INFO] - Using device: cuda
[2025-09-25 00:22:22,991][__main__][INFO] - Training 1200 epochs of 1 batches (1200 steps): , eval_freq: 100, print_freq: 100
[2025-09-25 00:24:22,309][__main__][INFO] - Step 1 | valid1 MSE : 0.1869 | valid1 NMSE : 1.3233
[2025-09-25 00:26:25,865][__main__][INFO] - Step 100 | valid1 MSE : 0.0276 | valid1 NMSE : 0.6036
[2025-09-25 00:28:29,675][__main__][INFO] - Step 200 | valid1 MSE : 0.0171 | valid1 NMSE : 0.4988
[2025-09-25 00:30:33,205][__main__][INFO] - Step 300 | valid1 MSE : 0.0148 | valid1 NMSE : 0.4647
[2025-09-25 00:32:36,265][__main__][INFO] - Step 400 | valid1 MSE : 0.0136 | valid1 NMSE : 0.4453
[2025-09-25 00:34:39,105][__main__][INFO] - Step 500 | valid1 MSE : 0.0128 | valid1 NMSE : 0.4320
[2025-09-25 00:36:44,877][__main__][INFO] - Step 600 | valid1 MSE : 0.0122 | valid1 NMSE : 0.4223
[2025-09-25 00:38:52,735][__main__][INFO] - Step 700 | valid1 MSE : 0.0119 | valid1 NMSE : 0.4149
[2025-09-25 00:40:57,214][__main__][INFO] - Step 800 | valid1 MSE : 0.0116 | valid1 NMSE : 0.4089
[2025-09-25 00:43:04,133][__main__][INFO] - Step 900 | valid1 MSE : 0.0113 | valid1 NMSE : 0.4041
[2025-09-25 00:45:07,926][__main__][INFO] - Step 1000 | valid1 MSE : 0.0111 | valid1 NMSE : 0.4001
[2025-09-25 00:47:11,687][__main__][INFO] - Step 1100 | valid1 MSE : 0.0109 | valid1 NMSE : 0.3967
[2025-09-25 00:49:17,629][__main__][INFO] - Step 1200 | valid1 MSE : 0.0107 | valid1 NMSE : 0.3942
[2025-09-25 00:49:17,633][__main__][INFO] - Training done in 26.911 min
[2025-09-25 00:49:17,633][__main__][INFO] - Average time per step: 1.346 s
[2025-09-25 00:49:18,436][__main__][INFO] - End of training
[2025-09-25 00:49:18,437][__main__][INFO] - --Eval--
[2025-09-25 00:50:33,553][__main__][INFO] - Final modulations: {'beta': np.float32(-0.0010218389), 'alpha': np.float32(1.0096791)}
[2025-09-25 00:50:33,554][__main__][INFO] - End of script

[2025-09-25 00:50:41,159][__main__][INFO] - =====Running train script=====
[2025-09-25 00:50:41,580][__main__][INFO] - Fetched main configs, save directory : ../outputs/full/electricity/seed_2/flexrevin_NMSE/
[2025-09-25 00:50:41,580][__main__][INFO] - Model PatchTST, norma flexrevin, criterion NMSE, kwargs {'latent': False, 'start': True}
[2025-09-25 00:50:43,279][__main__][INFO] - Fetched dataloaders
[2025-09-25 00:50:43,280][__main__][INFO] - Splits shapes:
train	((252, 1, 15782), (252, 1, 15782))
valid1	((252, 1, 5261), (252, 1, 5261))
valid2	((64, 1, 15782), (64, 1, 15782))
valid3	((64, 1, 5261), (64, 1, 5261))
test1	((252, 1, 5261), (252, 1, 5261))
test2	((64, 1, 5261), (64, 1, 5261))
[2025-09-25 00:50:43,280][__main__][INFO] - Batches:
 X=[252, 1, 168]
 c=[252, 1, 192]
 y=[252, 1, 24]
[2025-09-25 00:50:43,289][__main__][INFO] - --Training--
[2025-09-25 00:50:45,892][__main__][INFO] - Starting training pytorch with lr=1e-05
[2025-09-25 00:50:45,892][__main__][INFO] - Using device: cuda
[2025-09-25 00:50:45,892][__main__][INFO] - Training 1200 epochs of 1 batches (1200 steps): , eval_freq: 100, print_freq: 100
[2025-09-25 00:52:48,347][__main__][INFO] - Step 1 | valid1 MSE : 0.1869 | valid1 NMSE : 1.3248
[2025-09-25 00:54:51,940][__main__][INFO] - Step 100 | valid1 MSE : 0.0276 | valid1 NMSE : 0.6054
[2025-09-25 00:56:55,491][__main__][INFO] - Step 200 | valid1 MSE : 0.0171 | valid1 NMSE : 0.4989
[2025-09-25 00:58:58,363][__main__][INFO] - Step 300 | valid1 MSE : 0.0148 | valid1 NMSE : 0.4644
[2025-09-25 01:01:01,129][__main__][INFO] - Step 400 | valid1 MSE : 0.0136 | valid1 NMSE : 0.4450
[2025-09-25 01:03:02,701][__main__][INFO] - Step 500 | valid1 MSE : 0.0128 | valid1 NMSE : 0.4317
[2025-09-25 01:05:04,380][__main__][INFO] - Step 600 | valid1 MSE : 0.0122 | valid1 NMSE : 0.4221
[2025-09-25 01:07:06,409][__main__][INFO] - Step 700 | valid1 MSE : 0.0118 | valid1 NMSE : 0.4146
[2025-09-25 01:09:08,283][__main__][INFO] - Step 800 | valid1 MSE : 0.0115 | valid1 NMSE : 0.4086
[2025-09-25 01:11:11,316][__main__][INFO] - Step 900 | valid1 MSE : 0.0112 | valid1 NMSE : 0.4038
[2025-09-25 01:13:14,479][__main__][INFO] - Step 1000 | valid1 MSE : 0.0110 | valid1 NMSE : 0.4006
[2025-09-25 01:15:15,863][__main__][INFO] - Step 1100 | valid1 MSE : 0.0109 | valid1 NMSE : 0.3965
[2025-09-25 01:17:21,380][__main__][INFO] - Step 1200 | valid1 MSE : 0.0107 | valid1 NMSE : 0.3940
[2025-09-25 01:17:21,381][__main__][INFO] - Training done in 26.591 min
[2025-09-25 01:17:21,381][__main__][INFO] - Average time per step: 1.330 s
[2025-09-25 01:17:22,209][__main__][INFO] - End of training
[2025-09-25 01:17:22,209][__main__][INFO] - --Eval--
[2025-09-25 01:18:38,696][__main__][INFO] - Final modulations: {'beta': np.float32(2.0391526e-06), 'alpha': np.float32(0.99997663)}
[2025-09-25 01:18:38,697][__main__][INFO] - End of script

[2025-09-25 01:18:46,373][__main__][INFO] - =====Running train script=====
[2025-09-25 01:18:46,705][__main__][INFO] - Fetched main configs, save directory : ../outputs/full/electricity/seed_2/min_init/
[2025-09-25 01:18:46,705][__main__][INFO] - Model PatchTST, norma mIN, criterion NMSE, kwargs {'latent': False, 'init_beta': True, 'fixed_beta': False, 'init_alpha': True, 'fixed_alpha': False, 'use_gamma': False, 'inverse_gamma': False}
[2025-09-25 01:18:48,359][__main__][INFO] - Fetched dataloaders
[2025-09-25 01:18:48,359][__main__][INFO] - Splits shapes:
train	((252, 1, 15782), (252, 1, 15782))
valid1	((252, 1, 5261), (252, 1, 5261))
valid2	((64, 1, 15782), (64, 1, 15782))
valid3	((64, 1, 5261), (64, 1, 5261))
test1	((252, 1, 5261), (252, 1, 5261))
test2	((64, 1, 5261), (64, 1, 5261))
[2025-09-25 01:18:48,359][__main__][INFO] - Batches:
 X=[252, 1, 168]
 c=[252, 1, 192]
 y=[252, 1, 24]
[2025-09-25 01:18:48,368][__main__][INFO] - --Training--
[2025-09-25 01:18:50,950][__main__][INFO] - Starting training pytorch with lr=1e-05
[2025-09-25 01:18:50,951][__main__][INFO] - Using device: cuda
[2025-09-25 01:18:50,951][__main__][INFO] - Training 1200 epochs of 1 batches (1200 steps): , eval_freq: 100, print_freq: 100
[2025-09-25 01:20:53,065][__main__][INFO] - Step 1 | valid1 MSE : 0.1861 | valid1 NMSE : 1.3176
[2025-09-25 01:23:00,028][__main__][INFO] - Step 100 | valid1 MSE : 0.0281 | valid1 NMSE : 0.6048
[2025-09-25 01:25:06,139][__main__][INFO] - Step 200 | valid1 MSE : 0.0171 | valid1 NMSE : 0.4983
[2025-09-25 01:27:12,217][__main__][INFO] - Step 300 | valid1 MSE : 0.0148 | valid1 NMSE : 0.4642
[2025-09-25 01:29:16,868][__main__][INFO] - Step 400 | valid1 MSE : 0.0136 | valid1 NMSE : 0.4449
[2025-09-25 01:31:21,546][__main__][INFO] - Step 500 | valid1 MSE : 0.0128 | valid1 NMSE : 0.4317
[2025-09-25 01:33:25,300][__main__][INFO] - Step 600 | valid1 MSE : 0.0122 | valid1 NMSE : 0.4221
[2025-09-25 01:35:28,521][__main__][INFO] - Step 700 | valid1 MSE : 0.0119 | valid1 NMSE : 0.4148
[2025-09-25 01:37:31,185][__main__][INFO] - Step 800 | valid1 MSE : 0.0115 | valid1 NMSE : 0.4088
[2025-09-25 01:39:33,559][__main__][INFO] - Step 900 | valid1 MSE : 0.0113 | valid1 NMSE : 0.4041
[2025-09-25 01:41:36,038][__main__][INFO] - Step 1000 | valid1 MSE : 0.0111 | valid1 NMSE : 0.4000
[2025-09-25 01:43:37,894][__main__][INFO] - Step 1100 | valid1 MSE : 0.0109 | valid1 NMSE : 0.3967
[2025-09-25 01:45:40,678][__main__][INFO] - Step 1200 | valid1 MSE : 0.0107 | valid1 NMSE : 0.3942
[2025-09-25 01:45:40,679][__main__][INFO] - Training done in 26.829 min
[2025-09-25 01:45:40,680][__main__][INFO] - Average time per step: 1.341 s
[2025-09-25 01:45:41,468][__main__][INFO] - End of training
[2025-09-25 01:45:41,469][__main__][INFO] - --Eval--
[2025-09-25 01:46:55,576][__main__][INFO] - Final modulations: {'beta': np.float32(0.0056380667), 'alpha': np.float32(0.9616758)}
[2025-09-25 01:46:55,577][__main__][INFO] - End of script

[2025-09-25 01:47:02,981][__main__][INFO] - =====Running train script=====
[2025-09-25 01:47:03,355][__main__][INFO] - Fetched main configs, save directory : ../outputs/full/electricity/seed_2/min_revin/
[2025-09-25 01:47:03,355][__main__][INFO] - Model PatchTST, norma mIN, criterion NMSE, kwargs {'latent': False, 'init_beta': False, 'fixed_beta': False, 'init_alpha': False, 'fixed_alpha': False, 'use_gamma': True, 'inverse_gamma': True}
[2025-09-25 01:47:04,969][__main__][INFO] - Fetched dataloaders
[2025-09-25 01:47:04,970][__main__][INFO] - Splits shapes:
train	((252, 1, 15782), (252, 1, 15782))
valid1	((252, 1, 5261), (252, 1, 5261))
valid2	((64, 1, 15782), (64, 1, 15782))
valid3	((64, 1, 5261), (64, 1, 5261))
test1	((252, 1, 5261), (252, 1, 5261))
test2	((64, 1, 5261), (64, 1, 5261))
[2025-09-25 01:47:04,970][__main__][INFO] - Batches:
 X=[252, 1, 168]
 c=[252, 1, 192]
 y=[252, 1, 24]
[2025-09-25 01:47:04,978][__main__][INFO] - --Training--
[2025-09-25 01:47:07,554][__main__][INFO] - Starting training pytorch with lr=1e-05
[2025-09-25 01:47:07,555][__main__][INFO] - Using device: cuda
[2025-09-25 01:47:07,555][__main__][INFO] - Training 1200 epochs of 1 batches (1200 steps): , eval_freq: 100, print_freq: 100
[2025-09-25 01:49:06,180][__main__][INFO] - Step 1 | valid1 MSE : 0.1869 | valid1 NMSE : 1.3232
[2025-09-25 01:51:06,725][__main__][INFO] - Step 100 | valid1 MSE : 0.0276 | valid1 NMSE : 0.6037
[2025-09-25 01:53:08,080][__main__][INFO] - Step 200 | valid1 MSE : 0.0171 | valid1 NMSE : 0.4988
[2025-09-25 01:55:11,194][__main__][INFO] - Step 300 | valid1 MSE : 0.0148 | valid1 NMSE : 0.4647
[2025-09-25 01:57:16,058][__main__][INFO] - Step 400 | valid1 MSE : 0.0136 | valid1 NMSE : 0.4453
[2025-09-25 01:59:21,999][__main__][INFO] - Step 500 | valid1 MSE : 0.0128 | valid1 NMSE : 0.4320
[2025-09-25 02:01:27,990][__main__][INFO] - Step 600 | valid1 MSE : 0.0122 | valid1 NMSE : 0.4223
[2025-09-25 02:03:32,544][__main__][INFO] - Step 700 | valid1 MSE : 0.0119 | valid1 NMSE : 0.4149
[2025-09-25 02:05:36,660][__main__][INFO] - Step 800 | valid1 MSE : 0.0116 | valid1 NMSE : 0.4089
[2025-09-25 02:07:40,195][__main__][INFO] - Step 900 | valid1 MSE : 0.0113 | valid1 NMSE : 0.4042
[2025-09-25 02:09:43,676][__main__][INFO] - Step 1000 | valid1 MSE : 0.0111 | valid1 NMSE : 0.4001
[2025-09-25 02:11:47,330][__main__][INFO] - Step 1100 | valid1 MSE : 0.0109 | valid1 NMSE : 0.3968
[2025-09-25 02:13:49,610][__main__][INFO] - Step 1200 | valid1 MSE : 0.0107 | valid1 NMSE : 0.3943
[2025-09-25 02:13:49,611][__main__][INFO] - Training done in 26.701 min
[2025-09-25 02:13:49,611][__main__][INFO] - Average time per step: 1.335 s
[2025-09-25 02:13:50,390][__main__][INFO] - End of training
[2025-09-25 02:13:50,390][__main__][INFO] - --Eval--
[2025-09-25 02:15:04,615][__main__][INFO] - Final modulations: {'beta': np.float32(0.000946418), 'alpha': np.float32(0.9904537)}
[2025-09-25 02:15:04,616][__main__][INFO] - End of script

[2025-09-25 02:15:20,246][__main__][INFO] - =====Running train script=====
[2025-09-25 02:15:20,617][__main__][INFO] - Fetched main configs, save directory : ../outputs/full/electricity/seed_3/og_instance_MSE/
[2025-09-25 02:15:20,617][__main__][INFO] - Model PatchTST, norma instance, criterion MSE, kwargs {'last': False, 'latent': True}
[2025-09-25 02:15:22,264][__main__][INFO] - Fetched dataloaders
[2025-09-25 02:15:22,264][__main__][INFO] - Splits shapes:
train	((252, 1, 15782), (252, 1, 15782))
valid1	((252, 1, 5261), (252, 1, 5261))
valid2	((64, 1, 15782), (64, 1, 15782))
valid3	((64, 1, 5261), (64, 1, 5261))
test1	((252, 1, 5261), (252, 1, 5261))
test2	((64, 1, 5261), (64, 1, 5261))
[2025-09-25 02:15:22,264][__main__][INFO] - Batches:
 X=[252, 1, 168]
 c=[252, 1, 192]
 y=[252, 1, 24]
[2025-09-25 02:15:22,273][__main__][INFO] - --Training--
[2025-09-25 02:15:24,850][__main__][INFO] - Starting training pytorch with lr=1e-05
[2025-09-25 02:15:24,850][__main__][INFO] - Using device: cuda
[2025-09-25 02:15:24,850][__main__][INFO] - Training 1200 epochs of 1 batches (1200 steps): , eval_freq: 100, print_freq: 100
[2025-09-25 02:17:23,415][__main__][INFO] - Step 1 | valid1 MSE : 1.1025 | valid1 NMSE : 323710.1035
[2025-09-25 02:19:25,074][__main__][INFO] - Step 100 | valid1 MSE : 1.0181 | valid1 NMSE : 680004.5443
[2025-09-25 02:21:26,343][__main__][INFO] - Step 200 | valid1 MSE : 1.0022 | valid1 NMSE : 597692.5612
[2025-09-25 02:23:27,306][__main__][INFO] - Step 300 | valid1 MSE : 0.9945 | valid1 NMSE : 530465.6403
[2025-09-25 02:25:28,765][__main__][INFO] - Step 400 | valid1 MSE : 0.9892 | valid1 NMSE : 474197.3748
[2025-09-25 02:27:30,082][__main__][INFO] - Step 500 | valid1 MSE : 0.9840 | valid1 NMSE : 422926.8270
[2025-09-25 02:29:31,817][__main__][INFO] - Step 600 | valid1 MSE : 0.9808 | valid1 NMSE : 380068.8526
[2025-09-25 02:31:32,833][__main__][INFO] - Step 700 | valid1 MSE : 0.9779 | valid1 NMSE : 342620.8434
[2025-09-25 02:33:34,069][__main__][INFO] - Step 800 | valid1 MSE : 0.9751 | valid1 NMSE : 308386.7073
[2025-09-25 02:35:38,111][__main__][INFO] - Step 900 | valid1 MSE : 0.9736 | valid1 NMSE : 277072.7707
[2025-09-25 02:37:42,463][__main__][INFO] - Step 1000 | valid1 MSE : 0.9725 | valid1 NMSE : 250779.8873
[2025-09-25 02:39:46,192][__main__][INFO] - Step 1100 | valid1 MSE : 0.9695 | valid1 NMSE : 226996.5664
[2025-09-25 02:41:49,890][__main__][INFO] - Step 1200 | valid1 MSE : 0.9683 | valid1 NMSE : 205895.7788
[2025-09-25 02:41:49,891][__main__][INFO] - Training done in 26.417 min
[2025-09-25 02:41:49,891][__main__][INFO] - Average time per step: 1.321 s
[2025-09-25 02:41:50,558][__main__][INFO] - End of training
[2025-09-25 02:41:50,559][__main__][INFO] - --Eval--
[2025-09-25 02:43:05,746][__main__][INFO] - End of script

[2025-09-25 02:43:13,486][__main__][INFO] - =====Running train script=====
[2025-09-25 02:43:13,869][__main__][INFO] - Fetched main configs, save directory : ../outputs/full/electricity/seed_3/None_MSE/
[2025-09-25 02:43:13,870][__main__][INFO] - Model PatchTST, norma None, criterion MSE, kwargs {}
[2025-09-25 02:43:15,567][__main__][INFO] - Fetched dataloaders
[2025-09-25 02:43:15,568][__main__][INFO] - Splits shapes:
train	((252, 1, 15782), (252, 1, 15782))
valid1	((252, 1, 5261), (252, 1, 5261))
valid2	((64, 1, 15782), (64, 1, 15782))
valid3	((64, 1, 5261), (64, 1, 5261))
test1	((252, 1, 5261), (252, 1, 5261))
test2	((64, 1, 5261), (64, 1, 5261))
[2025-09-25 02:43:15,568][__main__][INFO] - Batches:
 X=[252, 1, 168]
 c=[252, 1, 192]
 y=[252, 1, 24]
[2025-09-25 02:43:15,577][__main__][INFO] - --Training--
[2025-09-25 02:43:18,265][__main__][INFO] - Starting training pytorch with lr=1e-05
[2025-09-25 02:43:18,265][__main__][INFO] - Using device: cuda
[2025-09-25 02:43:18,265][__main__][INFO] - Training 1200 epochs of 1 batches (1200 steps): , eval_freq: 100, print_freq: 100
[2025-09-25 02:45:17,810][__main__][INFO] - Step 1 | valid1 MSE : 1.2615 | valid1 NMSE : 103072.0533
[2025-09-25 02:47:22,161][__main__][INFO] - Step 100 | valid1 MSE : 0.4676 | valid1 NMSE : 21885.2037
[2025-09-25 02:49:27,626][__main__][INFO] - Step 200 | valid1 MSE : 0.2030 | valid1 NMSE : 5534.2742
[2025-09-25 02:51:31,096][__main__][INFO] - Step 300 | valid1 MSE : 0.1442 | valid1 NMSE : 3236.7542
[2025-09-25 02:53:32,463][__main__][INFO] - Step 400 | valid1 MSE : 0.0971 | valid1 NMSE : 1429.5574
[2025-09-25 02:55:33,495][__main__][INFO] - Step 500 | valid1 MSE : 0.0794 | valid1 NMSE : 1648.2212
[2025-09-25 02:57:33,748][__main__][INFO] - Step 600 | valid1 MSE : 0.0648 | valid1 NMSE : 1257.6793
[2025-09-25 02:59:33,636][__main__][INFO] - Step 700 | valid1 MSE : 0.0621 | valid1 NMSE : 1749.1431
[2025-09-25 03:01:34,147][__main__][INFO] - Step 800 | valid1 MSE : 0.0563 | valid1 NMSE : 1398.5939
[2025-09-25 03:03:34,849][__main__][INFO] - Step 900 | valid1 MSE : 0.0581 | valid1 NMSE : 2038.0990
[2025-09-25 03:05:35,075][__main__][INFO] - Step 1000 | valid1 MSE : 0.0575 | valid1 NMSE : 2229.9470
[2025-09-25 03:07:35,601][__main__][INFO] - Step 1100 | valid1 MSE : 0.0900 | valid1 NMSE : 4170.6015
[2025-09-25 03:09:36,535][__main__][INFO] - Step 1200 | valid1 MSE : 0.0794 | valid1 NMSE : 3652.1914
[2025-09-25 03:09:36,539][__main__][INFO] - Training done in 26.305 min
[2025-09-25 03:09:36,539][__main__][INFO] - Average time per step: 1.315 s
[2025-09-25 03:09:37,183][__main__][INFO] - End of training
[2025-09-25 03:09:37,184][__main__][INFO] - --Eval--
[2025-09-25 03:10:50,584][__main__][INFO] - End of script

[2025-09-25 03:10:57,918][__main__][INFO] - =====Running train script=====
[2025-09-25 03:10:58,273][__main__][INFO] - Fetched main configs, save directory : ../outputs/full/electricity/seed_3/instance_MSE/
[2025-09-25 03:10:58,273][__main__][INFO] - Model PatchTST, norma instance, criterion MSE, kwargs {'last': False, 'latent': False}
[2025-09-25 03:10:59,911][__main__][INFO] - Fetched dataloaders
[2025-09-25 03:10:59,911][__main__][INFO] - Splits shapes:
train	((252, 1, 15782), (252, 1, 15782))
valid1	((252, 1, 5261), (252, 1, 5261))
valid2	((64, 1, 15782), (64, 1, 15782))
valid3	((64, 1, 5261), (64, 1, 5261))
test1	((252, 1, 5261), (252, 1, 5261))
test2	((64, 1, 5261), (64, 1, 5261))
[2025-09-25 03:10:59,911][__main__][INFO] - Batches:
 X=[252, 1, 168]
 c=[252, 1, 192]
 y=[252, 1, 24]
[2025-09-25 03:10:59,916][__main__][INFO] - --Training--
[2025-09-25 03:11:02,369][__main__][INFO] - Starting training pytorch with lr=1e-05
[2025-09-25 03:11:02,369][__main__][INFO] - Using device: cuda
[2025-09-25 03:11:02,369][__main__][INFO] - Training 1200 epochs of 1 batches (1200 steps): , eval_freq: 100, print_freq: 100
[2025-09-25 03:12:59,345][__main__][INFO] - Step 1 | valid1 MSE : 0.2220 | valid1 NMSE : 1.3306
[2025-09-25 03:15:02,864][__main__][INFO] - Step 100 | valid1 MSE : 0.1049 | valid1 NMSE : 0.9685
[2025-09-25 03:17:05,673][__main__][INFO] - Step 200 | valid1 MSE : 0.0511 | valid1 NMSE : 0.7692
[2025-09-25 03:19:08,312][__main__][INFO] - Step 300 | valid1 MSE : 0.0348 | valid1 NMSE : 0.6970
[2025-09-25 03:21:10,460][__main__][INFO] - Step 400 | valid1 MSE : 0.0287 | valid1 NMSE : 0.6582
[2025-09-25 03:23:12,939][__main__][INFO] - Step 500 | valid1 MSE : 0.0267 | valid1 NMSE : 0.6392
[2025-09-25 03:25:16,855][__main__][INFO] - Step 600 | valid1 MSE : 0.0251 | valid1 NMSE : 0.6226
[2025-09-25 03:27:19,803][__main__][INFO] - Step 700 | valid1 MSE : 0.0234 | valid1 NMSE : 0.6045
[2025-09-25 03:29:22,002][__main__][INFO] - Step 800 | valid1 MSE : 0.0224 | valid1 NMSE : 0.5929
[2025-09-25 03:31:23,802][__main__][INFO] - Step 900 | valid1 MSE : 0.0219 | valid1 NMSE : 0.5843
[2025-09-25 03:33:24,055][__main__][INFO] - Step 1000 | valid1 MSE : 0.0209 | valid1 NMSE : 0.5723
[2025-09-25 03:35:25,549][__main__][INFO] - Step 1100 | valid1 MSE : 0.0201 | valid1 NMSE : 0.5623
[2025-09-25 03:37:26,542][__main__][INFO] - Step 1200 | valid1 MSE : 0.0194 | valid1 NMSE : 0.5554
[2025-09-25 03:37:26,543][__main__][INFO] - Training done in 26.403 min
[2025-09-25 03:37:26,543][__main__][INFO] - Average time per step: 1.320 s
[2025-09-25 03:37:27,178][__main__][INFO] - End of training
[2025-09-25 03:37:27,178][__main__][INFO] - --Eval--
[2025-09-25 03:38:41,636][__main__][INFO] - End of script

[2025-09-25 03:38:48,923][__main__][INFO] - =====Running train script=====
[2025-09-25 03:38:49,263][__main__][INFO] - Fetched main configs, save directory : ../outputs/full/electricity/seed_3/revin_MSE/
[2025-09-25 03:38:49,264][__main__][INFO] - Model PatchTST, norma revin, criterion MSE, kwargs {'latent': False}
[2025-09-25 03:38:50,887][__main__][INFO] - Fetched dataloaders
[2025-09-25 03:38:50,887][__main__][INFO] - Splits shapes:
train	((252, 1, 15782), (252, 1, 15782))
valid1	((252, 1, 5261), (252, 1, 5261))
valid2	((64, 1, 15782), (64, 1, 15782))
valid3	((64, 1, 5261), (64, 1, 5261))
test1	((252, 1, 5261), (252, 1, 5261))
test2	((64, 1, 5261), (64, 1, 5261))
[2025-09-25 03:38:50,887][__main__][INFO] - Batches:
 X=[252, 1, 168]
 c=[252, 1, 192]
 y=[252, 1, 24]
[2025-09-25 03:38:50,896][__main__][INFO] - --Training--
[2025-09-25 03:38:53,372][__main__][INFO] - Starting training pytorch with lr=1e-05
[2025-09-25 03:38:53,373][__main__][INFO] - Using device: cuda
[2025-09-25 03:38:53,373][__main__][INFO] - Training 1200 epochs of 1 batches (1200 steps): , eval_freq: 100, print_freq: 100
[2025-09-25 03:40:52,210][__main__][INFO] - Step 1 | valid1 MSE : 0.2220 | valid1 NMSE : 1.3306
[2025-09-25 03:42:53,595][__main__][INFO] - Step 100 | valid1 MSE : 0.1050 | valid1 NMSE : 0.9685
[2025-09-25 03:44:54,392][__main__][INFO] - Step 200 | valid1 MSE : 0.0511 | valid1 NMSE : 0.7692
[2025-09-25 03:46:56,472][__main__][INFO] - Step 300 | valid1 MSE : 0.0348 | valid1 NMSE : 0.6969
[2025-09-25 03:48:58,248][__main__][INFO] - Step 400 | valid1 MSE : 0.0287 | valid1 NMSE : 0.6581
[2025-09-25 03:50:59,893][__main__][INFO] - Step 500 | valid1 MSE : 0.0267 | valid1 NMSE : 0.6391
[2025-09-25 03:53:01,459][__main__][INFO] - Step 600 | valid1 MSE : 0.0251 | valid1 NMSE : 0.6224
[2025-09-25 03:55:06,745][__main__][INFO] - Step 700 | valid1 MSE : 0.0234 | valid1 NMSE : 0.6043
[2025-09-25 03:57:10,634][__main__][INFO] - Step 800 | valid1 MSE : 0.0224 | valid1 NMSE : 0.5927
[2025-09-25 03:59:15,920][__main__][INFO] - Step 900 | valid1 MSE : 0.0219 | valid1 NMSE : 0.5841
[2025-09-25 04:01:20,240][__main__][INFO] - Step 1000 | valid1 MSE : 0.0209 | valid1 NMSE : 0.5721
[2025-09-25 04:03:25,140][__main__][INFO] - Step 1100 | valid1 MSE : 0.0201 | valid1 NMSE : 0.5621
[2025-09-25 04:05:29,274][__main__][INFO] - Step 1200 | valid1 MSE : 0.0194 | valid1 NMSE : 0.5552
[2025-09-25 04:05:29,275][__main__][INFO] - Training done in 26.598 min
[2025-09-25 04:05:29,275][__main__][INFO] - Average time per step: 1.330 s
[2025-09-25 04:05:30,115][__main__][INFO] - End of training
[2025-09-25 04:05:30,115][__main__][INFO] - --Eval--
[2025-09-25 04:06:46,577][__main__][INFO] - Final modulations: {'beta': np.float32(0.00035392813), 'alpha': np.float32(1.0046681)}
[2025-09-25 04:06:46,577][__main__][INFO] - End of script

[2025-09-25 04:06:54,062][__main__][INFO] - =====Running train script=====
[2025-09-25 04:06:54,442][__main__][INFO] - Fetched main configs, save directory : ../outputs/full/electricity/seed_3/og_instance_NMSE/
[2025-09-25 04:06:54,442][__main__][INFO] - Model PatchTST, norma instance, criterion NMSE, kwargs {'last': False, 'latent': True}
[2025-09-25 04:06:56,132][__main__][INFO] - Fetched dataloaders
[2025-09-25 04:06:56,132][__main__][INFO] - Splits shapes:
train	((252, 1, 15782), (252, 1, 15782))
valid1	((252, 1, 5261), (252, 1, 5261))
valid2	((64, 1, 15782), (64, 1, 15782))
valid3	((64, 1, 5261), (64, 1, 5261))
test1	((252, 1, 5261), (252, 1, 5261))
test2	((64, 1, 5261), (64, 1, 5261))
[2025-09-25 04:06:56,132][__main__][INFO] - Batches:
 X=[252, 1, 168]
 c=[252, 1, 192]
 y=[252, 1, 24]
[2025-09-25 04:06:56,141][__main__][INFO] - --Training--
[2025-09-25 04:06:58,688][__main__][INFO] - Starting training pytorch with lr=1e-05
[2025-09-25 04:06:58,688][__main__][INFO] - Using device: cuda
[2025-09-25 04:06:58,689][__main__][INFO] - Training 1200 epochs of 1 batches (1200 steps): , eval_freq: 100, print_freq: 100
[2025-09-25 04:09:00,057][__main__][INFO] - Step 1 | valid1 MSE : 1.1061 | valid1 NMSE : 324029.6265
[2025-09-25 04:11:02,192][__main__][INFO] - Step 100 | valid1 MSE : 1.1696 | valid1 NMSE : 728420.7836
[2025-09-25 04:13:04,221][__main__][INFO] - Step 200 | valid1 MSE : 1.1500 | valid1 NMSE : 690423.2494
[2025-09-25 04:15:06,677][__main__][INFO] - Step 300 | valid1 MSE : 1.1324 | valid1 NMSE : 647136.6529
[2025-09-25 04:17:09,363][__main__][INFO] - Step 400 | valid1 MSE : 1.1167 | valid1 NMSE : 608701.2391
[2025-09-25 04:19:12,179][__main__][INFO] - Step 500 | valid1 MSE : 1.1022 | valid1 NMSE : 574698.9770
[2025-09-25 04:21:14,769][__main__][INFO] - Step 600 | valid1 MSE : 1.0900 | valid1 NMSE : 553721.8963
[2025-09-25 04:23:16,257][__main__][INFO] - Step 700 | valid1 MSE : 1.0817 | valid1 NMSE : 525069.1242
[2025-09-25 04:25:18,383][__main__][INFO] - Step 800 | valid1 MSE : 1.0688 | valid1 NMSE : 490410.7178
[2025-09-25 04:27:20,816][__main__][INFO] - Step 900 | valid1 MSE : 1.0611 | valid1 NMSE : 461619.4146
[2025-09-25 04:29:24,050][__main__][INFO] - Step 1000 | valid1 MSE : 1.0533 | valid1 NMSE : 440517.9950
[2025-09-25 04:31:26,862][__main__][INFO] - Step 1100 | valid1 MSE : 1.0444 | valid1 NMSE : 415724.0661
[2025-09-25 04:33:31,897][__main__][INFO] - Step 1200 | valid1 MSE : 1.0371 | valid1 NMSE : 389671.6537
[2025-09-25 04:33:31,899][__main__][INFO] - Training done in 26.554 min
[2025-09-25 04:33:31,899][__main__][INFO] - Average time per step: 1.328 s
[2025-09-25 04:33:32,609][__main__][INFO] - End of training
[2025-09-25 04:33:32,610][__main__][INFO] - --Eval--
[2025-09-25 04:34:48,448][__main__][INFO] - End of script

[2025-09-25 04:34:56,187][__main__][INFO] - =====Running train script=====
[2025-09-25 04:34:56,565][__main__][INFO] - Fetched main configs, save directory : ../outputs/full/electricity/seed_3/None_NMSE/
[2025-09-25 04:34:56,566][__main__][INFO] - Model PatchTST, norma None, criterion NMSE, kwargs {}
[2025-09-25 04:34:58,280][__main__][INFO] - Fetched dataloaders
[2025-09-25 04:34:58,280][__main__][INFO] - Splits shapes:
train	((252, 1, 15782), (252, 1, 15782))
valid1	((252, 1, 5261), (252, 1, 5261))
valid2	((64, 1, 15782), (64, 1, 15782))
valid3	((64, 1, 5261), (64, 1, 5261))
test1	((252, 1, 5261), (252, 1, 5261))
test2	((64, 1, 5261), (64, 1, 5261))
[2025-09-25 04:34:58,280][__main__][INFO] - Batches:
 X=[252, 1, 168]
 c=[252, 1, 192]
 y=[252, 1, 24]
[2025-09-25 04:34:58,286][__main__][INFO] - --Training--
[2025-09-25 04:35:00,906][__main__][INFO] - Starting training pytorch with lr=1e-05
[2025-09-25 04:35:00,907][__main__][INFO] - Using device: cuda
[2025-09-25 04:35:00,907][__main__][INFO] - Training 1200 epochs of 1 batches (1200 steps): , eval_freq: 100, print_freq: 100
[2025-09-25 04:37:00,777][__main__][INFO] - Step 1 | valid1 MSE : 1.2589 | valid1 NMSE : 102564.0339
[2025-09-25 04:39:03,768][__main__][INFO] - Step 100 | valid1 MSE : 0.7107 | valid1 NMSE : 32461.6053
[2025-09-25 04:41:07,190][__main__][INFO] - Step 200 | valid1 MSE : 0.4936 | valid1 NMSE : 14760.9223
[2025-09-25 04:43:10,852][__main__][INFO] - Step 300 | valid1 MSE : 0.4072 | valid1 NMSE : 8861.4409
[2025-09-25 04:45:15,280][__main__][INFO] - Step 400 | valid1 MSE : 0.3544 | valid1 NMSE : 5633.7762
[2025-09-25 04:47:19,766][__main__][INFO] - Step 500 | valid1 MSE : 0.3161 | valid1 NMSE : 3586.6906
[2025-09-25 04:49:23,196][__main__][INFO] - Step 600 | valid1 MSE : 0.2985 | valid1 NMSE : 2614.4540
[2025-09-25 04:51:25,300][__main__][INFO] - Step 700 | valid1 MSE : 0.2948 | valid1 NMSE : 3088.9685
[2025-09-25 04:53:27,683][__main__][INFO] - Step 800 | valid1 MSE : 0.3080 | valid1 NMSE : 4199.5697
[2025-09-25 04:55:29,421][__main__][INFO] - Step 900 | valid1 MSE : 0.3094 | valid1 NMSE : 4778.9772
[2025-09-25 04:57:31,713][__main__][INFO] - Step 1000 | valid1 MSE : 0.3025 | valid1 NMSE : 4218.4467
[2025-09-25 04:59:33,868][__main__][INFO] - Step 1100 | valid1 MSE : 0.3099 | valid1 NMSE : 5210.7239
[2025-09-25 05:01:35,576][__main__][INFO] - Step 1200 | valid1 MSE : 0.2972 | valid1 NMSE : 4639.0188
[2025-09-25 05:01:35,577][__main__][INFO] - Training done in 26.578 min
[2025-09-25 05:01:35,577][__main__][INFO] - Average time per step: 1.329 s
[2025-09-25 05:01:36,286][__main__][INFO] - End of training
[2025-09-25 05:01:36,286][__main__][INFO] - --Eval--
[2025-09-25 05:02:49,856][__main__][INFO] - End of script

[2025-09-25 05:02:57,107][__main__][INFO] - =====Running train script=====
[2025-09-25 05:02:57,444][__main__][INFO] - Fetched main configs, save directory : ../outputs/full/electricity/seed_3/instance_NMSE/
[2025-09-25 05:02:57,444][__main__][INFO] - Model PatchTST, norma instance, criterion NMSE, kwargs {'last': False, 'latent': False}
[2025-09-25 05:02:59,071][__main__][INFO] - Fetched dataloaders
[2025-09-25 05:02:59,071][__main__][INFO] - Splits shapes:
train	((252, 1, 15782), (252, 1, 15782))
valid1	((252, 1, 5261), (252, 1, 5261))
valid2	((64, 1, 15782), (64, 1, 15782))
valid3	((64, 1, 5261), (64, 1, 5261))
test1	((252, 1, 5261), (252, 1, 5261))
test2	((64, 1, 5261), (64, 1, 5261))
[2025-09-25 05:02:59,071][__main__][INFO] - Batches:
 X=[252, 1, 168]
 c=[252, 1, 192]
 y=[252, 1, 24]
[2025-09-25 05:02:59,080][__main__][INFO] - --Training--
[2025-09-25 05:03:01,575][__main__][INFO] - Starting training pytorch with lr=1e-05
[2025-09-25 05:03:01,575][__main__][INFO] - Using device: cuda
[2025-09-25 05:03:01,575][__main__][INFO] - Training 1200 epochs of 1 batches (1200 steps): , eval_freq: 100, print_freq: 100
[2025-09-25 05:05:01,176][__main__][INFO] - Step 1 | valid1 MSE : 0.2198 | valid1 NMSE : 1.3224
[2025-09-25 05:07:04,550][__main__][INFO] - Step 100 | valid1 MSE : 0.0302 | valid1 NMSE : 0.5897
[2025-09-25 05:09:07,650][__main__][INFO] - Step 200 | valid1 MSE : 0.0182 | valid1 NMSE : 0.4848
[2025-09-25 05:11:13,283][__main__][INFO] - Step 300 | valid1 MSE : 0.0157 | valid1 NMSE : 0.4499
[2025-09-25 05:13:17,302][__main__][INFO] - Step 400 | valid1 MSE : 0.0144 | valid1 NMSE : 0.4297
[2025-09-25 05:15:21,521][__main__][INFO] - Step 500 | valid1 MSE : 0.0136 | valid1 NMSE : 0.4165
[2025-09-25 05:17:25,924][__main__][INFO] - Step 600 | valid1 MSE : 0.0130 | valid1 NMSE : 0.4077
[2025-09-25 05:19:30,687][__main__][INFO] - Step 700 | valid1 MSE : 0.0127 | valid1 NMSE : 0.4008
[2025-09-25 05:21:36,624][__main__][INFO] - Step 800 | valid1 MSE : 0.0123 | valid1 NMSE : 0.3955
[2025-09-25 05:23:41,893][__main__][INFO] - Step 900 | valid1 MSE : 0.0121 | valid1 NMSE : 0.3907
[2025-09-25 05:25:47,386][__main__][INFO] - Step 1000 | valid1 MSE : 0.0119 | valid1 NMSE : 0.3869
[2025-09-25 05:27:51,236][__main__][INFO] - Step 1100 | valid1 MSE : 0.0117 | valid1 NMSE : 0.3836
[2025-09-25 05:29:55,029][__main__][INFO] - Step 1200 | valid1 MSE : 0.0117 | valid1 NMSE : 0.3810
[2025-09-25 05:29:55,034][__main__][INFO] - Training done in 26.891 min
[2025-09-25 05:29:55,034][__main__][INFO] - Average time per step: 1.345 s
[2025-09-25 05:29:55,674][__main__][INFO] - End of training
[2025-09-25 05:29:55,674][__main__][INFO] - --Eval--
[2025-09-25 05:31:10,924][__main__][INFO] - End of script

[2025-09-25 05:31:17,813][__main__][INFO] - =====Running train script=====
[2025-09-25 05:31:18,364][__main__][INFO] - Fetched main configs, save directory : ../outputs/full/electricity/seed_3/revin_NMSE/
[2025-09-25 05:31:18,364][__main__][INFO] - Model PatchTST, norma revin, criterion NMSE, kwargs {'latent': False}
[2025-09-25 05:31:19,834][__main__][INFO] - Fetched dataloaders
[2025-09-25 05:31:19,834][__main__][INFO] - Splits shapes:
train	((252, 1, 15782), (252, 1, 15782))
valid1	((252, 1, 5261), (252, 1, 5261))
valid2	((64, 1, 15782), (64, 1, 15782))
valid3	((64, 1, 5261), (64, 1, 5261))
test1	((252, 1, 5261), (252, 1, 5261))
test2	((64, 1, 5261), (64, 1, 5261))
[2025-09-25 05:31:19,834][__main__][INFO] - Batches:
 X=[252, 1, 168]
 c=[252, 1, 192]
 y=[252, 1, 24]
[2025-09-25 05:31:19,841][__main__][INFO] - --Training--
[2025-09-25 05:31:22,240][__main__][INFO] - Starting training pytorch with lr=1e-05
[2025-09-25 05:31:22,240][__main__][INFO] - Using device: cuda
[2025-09-25 05:31:22,240][__main__][INFO] - Training 1200 epochs of 1 batches (1200 steps): , eval_freq: 100, print_freq: 100
[2025-09-25 05:33:22,270][__main__][INFO] - Step 1 | valid1 MSE : 0.2198 | valid1 NMSE : 1.3224
[2025-09-25 05:35:25,717][__main__][INFO] - Step 100 | valid1 MSE : 0.0302 | valid1 NMSE : 0.5898
[2025-09-25 05:37:28,290][__main__][INFO] - Step 200 | valid1 MSE : 0.0182 | valid1 NMSE : 0.4848
[2025-09-25 05:39:30,539][__main__][INFO] - Step 300 | valid1 MSE : 0.0157 | valid1 NMSE : 0.4499
[2025-09-25 05:41:31,997][__main__][INFO] - Step 400 | valid1 MSE : 0.0144 | valid1 NMSE : 0.4297
[2025-09-25 05:43:34,486][__main__][INFO] - Step 500 | valid1 MSE : 0.0136 | valid1 NMSE : 0.4165
[2025-09-25 05:45:38,056][__main__][INFO] - Step 600 | valid1 MSE : 0.0130 | valid1 NMSE : 0.4077
[2025-09-25 05:47:42,580][__main__][INFO] - Step 700 | valid1 MSE : 0.0127 | valid1 NMSE : 0.4008
[2025-09-25 05:49:49,022][__main__][INFO] - Step 800 | valid1 MSE : 0.0123 | valid1 NMSE : 0.3955
[2025-09-25 05:51:55,713][__main__][INFO] - Step 900 | valid1 MSE : 0.0121 | valid1 NMSE : 0.3907
[2025-09-25 05:54:02,399][__main__][INFO] - Step 1000 | valid1 MSE : 0.0119 | valid1 NMSE : 0.3870
[2025-09-25 05:56:09,155][__main__][INFO] - Step 1100 | valid1 MSE : 0.0117 | valid1 NMSE : 0.3837
[2025-09-25 05:58:16,140][__main__][INFO] - Step 1200 | valid1 MSE : 0.0117 | valid1 NMSE : 0.3810
[2025-09-25 05:58:16,141][__main__][INFO] - Training done in 26.898 min
[2025-09-25 05:58:16,142][__main__][INFO] - Average time per step: 1.345 s
[2025-09-25 05:58:16,939][__main__][INFO] - End of training
[2025-09-25 05:58:16,939][__main__][INFO] - --Eval--
[2025-09-25 05:59:32,678][__main__][INFO] - Final modulations: {'beta': np.float32(-0.00067800854), 'alpha': np.float32(1.009306)}
[2025-09-25 05:59:32,679][__main__][INFO] - End of script

[2025-09-25 05:59:40,052][__main__][INFO] - =====Running train script=====
[2025-09-25 05:59:40,427][__main__][INFO] - Fetched main configs, save directory : ../outputs/full/electricity/seed_3/flexrevin_NMSE/
[2025-09-25 05:59:40,427][__main__][INFO] - Model PatchTST, norma flexrevin, criterion NMSE, kwargs {'latent': False, 'start': True}
[2025-09-25 05:59:42,121][__main__][INFO] - Fetched dataloaders
[2025-09-25 05:59:42,121][__main__][INFO] - Splits shapes:
train	((252, 1, 15782), (252, 1, 15782))
valid1	((252, 1, 5261), (252, 1, 5261))
valid2	((64, 1, 15782), (64, 1, 15782))
valid3	((64, 1, 5261), (64, 1, 5261))
test1	((252, 1, 5261), (252, 1, 5261))
test2	((64, 1, 5261), (64, 1, 5261))
[2025-09-25 05:59:42,121][__main__][INFO] - Batches:
 X=[252, 1, 168]
 c=[252, 1, 192]
 y=[252, 1, 24]
[2025-09-25 05:59:42,130][__main__][INFO] - --Training--
[2025-09-25 05:59:44,635][__main__][INFO] - Starting training pytorch with lr=1e-05
[2025-09-25 05:59:44,636][__main__][INFO] - Using device: cuda
[2025-09-25 05:59:44,636][__main__][INFO] - Training 1200 epochs of 1 batches (1200 steps): , eval_freq: 100, print_freq: 100
[2025-09-25 06:01:46,416][__main__][INFO] - Step 1 | valid1 MSE : 0.2198 | valid1 NMSE : 1.3220
[2025-09-25 06:03:50,999][__main__][INFO] - Step 100 | valid1 MSE : 0.0303 | valid1 NMSE : 0.5908
[2025-09-25 06:05:54,399][__main__][INFO] - Step 200 | valid1 MSE : 0.0182 | valid1 NMSE : 0.4844
[2025-09-25 06:07:57,357][__main__][INFO] - Step 300 | valid1 MSE : 0.0157 | valid1 NMSE : 0.4508
[2025-09-25 06:10:00,629][__main__][INFO] - Step 400 | valid1 MSE : 0.0144 | valid1 NMSE : 0.4300
[2025-09-25 06:12:03,898][__main__][INFO] - Step 500 | valid1 MSE : 0.0136 | valid1 NMSE : 0.4163
[2025-09-25 06:14:07,170][__main__][INFO] - Step 600 | valid1 MSE : 0.0130 | valid1 NMSE : 0.4073
[2025-09-25 06:16:11,124][__main__][INFO] - Step 700 | valid1 MSE : 0.0126 | valid1 NMSE : 0.4120
[2025-09-25 06:18:14,294][__main__][INFO] - Step 800 | valid1 MSE : 0.0122 | valid1 NMSE : 0.3951
[2025-09-25 06:20:17,534][__main__][INFO] - Step 900 | valid1 MSE : 0.0120 | valid1 NMSE : 0.3998
[2025-09-25 06:22:21,229][__main__][INFO] - Step 1000 | valid1 MSE : 0.0118 | valid1 NMSE : 0.3870
[2025-09-25 06:24:23,819][__main__][INFO] - Step 1100 | valid1 MSE : 0.0117 | valid1 NMSE : 0.3919
[2025-09-25 06:26:28,501][__main__][INFO] - Step 1200 | valid1 MSE : 0.0116 | valid1 NMSE : 0.3810
[2025-09-25 06:26:28,502][__main__][INFO] - Training done in 26.731 min
[2025-09-25 06:26:28,502][__main__][INFO] - Average time per step: 1.337 s
[2025-09-25 06:26:29,287][__main__][INFO] - End of training
[2025-09-25 06:26:29,287][__main__][INFO] - --Eval--
[2025-09-25 06:27:45,488][__main__][INFO] - Final modulations: {'beta': np.float32(-1.5220812e-06), 'alpha': np.float32(0.99995637)}
[2025-09-25 06:27:45,489][__main__][INFO] - End of script

[2025-09-25 06:27:53,018][__main__][INFO] - =====Running train script=====
[2025-09-25 06:27:53,383][__main__][INFO] - Fetched main configs, save directory : ../outputs/full/electricity/seed_3/min_init/
[2025-09-25 06:27:53,383][__main__][INFO] - Model PatchTST, norma mIN, criterion NMSE, kwargs {'latent': False, 'init_beta': True, 'fixed_beta': False, 'init_alpha': True, 'fixed_alpha': False, 'use_gamma': False, 'inverse_gamma': False}
[2025-09-25 06:27:55,113][__main__][INFO] - Fetched dataloaders
[2025-09-25 06:27:55,114][__main__][INFO] - Splits shapes:
train	((252, 1, 15782), (252, 1, 15782))
valid1	((252, 1, 5261), (252, 1, 5261))
valid2	((64, 1, 15782), (64, 1, 15782))
valid3	((64, 1, 5261), (64, 1, 5261))
test1	((252, 1, 5261), (252, 1, 5261))
test2	((64, 1, 5261), (64, 1, 5261))
[2025-09-25 06:27:55,114][__main__][INFO] - Batches:
 X=[252, 1, 168]
 c=[252, 1, 192]
 y=[252, 1, 24]
[2025-09-25 06:27:55,123][__main__][INFO] - --Training--
[2025-09-25 06:27:57,652][__main__][INFO] - Starting training pytorch with lr=1e-05
[2025-09-25 06:27:57,653][__main__][INFO] - Using device: cuda
[2025-09-25 06:27:57,653][__main__][INFO] - Training 1200 epochs of 1 batches (1200 steps): , eval_freq: 100, print_freq: 100
[2025-09-25 06:29:58,400][__main__][INFO] - Step 1 | valid1 MSE : 0.2185 | valid1 NMSE : 1.3153
[2025-09-25 06:32:02,370][__main__][INFO] - Step 100 | valid1 MSE : 0.0308 | valid1 NMSE : 0.5911
[2025-09-25 06:34:06,002][__main__][INFO] - Step 200 | valid1 MSE : 0.0182 | valid1 NMSE : 0.4845
[2025-09-25 06:36:10,253][__main__][INFO] - Step 300 | valid1 MSE : 0.0157 | valid1 NMSE : 0.4495
[2025-09-25 06:38:15,525][__main__][INFO] - Step 400 | valid1 MSE : 0.0144 | valid1 NMSE : 0.4294
[2025-09-25 06:40:20,334][__main__][INFO] - Step 500 | valid1 MSE : 0.0136 | valid1 NMSE : 0.4163
[2025-09-25 06:42:24,533][__main__][INFO] - Step 600 | valid1 MSE : 0.0130 | valid1 NMSE : 0.4075
[2025-09-25 06:44:25,662][__main__][INFO] - Step 700 | valid1 MSE : 0.0127 | valid1 NMSE : 0.4007
[2025-09-25 06:46:26,545][__main__][INFO] - Step 800 | valid1 MSE : 0.0123 | valid1 NMSE : 0.3954
[2025-09-25 06:48:28,109][__main__][INFO] - Step 900 | valid1 MSE : 0.0121 | valid1 NMSE : 0.3907
[2025-09-25 06:50:29,127][__main__][INFO] - Step 1000 | valid1 MSE : 0.0119 | valid1 NMSE : 0.3870
[2025-09-25 06:52:31,076][__main__][INFO] - Step 1100 | valid1 MSE : 0.0117 | valid1 NMSE : 0.3837
[2025-09-25 06:54:32,320][__main__][INFO] - Step 1200 | valid1 MSE : 0.0117 | valid1 NMSE : 0.3811
[2025-09-25 06:54:32,321][__main__][INFO] - Training done in 26.578 min
[2025-09-25 06:54:32,321][__main__][INFO] - Average time per step: 1.329 s
[2025-09-25 06:54:33,104][__main__][INFO] - End of training
[2025-09-25 06:54:33,104][__main__][INFO] - --Eval--
[2025-09-25 06:55:46,857][__main__][INFO] - Final modulations: {'beta': np.float32(0.0049017705), 'alpha': np.float32(0.9593591)}
[2025-09-25 06:55:46,858][__main__][INFO] - End of script

[2025-09-25 06:55:54,137][__main__][INFO] - =====Running train script=====
[2025-09-25 06:55:54,483][__main__][INFO] - Fetched main configs, save directory : ../outputs/full/electricity/seed_3/min_revin/
[2025-09-25 06:55:54,484][__main__][INFO] - Model PatchTST, norma mIN, criterion NMSE, kwargs {'latent': False, 'init_beta': False, 'fixed_beta': False, 'init_alpha': False, 'fixed_alpha': False, 'use_gamma': True, 'inverse_gamma': True}
[2025-09-25 06:55:56,127][__main__][INFO] - Fetched dataloaders
[2025-09-25 06:55:56,127][__main__][INFO] - Splits shapes:
train	((252, 1, 15782), (252, 1, 15782))
valid1	((252, 1, 5261), (252, 1, 5261))
valid2	((64, 1, 15782), (64, 1, 15782))
valid3	((64, 1, 5261), (64, 1, 5261))
test1	((252, 1, 5261), (252, 1, 5261))
test2	((64, 1, 5261), (64, 1, 5261))
[2025-09-25 06:55:56,127][__main__][INFO] - Batches:
 X=[252, 1, 168]
 c=[252, 1, 192]
 y=[252, 1, 24]
[2025-09-25 06:55:56,136][__main__][INFO] - --Training--
[2025-09-25 06:55:58,590][__main__][INFO] - Starting training pytorch with lr=1e-05
[2025-09-25 06:55:58,590][__main__][INFO] - Using device: cuda
[2025-09-25 06:55:58,590][__main__][INFO] - Training 1200 epochs of 1 batches (1200 steps): , eval_freq: 100, print_freq: 100
[2025-09-25 06:57:58,391][__main__][INFO] - Step 1 | valid1 MSE : 0.2198 | valid1 NMSE : 1.3224
[2025-09-25 07:00:02,076][__main__][INFO] - Step 100 | valid1 MSE : 0.0302 | valid1 NMSE : 0.5898
[2025-09-25 07:02:05,573][__main__][INFO] - Step 200 | valid1 MSE : 0.0182 | valid1 NMSE : 0.4848
[2025-09-25 07:04:09,806][__main__][INFO] - Step 300 | valid1 MSE : 0.0157 | valid1 NMSE : 0.4499
[2025-09-25 07:06:15,588][__main__][INFO] - Step 400 | valid1 MSE : 0.0144 | valid1 NMSE : 0.4297
[2025-09-25 07:08:20,703][__main__][INFO] - Step 500 | valid1 MSE : 0.0136 | valid1 NMSE : 0.4165
[2025-09-25 07:10:25,266][__main__][INFO] - Step 600 | valid1 MSE : 0.0130 | valid1 NMSE : 0.4077
[2025-09-25 07:12:30,562][__main__][INFO] - Step 700 | valid1 MSE : 0.0127 | valid1 NMSE : 0.4008
[2025-09-25 07:14:35,227][__main__][INFO] - Step 800 | valid1 MSE : 0.0123 | valid1 NMSE : 0.3955
[2025-09-25 07:16:41,431][__main__][INFO] - Step 900 | valid1 MSE : 0.0121 | valid1 NMSE : 0.3907
[2025-09-25 07:18:47,691][__main__][INFO] - Step 1000 | valid1 MSE : 0.0119 | valid1 NMSE : 0.3870
[2025-09-25 07:20:52,702][__main__][INFO] - Step 1100 | valid1 MSE : 0.0117 | valid1 NMSE : 0.3837
[2025-09-25 07:22:56,228][__main__][INFO] - Step 1200 | valid1 MSE : 0.0117 | valid1 NMSE : 0.3811
[2025-09-25 07:22:56,228][__main__][INFO] - Training done in 26.961 min
[2025-09-25 07:22:56,228][__main__][INFO] - Average time per step: 1.348 s
[2025-09-25 07:22:57,025][__main__][INFO] - End of training
[2025-09-25 07:22:57,025][__main__][INFO] - --Eval--
[2025-09-25 07:24:12,382][__main__][INFO] - Final modulations: {'beta': np.float32(0.000266529), 'alpha': np.float32(0.99081445)}
[2025-09-25 07:24:12,382][__main__][INFO] - End of script

[2025-09-25 07:24:27,558][__main__][INFO] - =====Running train script=====
[2025-09-25 07:24:27,909][__main__][INFO] - Fetched main configs, save directory : ../outputs/full/electricity/seed_4/og_instance_MSE/
[2025-09-25 07:24:27,910][__main__][INFO] - Model PatchTST, norma instance, criterion MSE, kwargs {'last': False, 'latent': True}
[2025-09-25 07:24:29,576][__main__][INFO] - Fetched dataloaders
[2025-09-25 07:24:29,577][__main__][INFO] - Splits shapes:
train	((252, 1, 15782), (252, 1, 15782))
valid1	((252, 1, 5261), (252, 1, 5261))
valid2	((64, 1, 15782), (64, 1, 15782))
valid3	((64, 1, 5261), (64, 1, 5261))
test1	((252, 1, 5261), (252, 1, 5261))
test2	((64, 1, 5261), (64, 1, 5261))
[2025-09-25 07:24:29,577][__main__][INFO] - Batches:
 X=[252, 1, 168]
 c=[252, 1, 192]
 y=[252, 1, 24]
[2025-09-25 07:24:29,585][__main__][INFO] - --Training--
[2025-09-25 07:24:32,040][__main__][INFO] - Starting training pytorch with lr=1e-05
[2025-09-25 07:24:32,040][__main__][INFO] - Using device: cuda
[2025-09-25 07:24:32,040][__main__][INFO] - Training 1200 epochs of 1 batches (1200 steps): , eval_freq: 100, print_freq: 100
[2025-09-25 07:26:31,421][__main__][INFO] - Step 1 | valid1 MSE : 1.1069 | valid1 NMSE : 510186.3791
[2025-09-25 07:28:33,647][__main__][INFO] - Step 100 | valid1 MSE : 1.0277 | valid1 NMSE : 995212.6186
[2025-09-25 07:30:36,319][__main__][INFO] - Step 200 | valid1 MSE : 1.0093 | valid1 NMSE : 862215.9153
[2025-09-25 07:32:38,958][__main__][INFO] - Step 300 | valid1 MSE : 1.0001 | valid1 NMSE : 756827.6877
[2025-09-25 07:34:41,501][__main__][INFO] - Step 400 | valid1 MSE : 0.9938 | valid1 NMSE : 667718.1603
[2025-09-25 07:36:43,741][__main__][INFO] - Step 500 | valid1 MSE : 0.9892 | valid1 NMSE : 592153.4958
[2025-09-25 07:38:46,497][__main__][INFO] - Step 600 | valid1 MSE : 0.9846 | valid1 NMSE : 525337.4483
[2025-09-25 07:40:48,907][__main__][INFO] - Step 700 | valid1 MSE : 0.9813 | valid1 NMSE : 467220.9267
[2025-09-25 07:42:53,573][__main__][INFO] - Step 800 | valid1 MSE : 0.9783 | valid1 NMSE : 416072.3745
[2025-09-25 07:44:57,654][__main__][INFO] - Step 900 | valid1 MSE : 0.9763 | valid1 NMSE : 369286.0184
[2025-09-25 07:47:01,769][__main__][INFO] - Step 1000 | valid1 MSE : 0.9738 | valid1 NMSE : 330144.5007
[2025-09-25 07:49:05,680][__main__][INFO] - Step 1100 | valid1 MSE : 0.9726 | valid1 NMSE : 294201.7881
[2025-09-25 07:51:08,594][__main__][INFO] - Step 1200 | valid1 MSE : 0.9693 | valid1 NMSE : 262101.8764
[2025-09-25 07:51:08,598][__main__][INFO] - Training done in 26.609 min
[2025-09-25 07:51:08,598][__main__][INFO] - Average time per step: 1.330 s
[2025-09-25 07:51:09,249][__main__][INFO] - End of training
[2025-09-25 07:51:09,249][__main__][INFO] - --Eval--
[2025-09-25 07:52:24,626][__main__][INFO] - End of script

[2025-09-25 07:52:32,127][__main__][INFO] - =====Running train script=====
[2025-09-25 07:52:32,515][__main__][INFO] - Fetched main configs, save directory : ../outputs/full/electricity/seed_4/None_MSE/
[2025-09-25 07:52:32,515][__main__][INFO] - Model PatchTST, norma None, criterion MSE, kwargs {}
[2025-09-25 07:52:34,207][__main__][INFO] - Fetched dataloaders
[2025-09-25 07:52:34,207][__main__][INFO] - Splits shapes:
train	((252, 1, 15782), (252, 1, 15782))
valid1	((252, 1, 5261), (252, 1, 5261))
valid2	((64, 1, 15782), (64, 1, 15782))
valid3	((64, 1, 5261), (64, 1, 5261))
test1	((252, 1, 5261), (252, 1, 5261))
test2	((64, 1, 5261), (64, 1, 5261))
[2025-09-25 07:52:34,207][__main__][INFO] - Batches:
 X=[252, 1, 168]
 c=[252, 1, 192]
 y=[252, 1, 24]
[2025-09-25 07:52:34,216][__main__][INFO] - --Training--
[2025-09-25 07:52:36,726][__main__][INFO] - Starting training pytorch with lr=1e-05
[2025-09-25 07:52:36,727][__main__][INFO] - Using device: cuda
[2025-09-25 07:52:36,727][__main__][INFO] - Training 1200 epochs of 1 batches (1200 steps): , eval_freq: 100, print_freq: 100
[2025-09-25 07:54:38,749][__main__][INFO] - Step 1 | valid1 MSE : 1.0878 | valid1 NMSE : 150220.5940
[2025-09-25 07:56:43,887][__main__][INFO] - Step 100 | valid1 MSE : 0.3477 | valid1 NMSE : 28764.3895
[2025-09-25 07:58:47,043][__main__][INFO] - Step 200 | valid1 MSE : 0.2052 | valid1 NMSE : 11708.6053
[2025-09-25 08:00:48,979][__main__][INFO] - Step 300 | valid1 MSE : 0.1274 | valid1 NMSE : 5481.0648
[2025-09-25 08:02:51,630][__main__][INFO] - Step 400 | valid1 MSE : 0.1006 | valid1 NMSE : 1104.4642
[2025-09-25 08:04:54,980][__main__][INFO] - Step 500 | valid1 MSE : 0.0758 | valid1 NMSE : 2579.2499
[2025-09-25 08:06:57,767][__main__][INFO] - Step 600 | valid1 MSE : 0.0622 | valid1 NMSE : 1957.5767
[2025-09-25 08:09:01,418][__main__][INFO] - Step 700 | valid1 MSE : 0.0570 | valid1 NMSE : 2668.5868
[2025-09-25 08:11:03,861][__main__][INFO] - Step 800 | valid1 MSE : 0.0522 | valid1 NMSE : 3395.4428
[2025-09-25 08:13:06,517][__main__][INFO] - Step 900 | valid1 MSE : 0.0517 | valid1 NMSE : 1445.6808
[2025-09-25 08:15:08,169][__main__][INFO] - Step 1000 | valid1 MSE : 0.0609 | valid1 NMSE : 4184.1713
[2025-09-25 08:17:09,376][__main__][INFO] - Step 1100 | valid1 MSE : 0.0445 | valid1 NMSE : 2701.6122
[2025-09-25 08:19:10,104][__main__][INFO] - Step 1200 | valid1 MSE : 0.0435 | valid1 NMSE : 2826.1944
[2025-09-25 08:19:10,105][__main__][INFO] - Training done in 26.556 min
[2025-09-25 08:19:10,105][__main__][INFO] - Average time per step: 1.328 s
[2025-09-25 08:19:10,769][__main__][INFO] - End of training
[2025-09-25 08:19:10,769][__main__][INFO] - --Eval--
[2025-09-25 08:20:26,935][__main__][INFO] - End of script

[2025-09-25 08:20:34,501][__main__][INFO] - =====Running train script=====
[2025-09-25 08:20:34,845][__main__][INFO] - Fetched main configs, save directory : ../outputs/full/electricity/seed_4/instance_MSE/
[2025-09-25 08:20:34,845][__main__][INFO] - Model PatchTST, norma instance, criterion MSE, kwargs {'last': False, 'latent': False}
[2025-09-25 08:20:36,567][__main__][INFO] - Fetched dataloaders
[2025-09-25 08:20:36,567][__main__][INFO] - Splits shapes:
train	((252, 1, 15782), (252, 1, 15782))
valid1	((252, 1, 5261), (252, 1, 5261))
valid2	((64, 1, 15782), (64, 1, 15782))
valid3	((64, 1, 5261), (64, 1, 5261))
test1	((252, 1, 5261), (252, 1, 5261))
test2	((64, 1, 5261), (64, 1, 5261))
[2025-09-25 08:20:36,567][__main__][INFO] - Batches:
 X=[252, 1, 168]
 c=[252, 1, 192]
 y=[252, 1, 24]
[2025-09-25 08:20:36,575][__main__][INFO] - --Training--
[2025-09-25 08:20:39,074][__main__][INFO] - Starting training pytorch with lr=1e-05
[2025-09-25 08:20:39,075][__main__][INFO] - Using device: cuda
[2025-09-25 08:20:39,075][__main__][INFO] - Training 1200 epochs of 1 batches (1200 steps): , eval_freq: 100, print_freq: 100
[2025-09-25 08:22:41,857][__main__][INFO] - Step 1 | valid1 MSE : 0.2146 | valid1 NMSE : 1.4355
[2025-09-25 08:24:46,650][__main__][INFO] - Step 100 | valid1 MSE : 0.1023 | valid1 NMSE : 1.0341
[2025-09-25 08:26:51,685][__main__][INFO] - Step 200 | valid1 MSE : 0.0522 | valid1 NMSE : 0.8229
[2025-09-25 08:28:56,920][__main__][INFO] - Step 300 | valid1 MSE : 0.0342 | valid1 NMSE : 0.7371
[2025-09-25 08:31:02,410][__main__][INFO] - Step 400 | valid1 MSE : 0.0295 | valid1 NMSE : 0.7056
[2025-09-25 08:33:07,517][__main__][INFO] - Step 500 | valid1 MSE : 0.0264 | valid1 NMSE : 0.6807
[2025-09-25 08:35:14,300][__main__][INFO] - Step 600 | valid1 MSE : 0.0248 | valid1 NMSE : 0.6625
[2025-09-25 08:37:18,300][__main__][INFO] - Step 700 | valid1 MSE : 0.0233 | valid1 NMSE : 0.6442
[2025-09-25 08:39:20,565][__main__][INFO] - Step 800 | valid1 MSE : 0.0223 | valid1 NMSE : 0.6319
[2025-09-25 08:41:22,682][__main__][INFO] - Step 900 | valid1 MSE : 0.0212 | valid1 NMSE : 0.6176
[2025-09-25 08:43:25,393][__main__][INFO] - Step 1000 | valid1 MSE : 0.0205 | valid1 NMSE : 0.6065
[2025-09-25 08:45:28,257][__main__][INFO] - Step 1100 | valid1 MSE : 0.0197 | valid1 NMSE : 0.5941
[2025-09-25 08:47:30,287][__main__][INFO] - Step 1200 | valid1 MSE : 0.0185 | valid1 NMSE : 0.5845
[2025-09-25 08:47:30,288][__main__][INFO] - Training done in 26.854 min
[2025-09-25 08:47:30,288][__main__][INFO] - Average time per step: 1.343 s
[2025-09-25 08:47:30,924][__main__][INFO] - End of training
[2025-09-25 08:47:30,924][__main__][INFO] - --Eval--
[2025-09-25 08:48:45,556][__main__][INFO] - End of script

[2025-09-25 08:48:52,844][__main__][INFO] - =====Running train script=====
[2025-09-25 08:48:53,221][__main__][INFO] - Fetched main configs, save directory : ../outputs/full/electricity/seed_4/revin_MSE/
[2025-09-25 08:48:53,221][__main__][INFO] - Model PatchTST, norma revin, criterion MSE, kwargs {'latent': False}
[2025-09-25 08:48:54,813][__main__][INFO] - Fetched dataloaders
[2025-09-25 08:48:54,814][__main__][INFO] - Splits shapes:
train	((252, 1, 15782), (252, 1, 15782))
valid1	((252, 1, 5261), (252, 1, 5261))
valid2	((64, 1, 15782), (64, 1, 15782))
valid3	((64, 1, 5261), (64, 1, 5261))
test1	((252, 1, 5261), (252, 1, 5261))
test2	((64, 1, 5261), (64, 1, 5261))
[2025-09-25 08:48:54,814][__main__][INFO] - Batches:
 X=[252, 1, 168]
 c=[252, 1, 192]
 y=[252, 1, 24]
[2025-09-25 08:48:54,822][__main__][INFO] - --Training--
[2025-09-25 08:48:57,300][__main__][INFO] - Starting training pytorch with lr=1e-05
[2025-09-25 08:48:57,300][__main__][INFO] - Using device: cuda
[2025-09-25 08:48:57,300][__main__][INFO] - Training 1200 epochs of 1 batches (1200 steps): , eval_freq: 100, print_freq: 100
[2025-09-25 08:50:56,989][__main__][INFO] - Step 1 | valid1 MSE : 0.2146 | valid1 NMSE : 1.4355
[2025-09-25 08:52:59,363][__main__][INFO] - Step 100 | valid1 MSE : 0.1023 | valid1 NMSE : 1.0341
[2025-09-25 08:55:02,381][__main__][INFO] - Step 200 | valid1 MSE : 0.0522 | valid1 NMSE : 0.8229
[2025-09-25 08:57:04,665][__main__][INFO] - Step 300 | valid1 MSE : 0.0342 | valid1 NMSE : 0.7371
[2025-09-25 08:59:08,137][__main__][INFO] - Step 400 | valid1 MSE : 0.0295 | valid1 NMSE : 0.7055
[2025-09-25 09:01:13,928][__main__][INFO] - Step 500 | valid1 MSE : 0.0264 | valid1 NMSE : 0.6806
[2025-09-25 09:03:22,673][__main__][INFO] - Step 600 | valid1 MSE : 0.0248 | valid1 NMSE : 0.6624
[2025-09-25 09:05:30,196][__main__][INFO] - Step 700 | valid1 MSE : 0.0233 | valid1 NMSE : 0.6440
[2025-09-25 09:07:37,013][__main__][INFO] - Step 800 | valid1 MSE : 0.0223 | valid1 NMSE : 0.6317
[2025-09-25 09:09:42,141][__main__][INFO] - Step 900 | valid1 MSE : 0.0212 | valid1 NMSE : 0.6174
[2025-09-25 09:11:46,001][__main__][INFO] - Step 1000 | valid1 MSE : 0.0205 | valid1 NMSE : 0.6062
[2025-09-25 09:13:51,979][__main__][INFO] - Step 1100 | valid1 MSE : 0.0196 | valid1 NMSE : 0.5939
[2025-09-25 09:15:58,240][__main__][INFO] - Step 1200 | valid1 MSE : 0.0185 | valid1 NMSE : 0.5843
[2025-09-25 09:15:58,241][__main__][INFO] - Training done in 27.016 min
[2025-09-25 09:15:58,241][__main__][INFO] - Average time per step: 1.351 s
[2025-09-25 09:15:59,043][__main__][INFO] - End of training
[2025-09-25 09:15:59,044][__main__][INFO] - --Eval--
[2025-09-25 09:17:13,344][__main__][INFO] - Final modulations: {'beta': np.float32(-5.157582e-06), 'alpha': np.float32(1.0047982)}
[2025-09-25 09:17:13,345][__main__][INFO] - End of script

[2025-09-25 09:17:20,737][__main__][INFO] - =====Running train script=====
[2025-09-25 09:17:21,095][__main__][INFO] - Fetched main configs, save directory : ../outputs/full/electricity/seed_4/og_instance_NMSE/
[2025-09-25 09:17:21,095][__main__][INFO] - Model PatchTST, norma instance, criterion NMSE, kwargs {'last': False, 'latent': True}
[2025-09-25 09:17:22,730][__main__][INFO] - Fetched dataloaders
[2025-09-25 09:17:22,730][__main__][INFO] - Splits shapes:
train	((252, 1, 15782), (252, 1, 15782))
valid1	((252, 1, 5261), (252, 1, 5261))
valid2	((64, 1, 15782), (64, 1, 15782))
valid3	((64, 1, 5261), (64, 1, 5261))
test1	((252, 1, 5261), (252, 1, 5261))
test2	((64, 1, 5261), (64, 1, 5261))
[2025-09-25 09:17:22,730][__main__][INFO] - Batches:
 X=[252, 1, 168]
 c=[252, 1, 192]
 y=[252, 1, 24]
[2025-09-25 09:17:22,739][__main__][INFO] - --Training--
[2025-09-25 09:17:25,189][__main__][INFO] - Starting training pytorch with lr=1e-05
[2025-09-25 09:17:25,189][__main__][INFO] - Using device: cuda
[2025-09-25 09:17:25,189][__main__][INFO] - Training 1200 epochs of 1 batches (1200 steps): , eval_freq: 100, print_freq: 100
[2025-09-25 09:19:24,143][__main__][INFO] - Step 1 | valid1 MSE : 1.1098 | valid1 NMSE : 510668.6843
[2025-09-25 09:21:26,226][__main__][INFO] - Step 100 | valid1 MSE : 1.1772 | valid1 NMSE : 1085720.7750
[2025-09-25 09:23:27,939][__main__][INFO] - Step 200 | valid1 MSE : 1.1531 | valid1 NMSE : 1007139.5301
[2025-09-25 09:25:29,756][__main__][INFO] - Step 300 | valid1 MSE : 1.1316 | valid1 NMSE : 932105.6248
[2025-09-25 09:27:32,081][__main__][INFO] - Step 400 | valid1 MSE : 1.1136 | valid1 NMSE : 868707.7231
[2025-09-25 09:29:35,086][__main__][INFO] - Step 500 | valid1 MSE : 1.0976 | valid1 NMSE : 806657.3008
[2025-09-25 09:31:38,894][__main__][INFO] - Step 600 | valid1 MSE : 1.0803 | valid1 NMSE : 742988.8474
[2025-09-25 09:33:41,397][__main__][INFO] - Step 700 | valid1 MSE : 1.0698 | valid1 NMSE : 689424.0530
[2025-09-25 09:35:42,517][__main__][INFO] - Step 800 | valid1 MSE : 1.0585 | valid1 NMSE : 638682.6457
[2025-09-25 09:37:46,059][__main__][INFO] - Step 900 | valid1 MSE : 1.0496 | valid1 NMSE : 599001.0489
[2025-09-25 09:39:50,269][__main__][INFO] - Step 1000 | valid1 MSE : 1.0418 | valid1 NMSE : 562626.2549
[2025-09-25 09:41:57,269][__main__][INFO] - Step 1100 | valid1 MSE : 1.0344 | valid1 NMSE : 527977.0343
[2025-09-25 09:44:01,749][__main__][INFO] - Step 1200 | valid1 MSE : 1.0280 | valid1 NMSE : 491925.7716
[2025-09-25 09:44:01,750][__main__][INFO] - Training done in 26.609 min
[2025-09-25 09:44:01,750][__main__][INFO] - Average time per step: 1.330 s
[2025-09-25 09:44:02,619][__main__][INFO] - End of training
[2025-09-25 09:44:02,619][__main__][INFO] - --Eval--
[2025-09-25 09:45:14,780][__main__][INFO] - End of script

[2025-09-25 09:45:21,686][__main__][INFO] - =====Running train script=====
[2025-09-25 09:45:21,980][__main__][INFO] - Fetched main configs, save directory : ../outputs/full/electricity/seed_4/None_NMSE/
[2025-09-25 09:45:21,980][__main__][INFO] - Model PatchTST, norma None, criterion NMSE, kwargs {}
[2025-09-25 09:45:23,340][__main__][INFO] - Fetched dataloaders
[2025-09-25 09:45:23,340][__main__][INFO] - Splits shapes:
train	((252, 1, 15782), (252, 1, 15782))
valid1	((252, 1, 5261), (252, 1, 5261))
valid2	((64, 1, 15782), (64, 1, 15782))
valid3	((64, 1, 5261), (64, 1, 5261))
test1	((252, 1, 5261), (252, 1, 5261))
test2	((64, 1, 5261), (64, 1, 5261))
[2025-09-25 09:45:23,340][__main__][INFO] - Batches:
 X=[252, 1, 168]
 c=[252, 1, 192]
 y=[252, 1, 24]
[2025-09-25 09:45:23,348][__main__][INFO] - --Training--
[2025-09-25 09:45:25,765][__main__][INFO] - Starting training pytorch with lr=1e-05
[2025-09-25 09:45:25,765][__main__][INFO] - Using device: cuda
[2025-09-25 09:45:25,765][__main__][INFO] - Training 1200 epochs of 1 batches (1200 steps): , eval_freq: 100, print_freq: 100
[2025-09-25 09:47:09,506][__main__][INFO] - Step 1 | valid1 MSE : 1.0859 | valid1 NMSE : 149575.2178
[2025-09-25 09:48:55,699][__main__][INFO] - Step 100 | valid1 MSE : 0.4774 | valid1 NMSE : 30647.9431
[2025-09-25 09:50:41,955][__main__][INFO] - Step 200 | valid1 MSE : 0.3613 | valid1 NMSE : 15023.2503
[2025-09-25 09:52:28,498][__main__][INFO] - Step 300 | valid1 MSE : 0.3054 | valid1 NMSE : 7744.8923
[2025-09-25 09:54:14,597][__main__][INFO] - Step 400 | valid1 MSE : 0.2804 | valid1 NMSE : 1521.5594
[2025-09-25 09:56:00,325][__main__][INFO] - Step 500 | valid1 MSE : 0.2758 | valid1 NMSE : 5060.7415
[2025-09-25 09:57:46,667][__main__][INFO] - Step 600 | valid1 MSE : 0.2670 | valid1 NMSE : 3044.6403
[2025-09-25 09:59:34,117][__main__][INFO] - Step 700 | valid1 MSE : 0.2598 | valid1 NMSE : 3319.7857
[2025-09-25 10:01:21,972][__main__][INFO] - Step 800 | valid1 MSE : 0.2505 | valid1 NMSE : 2371.7286
[2025-09-25 10:03:07,705][__main__][INFO] - Step 900 | valid1 MSE : 0.2514 | valid1 NMSE : 2763.2623
[2025-09-25 10:04:53,224][__main__][INFO] - Step 1000 | valid1 MSE : 0.2614 | valid1 NMSE : 6191.6415
[2025-09-25 10:06:38,565][__main__][INFO] - Step 1100 | valid1 MSE : 0.2473 | valid1 NMSE : 3976.9240
[2025-09-25 10:08:23,919][__main__][INFO] - Step 1200 | valid1 MSE : 0.2325 | valid1 NMSE : 1896.7749
[2025-09-25 10:08:23,920][__main__][INFO] - Training done in 22.969 min
[2025-09-25 10:08:23,920][__main__][INFO] - Average time per step: 1.148 s
[2025-09-25 10:08:24,554][__main__][INFO] - End of training
[2025-09-25 10:08:24,554][__main__][INFO] - --Eval--
[2025-09-25 10:09:28,384][__main__][INFO] - End of script

[2025-09-25 10:09:34,577][__main__][INFO] - =====Running train script=====
[2025-09-25 10:09:34,847][__main__][INFO] - Fetched main configs, save directory : ../outputs/full/electricity/seed_4/instance_NMSE/
[2025-09-25 10:09:34,847][__main__][INFO] - Model PatchTST, norma instance, criterion NMSE, kwargs {'last': False, 'latent': False}
[2025-09-25 10:09:36,169][__main__][INFO] - Fetched dataloaders
[2025-09-25 10:09:36,169][__main__][INFO] - Splits shapes:
train	((252, 1, 15782), (252, 1, 15782))
valid1	((252, 1, 5261), (252, 1, 5261))
valid2	((64, 1, 15782), (64, 1, 15782))
valid3	((64, 1, 5261), (64, 1, 5261))
test1	((252, 1, 5261), (252, 1, 5261))
test2	((64, 1, 5261), (64, 1, 5261))
[2025-09-25 10:09:36,169][__main__][INFO] - Batches:
 X=[252, 1, 168]
 c=[252, 1, 192]
 y=[252, 1, 24]
[2025-09-25 10:09:36,176][__main__][INFO] - --Training--
[2025-09-25 10:09:38,337][__main__][INFO] - Starting training pytorch with lr=1e-05
[2025-09-25 10:09:38,337][__main__][INFO] - Using device: cuda
[2025-09-25 10:09:38,337][__main__][INFO] - Training 1200 epochs of 1 batches (1200 steps): , eval_freq: 100, print_freq: 100
[2025-09-25 10:11:21,798][__main__][INFO] - Step 1 | valid1 MSE : 0.2128 | valid1 NMSE : 1.4276
[2025-09-25 10:13:07,952][__main__][INFO] - Step 100 | valid1 MSE : 0.0298 | valid1 NMSE : 0.6375
[2025-09-25 10:14:54,736][__main__][INFO] - Step 200 | valid1 MSE : 0.0173 | valid1 NMSE : 0.5254
[2025-09-25 10:16:41,554][__main__][INFO] - Step 300 | valid1 MSE : 0.0148 | valid1 NMSE : 0.4904
[2025-09-25 10:18:28,348][__main__][INFO] - Step 400 | valid1 MSE : 0.0136 | valid1 NMSE : 0.4708
[2025-09-25 10:20:15,211][__main__][INFO] - Step 500 | valid1 MSE : 0.0128 | valid1 NMSE : 0.4573
[2025-09-25 10:22:01,979][__main__][INFO] - Step 600 | valid1 MSE : 0.0123 | valid1 NMSE : 0.4477
[2025-09-25 10:23:51,084][__main__][INFO] - Step 700 | valid1 MSE : 0.0119 | valid1 NMSE : 0.4401
[2025-09-25 10:25:41,574][__main__][INFO] - Step 800 | valid1 MSE : 0.0116 | valid1 NMSE : 0.4340
[2025-09-25 10:27:29,079][__main__][INFO] - Step 900 | valid1 MSE : 0.0113 | valid1 NMSE : 0.4292
[2025-09-25 10:29:15,297][__main__][INFO] - Step 1000 | valid1 MSE : 0.0112 | valid1 NMSE : 0.4252
[2025-09-25 10:31:02,670][__main__][INFO] - Step 1100 | valid1 MSE : 0.0110 | valid1 NMSE : 0.4216
[2025-09-25 10:32:50,633][__main__][INFO] - Step 1200 | valid1 MSE : 0.0109 | valid1 NMSE : 0.4188
[2025-09-25 10:32:50,638][__main__][INFO] - Training done in 23.205 min
[2025-09-25 10:32:50,638][__main__][INFO] - Average time per step: 1.160 s
[2025-09-25 10:32:51,240][__main__][INFO] - End of training
[2025-09-25 10:32:51,240][__main__][INFO] - --Eval--
[2025-09-25 10:33:57,083][__main__][INFO] - End of script

[2025-09-25 10:34:03,757][__main__][INFO] - =====Running train script=====
[2025-09-25 10:34:04,052][__main__][INFO] - Fetched main configs, save directory : ../outputs/full/electricity/seed_4/revin_NMSE/
[2025-09-25 10:34:04,052][__main__][INFO] - Model PatchTST, norma revin, criterion NMSE, kwargs {'latent': False}
[2025-09-25 10:34:05,417][__main__][INFO] - Fetched dataloaders
[2025-09-25 10:34:05,417][__main__][INFO] - Splits shapes:
train	((252, 1, 15782), (252, 1, 15782))
valid1	((252, 1, 5261), (252, 1, 5261))
valid2	((64, 1, 15782), (64, 1, 15782))
valid3	((64, 1, 5261), (64, 1, 5261))
test1	((252, 1, 5261), (252, 1, 5261))
test2	((64, 1, 5261), (64, 1, 5261))
[2025-09-25 10:34:05,417][__main__][INFO] - Batches:
 X=[252, 1, 168]
 c=[252, 1, 192]
 y=[252, 1, 24]
[2025-09-25 10:34:05,425][__main__][INFO] - --Training--
[2025-09-25 10:34:07,802][__main__][INFO] - Starting training pytorch with lr=1e-05
[2025-09-25 10:34:07,802][__main__][INFO] - Using device: cuda
[2025-09-25 10:34:07,802][__main__][INFO] - Training 1200 epochs of 1 batches (1200 steps): , eval_freq: 100, print_freq: 100
[2025-09-25 10:35:53,604][__main__][INFO] - Step 1 | valid1 MSE : 0.2128 | valid1 NMSE : 1.4276
[2025-09-25 10:37:42,818][__main__][INFO] - Step 100 | valid1 MSE : 0.0298 | valid1 NMSE : 0.6376
[2025-09-25 10:39:31,390][__main__][INFO] - Step 200 | valid1 MSE : 0.0173 | valid1 NMSE : 0.5254
[2025-09-25 10:41:18,505][__main__][INFO] - Step 300 | valid1 MSE : 0.0148 | valid1 NMSE : 0.4904
[2025-09-25 10:43:04,981][__main__][INFO] - Step 400 | valid1 MSE : 0.0136 | valid1 NMSE : 0.4708
[2025-09-25 10:44:51,243][__main__][INFO] - Step 500 | valid1 MSE : 0.0128 | valid1 NMSE : 0.4573
[2025-09-25 10:46:38,025][__main__][INFO] - Step 600 | valid1 MSE : 0.0123 | valid1 NMSE : 0.4477
[2025-09-25 10:48:26,180][__main__][INFO] - Step 700 | valid1 MSE : 0.0119 | valid1 NMSE : 0.4401
[2025-09-25 10:50:16,020][__main__][INFO] - Step 800 | valid1 MSE : 0.0116 | valid1 NMSE : 0.4340
[2025-09-25 10:52:06,904][__main__][INFO] - Step 900 | valid1 MSE : 0.0113 | valid1 NMSE : 0.4292
[2025-09-25 10:53:54,004][__main__][INFO] - Step 1000 | valid1 MSE : 0.0112 | valid1 NMSE : 0.4252
[2025-09-25 10:55:41,394][__main__][INFO] - Step 1100 | valid1 MSE : 0.0110 | valid1 NMSE : 0.4217
[2025-09-25 10:57:33,309][__main__][INFO] - Step 1200 | valid1 MSE : 0.0109 | valid1 NMSE : 0.4188
[2025-09-25 10:57:33,309][__main__][INFO] - Training done in 23.425 min
[2025-09-25 10:57:33,309][__main__][INFO] - Average time per step: 1.171 s
[2025-09-25 10:57:34,042][__main__][INFO] - End of training
[2025-09-25 10:57:34,042][__main__][INFO] - --Eval--
